"","Comp1","Comp2","Comp3","Comp4","Comp5","Comp6","Comp7","Comp8","Comp9","Comp10","Comp11","Comp12","Comp13","Comp14","Comp15","Comp16","Comp17","Comp18","Comp19","Comp20","Comp21","Comp22","Comp23","Comp24","Comp25","Comp26","Comp27","Comp28","Comp29","Comp30"
"ANSP_206718",-0.272910533793927,-0.0923898032822145,0.0242300008981945,-0.0164927172731406,-0.0128599383674481,-0.0366383447028805,-0.0281118301965919,0.0437802858780612,-0.071792736678562,0.0229461392889986,-0.0432231328479101,0.00670160127562969,0.0172061748537248,-0.0104160317379236,0.00499590054807591,0.0317316243376477,-0.00100241924421325,-0.00236084343529114,-0.0113152389326912,-0.0160908637982177,-0.0136451414995409,-0.011448647638042,0.000264259737987607,0.00411720202026725,0.00820899751790769,0.00666506901226274,0.00769503182541066,-0.00811471541896717,-0.00768388594198817,0.000531686356854901
"MCP_28037",-0.185051710028555,-0.0745451887905043,-0.0338858749955261,0.0089457026872655,-0.0439357975505991,-0.0436222022263629,-0.00304751757444596,0.00323813838132397,-0.0498705791888255,-0.0403299104489175,0.0736893665001386,-0.00634066277928017,-0.0268312062600582,0.00537853493069591,-0.0304484750579936,0.0464558294520498,-0.00669084835363208,0.0107598024308757,-0.00341090719069137,0.00278227815331177,-0.00105892934669237,0.00433256998435679,-0.00774914251950925,-0.00622279564118454,0.0170912021427319,-0.00367809974748674,0.00379896448806878,-0.00614310955497414,0.0118883159525699,-0.00112018682884149
"MCZ_7726",-0.131889391141912,-0.0236850276909758,-0.169246267822125,0.0971549190841706,-0.0608983344438469,-0.0284833961225406,-0.00180968289470222,-0.028205005680027,-0.0333171736023053,-0.0172000250547074,0.03351545410379,-0.0191868756055799,-0.0241134343488951,-0.0198886639181345,-0.0232937006772638,0.0119044019087486,-0.033751866866691,-0.0299508938992935,0.0137437148774617,-0.0319079027113728,0.00728622628277032,0.023107789009149,-0.00346560169704433,-0.033940358724056,0.00136351475079225,0.000553237028652579,-0.00810544489623606,-0.0071980869090059,-0.00659536224878264,-0.00130752681181549
"MCP_19780",-0.149354758675731,-0.0159117030150111,-0.0446515284619313,-0.0470034205969609,0.0170687050571157,-0.0328320632540131,-0.0226855597405196,0.0371395308748567,-0.0752650113834804,0.0358876713978633,0.0351132093882539,-0.0140717435524605,0.0234802508735026,0.0273711527098357,-0.0227123759458443,0.032587434336563,-0.00400172774167516,-0.0156854892590395,-0.0262326848201438,-0.00801086642811365,-0.00141424504748159,0.0182438547465525,0.00761974171576523,0.00378318491091175,-0.00898354150571197,-0.00212869909196801,0.0095155646892809,-0.0112471724440272,0.000897689547286839,-0.00812168753718779
"MCP_38780",-0.213010688947684,-0.062327378108885,-0.0428158650684814,-0.0443385354625157,-0.0106546958129246,-0.0274896492520955,-0.0235573614466256,0.0307969798999096,-0.071159006473782,0.00817359584717329,-0.00853490488825908,0.0017907249937643,-0.0184300481350758,0.00671932401437665,0.0109894541743411,0.0145362331252363,-0.0124751440154353,-0.00830938418810252,-0.00254796424928989,-0.00429601668379521,-0.0166002047609387,0.00865139146128621,0.0062484507319385,0.0101654891000172,0.0184855911372751,-0.00221277471015672,-0.00074712016387522,-0.0180649756848671,-0.0081037995331337,0.00970961638531085
"MCP_39539",-0.196172023429524,-0.060789865431086,0.00284878985720552,-0.0193663710559026,0.00717491713600946,-0.042259677706385,-0.0207573639122195,0.0206962381541971,-0.0879167729102269,0.0295978609067178,0.0381389065608754,0.0188751334463831,-0.0156788267645307,0.0397070610929568,-0.025456047046727,0.0172172621571087,-0.0199297936143127,-0.0228510914213171,-0.0150613913353374,-0.0271611819844351,-0.0207857908637384,0.0220362112938627,0.0168674627357047,-0.0180708100053381,0.0144152529785113,0.0127255568452406,-0.00631640139681264,0.0085025125723494,0.00356259644086604,0.00127352136683411
"AMNH_240826",-0.0548190432963172,0.225995730129386,-0.0601127969135645,0.199865861011621,-0.0308110280818534,0.0165996639558109,0.0191924918329135,0.108219096531466,0.0552604318483325,-0.0500112588465995,0.0331084470703189,0.0569017157486606,0.0796452517553126,0.00927755382643183,-0.0682944854253081,-0.0252500438905441,0.00947032481295734,-0.0115290003186755,-0.00140433765163103,0.0217677647621212,0.0206172054283947,0.0102467217624182,0.000222046377028251,0.0113888935967221,-0.0029947001828392,0.00171086930302944,-0.00587702692748798,-0.00604770865653271,-0.00868114243725644,-0.0134578417153424
"AMNH_240827",-0.0280690084010072,0.17659343610317,-0.124101201442771,0.184090425308732,-0.0299308566559887,0.0445149328718023,0.0169706535150756,0.0103157881298943,0.0748721667424466,-0.0254547748144896,-0.0464875077909106,-0.0151156283737236,-0.022816510109204,0.00617408607039349,-0.0516373669715404,0.0555922493908819,0.0312351301617839,0.0331509687255434,-0.0084297726075473,0.0300804425899031,-0.0218282464661283,-0.0217738519800617,0.00920713833143241,-0.0443651346961337,0.0168575446690052,-0.00728178508584166,0.0113323556835657,0.00855695772354714,-0.000121082122007724,0.0141539673170147
"MCZ_88581",-0.0615721755956486,0.113441388015458,-0.155900766002063,0.108356917720417,-0.0778616463046059,0.0394967331926977,0.119088215892277,0.141430024281239,0.0739780425055091,-0.0347943086569574,-0.0073818595687302,0.0478061236633957,0.0691047143300587,0.0703647930538892,-0.0150866400105865,0.0359102148417782,-0.0557801755256945,0.0144606629764053,-0.00847305138062952,0.0275318258576169,-0.0129190228948115,0.000735929236145409,0.00412557000545317,-0.0177702777508959,0.0124307408984699,-0.00726990087444389,-0.00710562998733188,-0.00575497865622189,0.0121022211643586,-0.00580743667091658
"AMNH_261334",0.00528570580466315,0.129680397523608,0.0737182669351383,0.0345338035159213,-0.0136413651837813,-0.0020169469729861,0.00528629287280051,-0.0144754220577432,0.0156801542994305,-0.0185215163506321,0.0133900863121397,-0.0115233753451448,0.0141469100290367,0.00568217591150599,0.00808248182543093,0.0173264665296618,-0.00779033786826646,0.0280673671634332,0.0126829465514661,-0.0163819625481908,0.0222786250527476,0.00747255334796528,-0.0106516149274857,0.00523018767997312,-0.00225928688096566,-0.00344379516041027,-0.00184127158931902,0.00109146132180527,-0.000286997288424938,0.00370953518763146
"MCP_55008",-0.0309165567289494,0.0345988194781588,-0.0650284551139447,-0.0578012181932513,0.0186475350391763,0.0403076383244421,0.0244696994795008,-0.0264053273364624,0.0513862160139242,-0.041906559800477,0.0308634474332778,-0.0242308193179198,-0.0233020399136426,-0.0208250538832263,-0.0195058619605453,0.0132442698136516,-0.000765369188819763,0.0201971476152981,0.00945733238662432,0.0086619626844764,0.00221003342083545,0.00811135023196136,-0.00103851398115099,-0.00175365712701759,0.000737406964436983,0.00537195778500229,-0.0060645938412246,-0.00276497611952878,0.00201352962642087,-0.00663080131824889
"AMNH_255205",-0.0485194667339766,0.158019986080831,-0.0188897286850007,0.0609687463897651,-0.00405576176391049,0.0197220696116953,-0.0509929245257927,-0.00464026122241541,0.0241974123143263,0.0028963394693486,0.0111614808926449,-0.0456482668056317,-0.0185608898791209,0.00372470848593307,0.00521020808258409,0.00554572631623336,-0.00663559480474556,0.016773183278627,0.0079228101558045,-0.00715565172783419,6.24978615140405e-05,0.000486606579538388,-0.00786452026304562,-0.0031780481979133,-0.00225063362503278,-0.00822861744170511,0.00358805449257677,0.00341449029919035,-0.00309461261848437,-0.00107297839002912
"ANSP_168961",-0.0357062689033589,0.150314268892523,0.024630246306114,0.0332130944108603,-0.000700302399642516,0.033790615093732,-0.0117870902746604,-0.0130785235931285,0.0114260032804015,0.00276694793746095,0.0123024223109688,-0.0260853338988185,-0.000276024998950523,-0.0110784189494734,-0.000545220075188688,-0.0065173196929691,0.0219322088667926,-0.0273993783104506,5.46798818212425e-05,0.00575099946840663,-0.00144718626002839,0.00251611170116184,-0.00727918689920576,0.00241599122199905,0.0130277312200162,-0.00827942875891191,0.00902720478652336,-0.00469963426470475,-0.00405269625198985,-0.0064141642409845
"AMNH_238571",-0.0328600221209236,0.123888795916522,0.0863807091030901,0.0914312740831463,0.0722791199371294,0.0286450750364867,-0.0350022370390274,-0.0118713324481748,-0.0193493787853645,-0.0196024705957539,0.0308845059630884,-0.04221556862615,0.0736271355088671,-0.0439220824381322,-0.0131147565705279,-0.0322396222395128,0.0182546713848165,-0.00164381607797144,0.0262492955044366,-0.00934189933593758,-0.00195763367874682,0.00422597921215418,0.00182635165678304,-0.00307098694926964,-0.00569893632297217,-0.00421070621828106,0.00365356292186167,0.000982700101594954,-0.00037809761542918,-0.00631382048664811
"AMNH_238573",-0.0498126869339685,0.0929542206352751,0.0818919106215848,0.113025646639293,0.0415416996006496,-0.0373741756605381,-0.0398396784036065,-0.0222682527619868,-0.0613623837272161,-0.0156529450164984,0.0503807594339438,-0.0192057738144471,0.011949204821267,0.00783253523750952,0.0036296701407532,-0.032789042950293,0.0132305561344746,-0.0143811134466094,0.011272435084326,0.0343615872475036,-0.00896600808813669,-0.0127802082307446,0.00655565591803937,-0.00266527346129869,-0.00889942977330176,-0.0100906438839631,0.00166269492200682,0.0055362709910796,-0.00325141052253671,-0.00903402230176067
"ANSP_168965",0.00571689999355025,0.134278347398684,-0.100986343873543,-0.0309883808314688,-0.0518890365792483,0.0514141760903504,0.0200658181189945,-0.00565579468065819,0.0101898695716747,0.00620322867056952,0.00956409658277059,-0.00538322008508138,-0.00185538123615494,-0.0709534149598379,0.00207020210887104,0.0165958631532843,0.0157622658145171,0.00796730669260225,0.0117656805568713,0.0116829519254779,-0.00484984262475357,0.0149711714032976,0.00580801039489139,0.00902927085396506,-0.00470613347123845,0.00985895191199348,0.00813070637504229,0.0012540430700753,0.00853428520075026,0.00158727640101165
"ANSP_174078",-0.10553343503686,0.0905032788969474,0.117502667721909,0.0813316866171424,0.0705896428697442,-0.0146988356989652,0.0201270591530195,-0.0171683877350287,0.0109474430983888,-0.0443758985751419,0.0668806790676713,0.0125252383556868,0.0109498608675106,0.00634960136948371,-0.00643413111044682,-0.0208934482883255,0.017909727935879,-0.0279440528208392,-0.0132640365489546,0.00791740881505451,0.00566211803175591,0.0135518517285852,-0.00795949605730053,-0.00109153076123215,0.0017130227199291,-0.00108056470281662,-0.0013395345595335,-0.00186065920188171,0.00578818594837949,-0.00352872216002954
"ANSP_187156",-0.0428658613887952,0.113557685500913,-0.0163357079375479,0.0454594753630146,0.00457153739426934,0.00998062225810403,-0.00932311221003143,-0.0393929670114909,-0.0164476346530456,-0.0257940924490343,-0.0326571108761125,-0.0263238641998455,-0.0469605913512948,0.0178070075141205,0.0105331129328043,0.0192231451821658,0.000367544964304543,0.0251617164901144,0.00144873899793424,-0.00151110294396659,-0.000267041698758381,0.0103334128488905,0.00379833652371286,0.00284297643864932,-0.00639845848415022,-0.00190674397019295,-0.00474591152116347,0.00543613527087591,-0.00157687382527257,0.00132417400820887
"ANSP_198032",-0.130135726579739,0.01610636796312,0.131472342532852,0.0803058339621569,0.0378187628690684,-0.0548602648958223,-0.037424585358986,-0.0280178221022723,-0.025039146455042,-0.020977008115202,0.023296077774271,-0.0183706379718156,0.0241957407535032,-0.00360828795541583,-0.0125310723683637,-0.00410471186482867,-0.00284829819560428,-0.0138193864302482,0.00869911200182488,0.0168520133286256,0.0132439639856313,0.00443269577578877,-0.00307350440398885,-0.000297983739800966,0.00653542814759064,-0.00836698768857365,0.00250557772531502,-0.00819686472008564,-0.00333646132301952,0.00638209003127665
"ANSP_187011",0.0314801627874297,0.172747726203604,0.0475547423466065,0.0143705945583229,-0.0315823193334301,0.0109765310033824,-0.00999115301070043,-0.00924957035360238,0.00460613932852355,0.0267049346611226,0.00375989595007732,0.00890928848158924,-0.0370826923567599,-0.0257797239183792,-0.0138548210787686,0.0170709914122073,0.0112398434522679,-0.0123364821880912,0.00760289310787811,-0.00354788285737821,-0.0019450102740505,0.00194063263739226,-0.0246133239077652,-0.00931985693205633,0.00238529202359642,0.00396388803073952,0.00569439425799018,-0.0160445466544014,0.0166095459758042,0.00335588307186562
"ANSP_198923",0.0762816289740247,0.120406594363197,-0.0383437739080257,-0.0264360592424454,-0.0654331111834171,0.111158609775106,0.0429453897924866,0.0406732203169073,0.0216802211764394,-0.0529708302739822,-0.00278553699058278,0.0203620101957581,-0.00424360484068013,0.00599107624896403,0.00768367871600433,0.00661604717246422,-0.00891040763841672,0.0194523047173886,0.0137916978191382,0.0137859466095206,0.00836628259927264,0.00162662893465382,-0.00600598487769155,-0.00776488498145266,0.0050206315831081,-0.00572132558838507,-0.00679442763994787,0.0123047445340788,-0.00399096339056155,0.0168961943894098
"FMNH_92883",0.0764202710935508,0.165107567315751,0.0905045598239709,0.0589216348337982,0.0114401799777632,0.0050062141907302,-0.017129445634086,-0.00527167589573207,0.002533447932163,-0.00828387437884802,-0.0167308434021733,0.0163167566024665,-0.0142630967096253,-0.017385942006829,-0.0181342086108322,-0.0150769560887926,0.0123726024404132,-0.044151243165181,0.00346653735108668,0.0243485163162754,-0.0146418064901302,0.00599988965960615,-0.0169657677148827,0.0153703518720386,0.00517446470994697,-0.00446129331478693,-0.013819209266395,0.00381936902398798,0.0050915994873931,0.0109811299464657
"MCP_12557",-0.189775624391802,0.088616802159742,0.0566447854274881,0.131850470146305,0.0176740351289941,-0.0498154943130044,-0.0117776337388379,-0.0110650183767251,-0.00835134640403717,-0.0239545569120111,0.0423050922898529,-0.0264040074268221,0.0553629530265155,-0.0326290375917165,-0.0103374281640706,-0.0100761446175658,0.0121102321269855,0.0343199422606706,0.0108416052215688,-0.00892554899455989,-0.0078433256970129,0.00331083199021734,0.00243830045957368,0.00356282142956557,0.0160907391593269,0.0168335689984529,0.0036682818646307,-0.00280068282522135,-0.00317383196333814,-0.00856564186871386
"MCP_42436",-0.161274317617857,0.0380703054238117,0.160461017258307,0.113080234352646,0.0568439240951021,-0.0990056200465358,-0.00556008429740541,0.0165483585792473,-0.0199952701367821,-0.0141715983824337,0.0531030692874759,0.010181152668454,0.0450234653965689,-0.0348330743398031,-0.00978872804898739,0.00270707568128315,0.0242599060061618,-0.0102103496314033,0.0173341638560745,0.0313627728509697,-0.0212322888043045,0.0059223619218715,0.0137467798050973,-0.00838131018385652,-0.00473873485176553,0.00556124859541036,-0.00618207504496795,-0.00172250209066943,0.00844591645767116,0.000289224063164492
"USNM_300465",-0.0393145098991484,0.163999930905279,0.0469294311968307,0.0528174998681041,0.0149594737686669,-0.000281129589371866,0.0549659433824191,-0.0224586396787296,-0.0226080555922176,0.0188906260430695,-0.0100968186717406,-0.00914540507433996,0.00370228948424466,-0.00100266022513304,0.0127069080962769,0.0292769836806342,-0.00427437450261956,0.0197533382752802,-0.0248115082835276,-0.0229114578454043,-0.00324195273935242,-0.0142604051969123,-0.0366934404787905,-0.0115176776535226,-0.0148440645348005,-0.00971609098505153,-0.00736994257758337,0.00250527408948225,0.0132904105441546,-0.00527164587548289
"LBP_2652",-0.111260857803112,0.124879144297248,0.163360528857528,0.0750459877882611,0.0305763410275339,-0.0220998986156432,-0.0619328880622666,0.0200681872532569,0.00114006825834138,0.00440108289757563,0.0175985237655623,0.0129316146822225,0.0413732456826224,-0.0151209769643311,-0.00133050874012671,-0.0347032675171033,0.0244456250122313,-0.0332084578160806,-0.00198686795655413,-0.00559481968765291,0.009287469193882,0.0103815398267805,0.0026322887384334,0.00138876969608251,0.00380149499768685,-0.0227874555279261,0.00265808806663061,-0.00538814812424432,0.002374667768349,0.00217030589498159
"MCP_43883",-0.0756892008195615,0.0886656353287914,0.147788225367365,0.0324628501112689,0.0793497429748368,-0.0125398380944189,-0.0139662734685099,-0.0313946660950225,0.0175051180600057,-0.0133950854784024,0.0373592861444259,-0.00593600833618824,-0.0222412145519832,-0.00412551181449295,-0.00764612948045159,-0.0141529464402757,-0.00817882370371351,0.0157874434909634,-0.0145809516594903,-0.00611234186080492,0.00307088798425525,0.00077656232366796,-0.00723103233260853,0.00270479121816616,0.016676252727197,-0.00390000597747372,0.00610960573084623,0.00192774775706952,-0.00714229040239839,0.00584488321478445
"MCP_35888",-0.000111916590735581,0.202146655201037,0.0908057679891508,0.0598111779079161,0.0206549732588159,0.043950916487439,0.0406242134763949,0.0700337992205129,-0.00244628159636777,-0.0377900442788468,-0.0528182146318761,0.0785734477176939,0.00220284585934988,0.00389032792305272,0.0535777794292053,0.00851398894067565,-0.0538909755918268,-0.000616773951344044,0.0280725662288615,-0.0253663791039059,-0.0133420097323778,0.00286921393231927,0.0377755630586084,-0.0176208891603271,0.00487637259737097,-0.00334417849527695,0.00331220586481239,-0.00577421069973522,-0.00954768412649738,-0.00846898875191823
"MCP_51458",-0.0194839367537712,0.237747345837238,0.0512440306031722,0.0393224064235159,0.0358008767742991,0.0706521043296868,-0.0386873713046214,0.0295520118281036,0.0173225720698655,0.0214692733306954,0.000265068994609216,-0.000168711557095381,0.00317625351832215,-0.02970553316238,0.00750569076194376,-0.029105601309557,0.00205529510394171,0.0300266114943482,-0.0150002049487898,0.00139413022253974,-0.00570171587067882,0.0113960843531398,0.00862560574124148,-0.0118282493111336,-0.00675468848284592,0.0145843948479028,-0.000930649357926763,0.00848714529979649,0.00212242927568365,0.00872605547952728
"AMNH_251432",0.011622715691728,0.187238774393882,-0.00679975509958091,0.0942733985005152,-0.0110301016243885,-0.0079030461831254,-0.0255899968283635,-0.024496865267351,0.0281253558744419,0.0232776878786879,-0.0114414946235605,-0.018423958742001,0.00365383638786843,-0.0194513717909811,0.00093346784183878,0.00180849655442633,-0.020691513799527,-0.00176475702187852,0.00188733433029548,0.000900421581851885,-0.0174919106692197,0.0104860629731611,0.0065346527905958,0.0082619150327909,-0.00283040712666219,-0.0150265270267808,0.00288965726142756,0.00252176058735293,-0.00304670221037838,0.00583770321168605
"ANSP_174117",0.0567361781559535,0.146115202870366,0.0296901170984327,0.0386080854641108,-0.0827452712971613,-0.057550948180228,-0.0477380300589929,0.0331617997592585,0.0365252627406481,0.05528674073485,0.0318878172684467,-0.0229551556330246,-0.00416602569342872,-0.0146627665971517,-0.00624361499936406,0.00150898226123621,-0.0378144565100009,0.0171698940408543,0.0239785442308539,0.00488098261687603,-0.01489779170854,0.00127605596301321,0.0121414568273118,0.00675201601005819,-0.00570391338134793,0.00405730511346755,0.00598058712022403,-0.00822319217794196,0.00637202537923196,0.0064261095029956
"AUM_67015",-0.208663674161143,-0.0210505160553709,0.118820634665421,0.0349017327582179,0.0493793567852773,0.0170028919761196,-0.00411077504579172,-0.0301100614918769,0.0161799764863688,-0.0485293430653011,-0.0447810285045083,0.00222040709664744,0.0419922460802865,-0.0117927834617805,-0.0119004065508075,-0.0243782236746296,-0.0186290252122017,-0.0126833322858929,-0.0146179419213727,-0.00184565621019554,-0.00768514176546332,0.0073769586462346,-0.0134944803711017,0.0058622913233332,-0.00376704175238086,0.00395910070383633,-0.011961317040655,0.00256710785185477,0.00655784020764405,0.00407006496018093
"AMNH_251658",-0.159419561875957,0.0519038734896603,0.123100424272149,0.0618038483061138,0.0685712017572942,-0.0179848480652251,-0.0528239703901588,-0.0206630716224755,-0.00390526696838372,-0.00200501663361408,-0.039678026827417,-0.039747667810041,-0.0180158431244095,0.00386523382777881,-0.0402471492284602,0.00940067701738868,-0.00946156112724091,0.023640167873083,-0.0119539144774766,-0.0167147920951867,-0.00636176434707904,-0.000125918625650065,-0.00728955034394603,-0.0161086294228037,0.0111721107342739,-0.00272158161643681,0.00136576331128994,-0.0123533655806047,-0.00400618216355917,-1.61790905614875e-05
"ANSP_133767",-0.0210706803469456,0.177037829215527,0.0644122440791653,0.0769738909819594,-0.0234699507850635,-0.005508632980302,-0.00515928456642947,0.0110919659030245,-0.0277903457919718,0.0301175476742434,-0.0265607784101807,-0.0235744993994401,-0.0142723205818445,0.0201318575266075,0.00413995108619643,0.00759324823772431,-0.0114796858427626,0.00545853909798064,-0.00574207169341446,-0.00731496528193525,-0.0131168527649824,-0.0127278590858315,0.00605484544744095,-0.00155981400555881,0.000254083694095272,0.0083226880368743,-0.00469743167559201,0.0102722343169166,-0.00432473296336994,0.000845281575264452
"MCP_51463_1",0.0805407223157011,0.151513561884789,-0.0868586061781646,-0.0289370197862031,-0.00478061840925788,0.0932941236148875,-0.00233531782889928,0.0399072564897975,-0.0247667722226383,-0.0231745822836398,0.0208170466061346,0.036721204465102,-0.0704052809463291,-0.0129390447660169,0.000982389640535302,-0.0227700849855345,0.000670643823264007,-0.0113925202981479,0.00391112736329894,0.0013128697003142,-0.0109003148532074,0.0161472928078089,0.00836565269525709,0.000832931447747641,0.00403508054729672,-0.00709499887250059,0.00883325854940449,-0.00649514291704885,-0.000605171982614575,0.00148754544199612
"ANSP_174122",0.0780724561597626,0.104202912725972,0.107451848145548,0.126162070904897,0.0736363205549351,0.0238856698150323,0.0258061628431172,-0.0324403833621078,-0.0241469720202179,-0.0247904811258713,0.0279471153402192,0.00384017123617402,-0.00190586044533636,0.0252108109829132,0.0459539904896018,0.0276840589475488,0.012844668669439,0.00878471223073789,0.0251098051921799,0.00479292607081304,-0.0164337166110481,-0.0160949331362004,-0.00677404722380371,0.00988818176095531,-0.00478475032026304,-0.00161532852071716,0.00249298450974989,-0.000834440918724032,0.00707590076742871,0.00730262481541712
"ANSP_174123",0.053453186027495,0.0759490211430882,0.0200643126951717,0.0706026784646957,0.125708508394522,0.0543814383698636,0.055981258960149,-0.0478039398844164,-0.0376846703561363,-0.0158279534188148,0.0515686859751268,-0.0341884211273857,-0.0159327159316637,0.00455027464792773,0.000588707797645082,0.0515669265403249,-0.0180630311135521,0.0420461693373045,-0.00215038148227661,-0.021559188076219,0.0045583545317089,-0.0103757291121728,0.00219261252498444,0.00952533255233085,-0.00666735956991232,0.0069709297387939,0.000454606835123452,-0.00677182841710478,-0.000399876787952899,-0.00445318494698566
"AMNH_74453",-0.0428678746533075,0.146962361149727,0.0568967589592815,0.104674434257432,-0.0304566922215916,0.0329943804971471,0.0233991699472652,-0.0100096256173262,0.0191117656570961,-0.0142995158434081,-0.000702641087216911,-0.0232177587950728,0.0454217119477773,0.033863698754011,0.024129222850938,-0.0610142018102281,0.0232957502953852,0.00232007370755038,-0.0141802762257047,0.00281506686900206,0.00193128894232599,0.00684728872996015,-0.00219814001729976,-0.0189897017554995,0.0155279759950171,0.00448868009723151,-0.0154327439507383,0.00284591223674773,-0.011455379424948,-0.00067391001503884
"ANSP_174732",0.0622913518758894,0.176250505590054,-0.00906278236140087,0.0372861750661409,-0.035356974250239,-0.0142168113991967,-0.0711006315532633,0.0207283125239213,0.00109787977106383,-0.00125106417632011,-0.0294852308655854,0.0111257131444337,-0.0559378858024513,0.0287728568253794,0.0204092018147156,-0.0231781832089664,0.0129250305078844,0.0246625605644675,-0.011776402018421,-0.00485611929975837,-0.01131386985157,0.0277395737230614,0.0113011144260879,-0.0018390419912069,0.00103362841898593,-0.00314220624054666,-0.00398321164945593,0.0088729874165453,-0.00551554334436175,-0.00453427867757793
"ROM_uncat_1",0.0833763161157975,0.165549847893331,0.0516751477331232,0.0559257176518285,-0.0246168559346331,0.0383013385541892,-0.101878162648595,-0.00854107660707467,-0.0154577915500419,-0.0359229991807915,-0.0249332302745651,0.0322860785514559,-0.0330601414704763,0.0178700053116292,-0.0201738174367662,-0.0036698727515534,0.0566176062609812,0.00996362868692416,-0.0168284808703055,0.00236912280556092,0.00352418935753303,0.018908180159623,0.0134956585127594,0.000698777703791258,0.00516880709874506,0.01326180835031,-0.0149517273190107,0.00709493177996866,-0.00500631764043496,-0.0084976191386901
"AMNH_261780",0.03238798850434,0.199438004177976,0.132680055510784,0.0571474766635709,0.0493971271738091,0.0024812057200048,-0.0340816934560054,0.0543007360906274,0.0121921920841474,-0.0369733126308624,-0.0509217665666745,0.0444331157114613,-0.0300361547967465,-0.014241571988025,-0.0186688124647785,0.00257858704236617,0.0196344041282321,-0.00759380476670757,0.00594130413266133,-0.00643149918837081,0.00168391223634892,-0.0401077376376602,0.0181366359063411,0.0185380610866358,-0.0165934561295318,-0.00997208213457825,0.0186419469686388,-0.00770499878471252,0.000280396271687407,-0.00467239164738617
"ANSP_84381",0.0139774055641134,0.197400277476821,-0.00751341666438267,0.0831468403000029,0.0769909842161143,-0.0410868508773168,0.118188277354626,0.129195272592879,-0.0255338182311612,-0.0218859917018867,-0.0216670581484993,0.0201274647275588,-0.0590033068788158,-0.022776953946781,0.00481369824607866,-0.00280874863250322,-0.0201721713313316,-0.00677442304934154,0.0306544938378752,0.0101565465909601,-0.0248888078806319,0.00399138503261459,-0.00457530676855395,0.0148544547782876,-0.0148632506215515,0.0108806136925047,0.00391900292882059,-0.00993575078024066,-0.00340446897702887,-0.00595632925583637
"AMNH_257002",-0.0105404273051575,0.229523037136534,0.0406280732348207,0.0659538380875654,0.0504374048974466,-0.00784099585456554,-0.00859794095070048,0.0250566823373944,-0.0283708330335977,0.00695045531153661,-0.00491333635933549,0.00868667140031769,-0.0340988318724986,-0.036510794798218,-0.00973407860639962,-0.0306985293682562,0.00114958812544879,0.000903528030790732,-0.0138532812307624,-0.00661764859796928,0.00426840380883091,0.00817502687047075,-0.0211669595662571,-0.00267301005896613,0.00460192058313603,-0.005950875767041,0.0034040990589012,0.000939005408992692,-0.00103254057343087,0.00343796204968598
"ANSP_164280",0.0574652301811201,0.193101618011009,0.0474792446795918,0.0789698865057843,0.0351967610672157,0.116175440536874,0.0489423039762302,0.16196229906174,-0.00269386986644187,-0.116678297743011,-0.0853051167953237,0.123230229850825,0.0367930137457533,0.010967343614582,0.0424072395038343,0.032927742887281,-0.0281579651709608,0.0145742095135879,0.0329688259151479,-0.00616352920492704,0.0354728857737214,0.00730349240935498,0.00898068800416445,0.00316394760719939,0.000621097526746334,-0.00956165413270729,0.013541538085296,0.000361954907134665,-0.00241190733906131,-0.00379883641812412
"ANSP_177381",-0.000931491381349647,0.216278685990708,0.0466666707152189,0.0483902817168775,0.0385471669122322,0.016109903174634,-0.0199566788340127,0.0508827152025218,-0.00383490410647618,0.0203467154938312,0.0472156148375479,-0.0143493202208641,0.0139928505120899,-0.0292660498964663,0.0102821680799248,-0.0246161520824223,0.00039790585786089,-0.00848961347224143,-0.0016831615131425,0.00501375294597277,-0.00972286997638223,-0.00780924955153856,0.0138852001479574,-0.00653652866491483,-0.00262785930528999,0.00279614535801244,-0.00297629870921675,0.00994336926028836,0.00531083327438349,0.00867330138912371
"ANSP_193942",0.0967728775622349,0.143235867927346,0.0331221660769516,-0.00862546476071549,0.0127591958213699,0.026133236754777,-0.0655838149040863,0.0354950175994185,0.0466357600378171,-0.0115138436381034,0.0340970536411346,-0.0216979345070552,-0.0473789008392924,0.0129593383723151,-0.00860808740257897,0.0114387932014512,-0.011455445881742,0.0189195495172117,-0.00928093798562512,-0.00275188424309198,-0.00892195863296316,-0.0125843660390132,0.0043596863805089,0.00924099323613787,-0.00398017340458701,0.00641886027549583,0.00280230902211528,-0.00509118514651394,-0.00745171570520904,-0.0105451475211043
"AMNH_249486",-0.154914182723874,0.0669243497184211,0.0374234754610426,0.0366843875014149,0.0232624337883754,-0.0316256592928235,-0.0393362592321153,-0.0330691453863397,-0.00836339530657585,-0.0202008526864504,0.0158329716032622,-0.0130378893922863,-0.0112848799732198,0.00912687540354621,0.00567977725596134,-0.0206425790269607,-0.0255489355434008,0.0140272013720781,-0.0123772166529285,0.00572847104465558,0.00752048654429136,0.000823493859411798,-0.000486624109230204,-0.00624136432022661,-0.00277365081729279,0.00105123518002949,0.000741181196866396,-0.00436483020300813,-0.00322731113785938,-0.00163524407568074
"AMNH_263728",-0.236191372145436,-0.0459597753286797,0.128942264680698,0.0655305817970287,0.00938852083381177,0.00266834088389335,0.0244744776633062,-0.0190892821324099,-0.0105337535206506,-0.0203366712628183,-0.018382180852269,-0.0145149879780009,0.0258022191713685,0.00142364010880404,-0.00717436634086458,-0.01087785225808,-0.00159387732243429,0.00168328398480312,-0.0134202448069316,0.000374383752983242,-7.87487866051431e-05,0.00386406590767648,-0.00588581360833106,0.00740898893015462,-0.00685659217688278,0.00726786940453133,0.00131232909573995,0.00270756487734073,0.00620753633025566,-0.00428818726419389
"ANSP_170166",-0.169171746353306,0.040627870034018,0.16413497476137,0.0729423965095138,0.102697716331568,-0.0151722018051271,0.0161340632276582,0.0311043164009812,0.018387915461196,-0.0377576208904018,0.0360788188232808,0.0160095793187577,0.000147650647279989,0.0184460415438079,-0.0290319130569846,-0.0151335893846614,0.0165510676739093,-0.020402151536026,0.0118452967110218,0.0132828975784467,-0.00882892341539616,-0.00914975379538541,0.0132542306028248,-0.00177460760214318,-0.00345155398310203,0.0167253656632308,-0.00876933750182297,-0.000526354340506647,0.00156185225459787,0.000117437568922773
"ANSP_173796",-0.215656828749334,-0.0177312006159463,0.0856509606308159,0.0586313179878327,-0.0123292554716835,0.00519172531065323,-0.0130330986216932,-0.0145402935182739,-0.036746690829287,-0.0488131324576164,0.00172160324162046,-0.0199486500413334,0.0485507422164672,-0.00933641406225712,0.0153008089819285,-0.00987402233975378,-0.00144754389695878,0.00875433429870215,-0.00568442541361453,0.0196420976162669,0.0238599667169232,-0.00317372080002716,-0.00897116291108335,0.00621028089938445,2.85823506728419e-05,-0.00542385450133533,-0.00926300584345547,0.0119793121686233,-0.00118709269716826,-0.00309184751909402
"ANSP_174125",-0.122241959927153,0.0244511187207691,0.0864120514802811,0.0167599780307781,0.0758568441217923,-0.0198578111560758,0.0215339812639187,-0.0440085263071746,-0.0307671531263913,0.00857339765593496,0.00888576485760781,-0.00880202819772606,0.037676105560782,0.00532123607743164,-0.000133102719382004,-0.00521478886445514,-0.011965148147648,0.00172153896552478,-0.00183442990344191,0.00282163650338403,0.00187139026025657,-0.0092681710862323,-0.00746820938422068,-0.0137607543803651,0.00250843291655257,0.00904262460875985,-0.00364429272296901,0.00750544683256927,-0.00388956520118164,-0.00325860256323863
"MCP_29429",-0.0644975736543462,0.0916757956651078,0.124547068948075,0.00914186754441692,0.0355363816357181,-0.0461662654405773,-0.00354812418331928,-0.0199760682394835,0.0191529807193741,0.019224436954099,-0.0397297389492269,-0.00355641225825856,-0.00432780595558584,-0.00666410466110344,0.0269312188507109,0.0471453480602976,0.00982372962682679,0.015194967953821,-0.00469082037160752,-0.00922577196579724,0.0281048699931665,0.0156024460875017,0.000122242244618306,0.00392108300140283,0.00163256363440322,-0.00116825269763136,0.00337929493849629,-0.00904886664696658,0.000492410949947893,0.00614393720943666
"AMNH_258314",0.0445953857793161,0.0771216128070688,-0.0499672057554891,-0.0728398454085862,0.0354095920248971,0.0470315418968723,0.00270044496589825,-0.0239088359295659,0.0329607994102749,-0.024115848721157,-0.0201134851643911,0.00108332638953525,-0.0202851228846808,-0.0471854642626104,-0.00747707979158839,0.00421161900486295,0.0118607624210966,-0.00138586597883584,0.0133892133239404,0.0048361140653764,0.01141129998014,-0.00203386966813931,-0.00329857805618598,-0.013301402867426,0.00627483036170425,0.00303511514178897,0.0116494398591701,-0.00353898038038647,0.00114150560207499,-0.00489298707844042
"ANSP_168971",-0.012214916990545,0.154369475465101,0.0152954434964865,-0.00338728313911178,-0.0361678443356995,0.00534514781714996,-0.0371242648275381,0.00696576393302347,0.0169050301541168,0.0283696777486183,0.0053511390333328,-0.0308246904768678,-0.0176580410093305,-0.0287476012799396,0.00704608133038599,-0.0190156998106879,-0.0107219808240842,-0.0117238412896332,0.00415999537617132,0.00370278984657125,-0.0120675715007448,-0.00843844063089115,-0.00261550387467585,-0.00734407988609618,-0.0032150324200972,-0.000834251636402837,0.00792670642830294,-0.00266432749770517,-0.000987066391713379,-0.001152533931305
"MCP_36861",0.0442123765076659,0.0689905287992782,0.0339952485562938,-0.0671708759819586,0.0452372314566051,-0.0855487717395148,0.0607058754222556,-0.0205016219407483,0.0118568910669269,0.027585033700756,-0.0260134977896091,0.0582045083391231,-0.0611401943106735,-0.00449782368072251,0.0249710591584234,0.0514851026487336,-0.0167268568568227,0.0320075149817732,-0.0234622489157432,-0.00439040263552836,0.00901233774951421,0.0113423693909094,-0.00346595379984361,-0.00700415431373993,-0.00409233580978349,0.00310505675415765,-0.00775967414160473,-0.0140717478251789,-0.0045841429354095,0.00507491714006785
"ANSP_165090",-0.0235678792372413,0.179942596038544,-0.0129629220065844,0.0608640292637277,-0.0316226543352182,-0.00997938170312376,-0.0162729420856155,-0.0285864401947059,0.0034280509132715,0.0435287799282508,0.0192186848556722,0.00704406429033221,0.0266001484923513,-0.0136076247860126,0.00460996419497909,0.0201804195065006,-0.0257626955286282,0.0129992980345474,-0.00204114620424785,0.00665568323489504,0.012472545712505,0.00138861904650254,-0.00416589055467063,-0.00772749506852966,-0.000988125287028781,-0.00774946536493863,-0.00259503719719859,0.00425181156697393,0.00294785702639065,0.00613934101041985
"AMNH_260737",0.0172750642370831,0.177508637451369,0.0068677298680376,0.0969841411426685,-0.00675102225310631,0.00604334276974631,-0.053121297100688,-0.0325845364049191,-0.0327948774106278,-0.00714265312136409,-0.0167833390761822,0.0218037449533236,-0.0810277908666905,0.000279071454476986,-0.000980508080752115,0.00112841655076767,-0.00876429669563477,-0.0277722245779876,-0.0018645105987931,0.000789742293276223,-0.0072514852713984,0.00228094001638604,-0.000685604321656361,-0.0010038971383587,-0.00565987100237973,0.00721692165121101,-0.000909638374166786,-0.0113693759114234,0.000147083937491699,-0.00980175172316201
"AMNH_79370",0.0583302622542746,0.139872170460469,0.00532113829530308,0.0457896450144252,-0.00635393250339749,-0.00313378028638779,-0.0470747386656029,0.0221264124200022,-0.0311542873249132,-0.0279252524252455,-0.0436205583345347,0.0390503183429499,-0.0519359195434348,0.0467987684471328,0.0317771633936706,0.0120047721774218,-0.0397337730752328,-0.0401068282145043,0.00720913540152463,-0.0138818148569869,-0.00412308141601888,0.00527640431061957,-0.00199364941289927,0.0101729146964596,0.00231146011726028,0.00291560955600704,-0.00494595206272145,0.0120857008488134,-0.00792810308748349,0.000422399046936335
"FMNH_71337",0.0660952731819124,0.178844909505563,0.0421173023717901,0.0495907219550517,-0.0659406352147492,-0.0210394408404814,-0.0374887160348229,0.018195783602744,0.0104191668420376,0.0368674060395084,-0.018215637241272,-0.00977047087609677,-0.0223583257059556,-0.0164412171188155,-0.0312245300432262,0.00222500465859442,-0.0245959528817991,-0.0136354042318766,-0.00345984001368927,-0.01902139777482,0.0109521927851063,-0.000650356148850739,-0.0183444966603297,-0.0109250694843832,0.00129390387515041,-0.00651104457830853,-0.0057070459054505,0.00336274905471917,0.00422974924863037,-0.00549525535772816
"AMNH_256352",-0.00414877662058639,0.11236437106674,0.0711992964290154,0.0183577367580738,0.00220493852677002,-0.0293534075602445,-0.0174668431531173,-0.0373543066248899,0.0244807674640106,0.0216526570620579,-0.00484130386982003,-0.0115240363276476,-0.0130565072270383,-0.000728993475083529,0.00821637089277214,0.00533092675062839,-0.0144101463948776,-0.00208583612007224,0.0110799030103179,-0.00532458019857415,-0.0177562285826989,0.00303050955199279,0.00382498927967031,-0.00539469370127808,0.00227197219198028,-0.00764578199069405,-0.00593672372456108,-0.00406339633919646,0.00415205502557502,0.00383630380229626
"MCP_44058",0.0372427671052205,0.13936602817372,0.0475367306813787,0.0452109095543035,0.00961591032698259,-0.0454663084593273,-0.0453429692675099,0.00235441415499192,-0.0121787654262631,0.0432542851416948,0.000742453222643796,-0.0223563527468503,0.00188519788049244,0.00990229169336791,-0.00284413177937482,0.0113965908530026,-0.0223359924434539,-0.00847475752068935,0.0108417721388819,-0.00875246121817987,0.00735215548349607,0.00196146220034871,-0.00392642025149176,0.0034957456543038,0.00309332083801499,-0.00800687165500684,-0.00646581115887703,0.00499575892195037,-0.00263432006317038,0.00530180830375052
"MCP_47111",-0.0407568880987379,0.162111997582659,0.0133788188563754,0.0736614871932201,-0.0581204775451498,-0.0210923539293603,-0.025119549911534,-0.0299701031249253,0.0244892227901143,0.0190955224192157,-0.00224621171623345,-0.0398166308507931,-0.022543649485441,-0.0327197374670944,0.0134326386748338,0.0183993229179599,-0.00526906237556287,0.0356004105941711,0.000831287799711541,-0.0101539850296448,-0.000737966368864341,0.0124960291360627,-0.00448601883691451,0.00488540153729392,0.00196502867268949,0.00401663642010653,0.00630735105933104,0.00904561153846592,0.00419784918668231,-0.00379228092397407
"MCP_47112",-0.00818236365575181,0.148827327200754,0.0539138464544706,0.0146869128202795,-0.00117010373934639,-0.0349229190446135,-0.0210344010345557,-0.00580657047379621,-0.00727974200752273,0.077382851660597,0.04020613270613,0.0114401852293446,-0.0103841808504051,-0.00390406125352052,0.00834566648926926,0.0115153026715732,-0.0404794290934771,-0.017704864918768,0.00716830391035154,0.00210891629652323,0.00907413991722569,0.00709897127575912,-0.00815012206040514,0.00897210813888129,0.00168295755254914,-0.00253670246557569,-0.0133858618827524,0.00498276139160372,-0.00645233763276907,-0.00313429990523668
"MCP_35876",0.00302656645334957,0.186350764191328,0.0761578283936436,0.0685326462773861,-0.0199468720989086,0.0215953149168978,-0.0907219769426193,0.0236452396052607,-0.041331661895001,0.0308394092608436,-0.0361705745529865,-0.0190090624227229,-0.00347708100070147,0.00473136190883503,-0.00919978165248141,-0.0128201822977887,0.0292770256616037,-0.00332013426194105,-0.0196129799686694,-0.0291916568689997,0.0349450980378763,0.00984945017314345,0.00767308963045179,-0.0064220229212083,-0.00691482495798876,-0.00541726720501914,0.0017861644593601,0.00350706779548232,0.00757796688713506,0.00788690175974932
"ROM_107209",0.0134766061235143,0.0786422020000512,0.00839025106460145,-0.0847157667845444,-0.0162889627656479,-0.00521198293925051,-0.00849324007436948,0.0290370260500028,-0.0319637399017481,-0.0184022675155581,-0.00957502266868962,5.94510658505337e-05,-0.037885695190466,0.0038117805627294,0.0298629947624422,-0.00496018049908742,0.0263593533483599,-0.000337366630151986,-0.0091630726342447,-0.0279751964632686,-0.0324161395646178,-0.0152644726641752,-0.0288276012486594,0.0017208960864862,0.00324163754647257,-0.00548472800808145,-0.00118545385455527,0.0131905969364925,0.000602911275026151,-0.000928440312321758
"ROM_91423",-0.0678936815401633,0.108436979074135,-0.104958381694101,0.0157666613062253,-0.0791341779873059,-0.00819564678017453,0.0325912322953863,-0.0379762929628629,0.0762409810917925,0.0402863746959641,0.00113550110696204,-0.00900210265402829,-0.0312825606005139,-0.0395465339081677,0.019080474371628,-0.0536943578151338,-0.0242904114886676,0.0101206157479749,-0.00692661262561879,-0.00521349128950784,-0.0240530266792565,0.00211264400232224,0.00143356322146836,-0.00418356813051981,0.00897768398716956,-0.0191898017972367,0.00382450472192269,-0.00963138253756821,-0.0101674720593073,-0.00581190832946536
"ROM_PER23_14_T32635",-0.0132592787616643,0.120666371117191,0.0139735596322714,-0.0258232634570642,-0.0276648038155404,0.00865899877237781,-0.00692545912589757,-0.00679011906153726,-0.0243790997524995,0.0242446628085455,-0.0373049778965856,-0.00918814675532811,-0.00635904544654891,-0.026081582677351,0.0070293098858473,-0.018947488291319,0.0190098142394797,-0.00939206344905531,0.0297931377999084,-0.0160922522064869,-0.00776703126093245,-0.00195995558423725,-0.000423961853394815,0.0127501442398379,-0.00699324585253675,-0.00741335396809247,-0.00446725512913063,0.00153396870040572,0.00551631016969772,-0.00357200979739164
"ANSP_174165",-0.00269536700261646,0.147128202167065,0.0524173363285334,0.00226892167488829,-1.84642544709833e-05,-0.023051360938088,-0.00676925317169882,-0.0276273295879896,-0.00699833764242034,0.0614763877416821,0.0244050154128551,-0.0121626525358344,0.00633649953012788,-0.0441018193457503,-0.0130953230026965,-0.000488997331989016,-0.0253150605840971,-0.010952279400566,-0.0128538633727985,-0.0226996966823835,0.00565825632256398,8.72107539970184e-05,-1.94709163632666e-05,-0.0011443098794458,0.000219023254466816,-0.0122355301683752,0.00402382005125864,-0.00062224642812155,-0.00452078623272773,0.00572984458533711
"AMNH_9934",0.00247506566719834,-0.00137311284633397,-0.057632943147297,0.0763731754687938,-0.118029630904244,0.0321031730537074,-0.0531873999532802,-0.0523381473646266,-0.0900200753738744,-0.0155465035136137,-0.0656762205431713,-0.0181108624039447,0.00265327004124127,0.0239655022373638,-0.0255081183912278,0.0408096957897829,0.0318841642241801,-0.0331797968681928,-0.018831152533004,0.00383647013843181,-0.00251314822603222,0.014019628055516,0.0235080284154629,0.00122745959261718,-0.00145217274922965,0.0027336633901943,0.00181168606755206,0.00721730300681683,-0.00350877565553558,-0.00302645362538134
"ANSP_194857",-0.0322727689504025,-0.00293450452651041,-0.0190765571909423,-0.0407494330028269,-0.0219783979154977,-0.0226266687149622,-0.0137770942735732,-0.019171396866617,-0.0405791776606678,-0.0161742782496256,0.0117989405582726,0.00128813355519996,0.0474499085309347,0.0171741139352087,0.0320824048026324,-0.0114281458262358,0.0270178177795499,-0.00459027659389326,0.0203466853682454,0.013130392455919,0.0210085644056819,-0.00211679797127021,0.00769288927800634,-0.0106153867677762,0.0113154057995366,-0.0100309627893512,-0.0178534443124535,-5.39932551796136e-05,-0.00722679786995042,0.00463593496115284
"ANSP_196453",-0.0269648567981502,0.00705267548750576,0.0719489948631765,-0.0650530228332265,0.0218495924993918,-0.0820783591883013,0.0295581153043655,0.0285315744253962,0.0158263509905383,0.0218903490815003,0.045042758676129,-0.0126363198480625,0.00820408957318495,-0.0142177588148491,0.0119759866406005,-0.00499644394435432,-0.0182963856448626,-0.00231553810817714,0.0271973282178485,0.00643040200285011,0.00612179278987136,0.0111424232384216,0.0165914768728564,-0.00645370171469193,0.00179514431711696,0.0177664326486187,0.00181230065101034,-0.0112116831905905,-0.000652633991258926,0.00157869564530871
"MCP_15151",-0.048771516094285,0.0272571482788613,0.0764395315079638,-0.0256738159104791,0.0358902650170792,-0.0772979092536117,0.0248304812595188,-0.0233143341369893,0.00519416245049658,-0.0166454869504366,0.00754584730238948,-0.00490584890078229,-0.0106687752574889,-0.0049168250399781,0.000123593306110602,-0.00295364053439309,-0.020863104784722,-0.00325515347401165,-0.00104921987257141,0.00604284655149005,-0.00873274243074556,-0.00164486331420576,0.00921185263093996,-0.00588259502743305,0.00925394935663849,0.00357916765274129,-0.0056950137455043,0.00681561872000341,-0.0030903745713948,-0.00121546369354562
"AMNH_233285",-0.157761465292273,-0.0420224201494903,0.0938017121757245,-0.0689406192339556,0.0376299763718847,0.0243951986601211,0.0327390415818151,-0.00269657692430438,0.0200814266637384,-0.021349474435572,-0.0081708128190372,-0.00247587005292955,0.0011580049866822,0.0124783332887009,-0.000645670383516013,-0.0018420576843056,-0.00182723623756828,0.0099150723033812,-0.0129281352229532,-0.00122528430516718,-0.00715914937741277,-0.0103274201561035,-0.000669968030820495,0.00777504513891972,0.0055074272955569,0.0100212377375438,0.00659984805706139,0.0030306090974672,0.000130260470322391,-0.00266579878379248
"AMNH_39787",0.0118884801021056,0.0390858104354499,0.0267651904139886,-0.0415805793662435,-0.0455030342113116,-0.0151616299747935,-0.0524304992473991,-0.0243947588365724,0.0139263551797199,0.00693279828885315,-0.00465045112095417,-0.0182380381835931,0.0159863291472345,0.0090567289984956,5.36175137748973e-05,0.0378566049026118,-0.0158411520851053,-0.00180545563734015,-0.000731623447050083,0.0101735923278715,0.0139267893845393,0.0124284001112674,-0.00500024821399725,0.0132833903166541,-0.0021502756593954,0.0077792869950637,-0.00537075523259678,0.00554038383366034,-0.00718308592780056,-0.00913539550743101
"AMNH_40129",0.0973856174399497,0.00117962004630537,0.0872514341570588,-0.00254799937315437,0.00263759278140445,-0.0158616793463455,-0.0192276231377905,-0.0315439101196626,-0.0182724217319172,-0.0474407253338434,0.0108001790540645,0.00695058773960181,-0.0260096070491109,0.0222558980689756,0.0122112880780791,0.00242702286065421,0.0130298211665798,-0.008498844953504,0.012317439004229,0.0104018171608991,-0.0138374892079295,0.00730787159339854,-0.00229805568464498,-0.00806095552864907,-0.0117947813243536,-0.003540643160622,0.00697215775093356,0.00663495977209,0.00475724478282919,-0.00364079043693023
"AMNH_97639",0.155925275805105,-0.0934691038009637,0.0522074861548545,0.0305916872763901,-0.0229260293429295,0.00685624735256696,-0.0204186315991063,-0.0652156968476462,0.00524769542424575,-0.102178579947652,-0.00879191196369292,-0.00164865599583751,-0.0354852611995874,-0.00138501808005417,-0.0071780678622332,0.0268308910126998,-0.0052155033088772,0.00406187757481229,-0.00978688967275704,-0.00360367735074634,-0.00229905265913746,0.000668470577124142,0.00450999795370415,0.00824807664560251,0.00570734662299134,-0.000758312118030129,0.00677834513632902,0.00224768746511264,-0.000386430687059145,-0.00478116876193405
"ANSP_199525",0.184640218302418,-0.0248158368113307,0.0921376077611114,-0.0210334479315789,-0.0147753102266127,-0.0219246308278378,-0.00834693320800606,-0.00264382257912086,0.0190725607548589,-0.045855197201579,0.0335339333967493,0.0191027261121032,-0.00570507376809674,0.00816609951563155,0.00171727326627038,-0.0292879850216581,-0.0160463521646782,0.0193233610978851,0.00697693762338953,-0.0161676976641702,0.00803735082562812,0.00227862260278189,0.00563155491643739,-0.00167659959041594,-0.0131321825140259,0.0126804083706187,0.00374365914451576,0.00432086420357635,0.0047388332132798,0.000150761514985666
"ANSP_200120",-0.0510057642517964,0.0286553710104455,0.0469854280359056,-0.105391061009079,0.0178962099147901,0.020907842977015,0.0337914163334395,0.00475118228495313,-0.00725633391476658,-0.0128768398115119,0.0174628671036513,0.0230010010377027,-0.000366281227456773,-0.00283593817970861,-0.0111535688452802,0.00914470569759668,0.00787712322454876,0.00574119782210578,0.0140123918059108,-0.0121763117044819,-0.00430995396525466,-0.0132727330593305,-0.017700197527726,-0.0104353987016548,0.00727478362037082,0.00465525969751303,-0.0073720618276866,-0.0170611352140773,0.00402217777693781,-0.00126513069479819
"MUSM_37822",-0.198251009594372,-0.0649971945774676,-0.0412448670920907,-0.0397279690937892,0.0271861403545034,0.0147122992312185,0.00313380253134707,-0.0119141980071213,-0.00122223201791296,-0.0347605182277047,0.0141603104919607,-0.00796940038015402,-0.00156692879304586,-0.0111004522342033,0.010630710673689,0.00758571627418709,0.0190050625847464,-0.0156871374101326,0.00322268240246766,-0.0290792521271441,0.0049826988051625,-0.0217997151093682,0.0066718907822842,0.00236751081004366,0.000884925453648595,-0.00343490774525347,0.00362257707276294,0.00482670224273403,0.000315708615129211,0.000906522612845104
"ROM_93577",0.00347258483715046,0.0144615290208823,0.0496626794296509,-0.116000948721299,0.00254174439489036,-0.032609062677932,-0.0204784384881969,0.0337477341079673,0.01407936058066,-0.0186342708522655,-0.00385999675187386,-0.00845787784926616,0.0100851925653486,-0.0223182721944543,0.0230839713768974,-0.012564649597104,-0.00134932480279308,-0.00748492862434523,-0.00070702320842032,-0.00154343865241029,0.0013396580805115,-0.00503833225269006,0.00565119984897807,-0.00401069290211647,-0.0100101221596578,0.00169536179336463,0.00670922368605324,0.00371047563516283,0.00183894881705659,0.000186603728697379
"ROM_93907",-0.331809819513379,-0.165193180544425,-0.0121436587346215,0.0241392423842935,0.0235237221168504,-0.00928968909365982,-0.0100618666230595,0.0296907779267254,0.0168180015506476,0.02665163262654,0.0143500355137592,0.0335341305675966,-0.0129597728554458,0.00511190253598088,0.00163560321830748,0.00336385504089688,0.0121893787668137,-0.00284808940642895,-0.00291275570108983,-0.00599681676393693,0.000596851452941522,-0.00270516608015186,0.00104407600607931,0.00251289287388464,-0.00146344914299723,-0.0043332890418373,-0.00899686886753572,-0.00219250823359877,0.00552834891607448,0.00443061415994923
"AMNH_40167",0.0222291619015528,0.0675425681061159,0.0219402356600283,-0.0553912080990851,-0.0562361211896113,0.0312691658476228,0.0646094314959334,0.000159472832771269,0.0142280384017906,0.0258334035917858,0.0368045963026682,-0.0137622200454498,-0.0286069368463948,0.00874579023547086,0.0310912007543814,-0.0369170061696057,0.0146741846213444,-0.0088348615772209,-0.0141367316558213,0.0143047856312515,-0.0019104724180131,-0.020287712551991,-0.022361021838365,-0.0257661589101176,-0.0322441176937347,0.00867358897531389,0.00302204647301684,-0.00465087319547219,-0.0122435251127037,0.00969553792260382
"ROM_ECU21_02",0.00772208772136807,0.0366757240138631,-0.0168602455212356,-0.0275709053748574,-0.0599334463123404,0.0429108778018943,0.0444499827388349,-0.0403764091430032,0.0238269283699087,-0.00438295774106436,0.0122081179394424,-0.0184805675726039,0.00644404770841486,0.0135354101904439,0.00740898577359996,0.00238680398136589,0.0310790149712744,-0.0271965180804282,-0.0070001935547296,-0.00575595333899506,-0.0121359291547347,-0.0101680674226862,0.00105725185656918,0.0137355517515903,0.00778861091692294,-0.00576112807915272,0.00578153004403676,-0.00118937700356007,0.00186794882109766,0.00387056746238123
"ROM_ECU21_09",0.124628560170391,0.0325919049806841,0.030431878576978,0.00667182570341354,0.0362647217300801,0.0318705493097793,-0.0113142604650634,-0.0292590249517572,-0.016394908562156,-0.023392113309385,0.018236831547566,-0.0325617443317053,-0.041628177817105,0.0271333654115874,-0.0293721730322512,0.0329072663164671,-0.0173731173319891,0.00127735899565577,-0.0131109094530448,-0.0083750967665119,0.027759213697221,-0.0108982447625549,-0.0046181630150397,0.00338009719414011,-0.00639351215067069,-0.00328919199821517,0.00274210472530243,0.000568505306511236,0.00594684256153677,0.0129982231817071
"MCP_35622",-0.0605324317906141,-0.00676394150588054,0.0096619865907893,-0.067653544243584,-0.0724562849098565,-0.0201460668052477,-0.0165540396837229,0.0162921258959228,0.0257793089536435,-0.0192281290386747,0.020580907534778,-0.0361637798951945,-0.0173393846761734,-0.000101605864822199,-0.00684965534587646,-0.00377710001256716,-0.00336715347294259,0.0116764223288003,0.0129898008829983,0.0145191888796326,0.0187104304939592,0.00274275661839885,-0.000449711288379863,-0.00329639003523255,-0.0109486526027018,-0.00716449536302202,0.000384486055492309,-0.000732805088028572,0.00342684936785765,-0.0123895506915871
"AUM_39478",0.289385109282365,-0.0610325919146845,-0.0075878015433221,-0.0482087355117245,0.00405274771526588,0.0220920914632702,-0.0637578382711527,0.055663032719309,-0.0102932084727492,0.144958249227128,-0.00408342954656543,0.0571258632845854,-0.0264202743643437,0.00259272578856308,-0.051315590556048,0.0414187514650931,0.0106690888388907,0.00179280675190134,0.00743365306699598,0.0654807931156986,-0.0274264595814159,-0.005686083247465,0.000950101077408778,0.00879029492357992,0.00441122896912279,0.0161668064017679,0.00483091832249446,0.00947018371157379,-0.00599059410686639,-0.000714747198140691
"ANSP_190750",-0.0212313687360551,0.0196744900616349,0.0942253677294607,-0.0146330706897754,0.00163732007899553,-0.0743117475013036,0.04524980588851,-0.0296957508649487,-0.0073804496550385,-0.00978059722807739,-0.0162237875132641,-0.00724648147167467,0.00750727329520685,0.00430148804061731,0.00842672598808376,0.0175803011934359,-0.000902815956550629,0.00590115045393609,-0.00557682254523489,0.000364590754597817,-0.00920577064175424,-0.00854397849649976,-0.00799571939796569,0.00270445063021115,0.00329145027467795,-0.0019076802940155,0.00240069600842517,-0.0060665425654351,-0.0102742034903176,0.00238014109294879
"ANSP_190824",-0.0220950857098774,0.0292475637005624,0.0763801425274999,0.00933699161971586,0.0285247831267337,-0.0844731680526788,0.0389686910130756,-0.0403672771179234,-0.0216659421644256,-0.00112195471738391,-0.0139189985359086,-0.000939826845247565,-0.00256090935909684,0.0125681246317982,0.0174962019274606,0.0327739200315161,-0.0140942109527368,-0.00170018563463339,-0.00928530965956131,0.0135362241289944,-0.00032269895151177,-0.0198108909449174,-0.0220827518732959,0.0012490273410558,0.0131407495332117,-0.00470341827145139,0.00692970480388028,-0.0111459057076093,0.000709986134730062,0.00404059950298371
"ANSP_198216",-0.0650667735029679,0.0272878530394406,-0.0421229487921869,-0.0149219491694948,-0.0123797242831705,0.00780662878378379,0.0254618555803331,-0.0403615138894414,-0.0258121715208555,-0.0535825743819976,0.0016406077755149,0.0163990392882113,0.0416218485452234,0.0106994695216975,-0.00362740398145323,0.0142118433119803,-0.0326040695001688,-0.00320274097823201,-0.00745125390652584,8.48206032254376e-05,0.00664534471675476,-0.00560740414700479,-0.00285453803278782,-0.00647021234341895,-0.0156992370946877,0.00520723783584064,0.0121124790101943,0.0115572781724131,-9.89003957589681e-05,0.00143149396302312
"ROM_114964",-0.107832706069336,0.0189144193980606,-0.0233657239933385,-0.0460183221133138,0.00070595713177139,-0.0517538929877533,0.0506872923518007,0.010241325190552,-0.0454319834018973,0.000515787745876123,0.0542573651079674,0.0202840930359106,-0.00728912766296918,0.0156125233037998,-0.0174025195355675,0.00924990004734334,-0.023067077642921,-0.0160934159307952,-0.0173757273257137,0.00912410221288663,0.0111611714579735,0.000841096872214115,0.00148062496637203,0.00654235502060943,-0.0145393577396524,-0.0125651725159332,-0.00288496832732632,0.00499197685706666,-0.00266239128529489,-0.000967452337651228
"ROM_93310",0.012634097601434,-0.0360901985798526,0.000259815676686058,-0.0441128753086604,-0.00108959160534998,-0.00933151782009687,0.0590755587705717,-0.0357207850967297,-0.0126943605878561,-0.0353855311063136,-0.0761540924026311,-0.0137302599342297,-0.00331199344304938,-0.004676210090903,-0.0493827684718978,-0.0025438287779646,0.00341927771729656,-0.0199316248799182,0.00486869152030318,-0.0030138138293713,-0.0055909597998137,0.00399951755033633,0.00102901402228445,0.00587842552919375,0.000338844932910291,-3.06448553074037e-05,0.00247970521209634,-0.00181693224008202,-0.00235107555600146,-0.000428519648575424
"ROM_93339",-0.0041241697735419,0.0173269840126975,-0.0124813850323959,-0.0671389841448289,-0.00347384680023411,-0.0500766531132088,0.0248179108566865,-0.0206093388695464,0.0254074421121676,-0.0333374663143111,-0.00492643313232638,-0.00250759868806663,0.0264725671102333,-0.0216891297996838,-0.0030409598501034,0.000978861850535186,-0.00481658307896846,-0.00771556933325572,-0.00395781228777207,-0.00126253787999951,-0.00341348742541017,0.0032916827129006,-0.00292043651480249,0.000159050987180688,-0.00240886149730989,-0.00038510629142844,0.00555947984617947,0.00226822249141844,0.00143724124486685,0.00108404082198665
"AMNH_7092",-0.326083396826727,-0.087326407769886,-0.00294174543019867,0.0221379529210101,0.0152554381939257,-0.0189304682893193,0.0175885214577918,0.0918455905917184,0.0140845438730403,0.0756295234867632,0.0120422048254482,0.0234883226191974,-0.0392550609255427,0.00339927763877514,0.00332370635839404,-0.0211390935838876,0.0525142186760333,-0.0381997506523419,0.0252594906276328,-0.0138279978581689,0.0209926281616941,-0.00253955662078304,0.0103697222484754,0.00720806384186565,-0.00427235162673211,-0.00657651280680674,0.00579640592565551,-0.0023609007938928,-0.00498580530098708,0.00953924630352249
"AMNH_9187",-0.341224507617804,-0.10991746740165,0.0226671700314709,0.0413440450031658,-0.00436650285244113,0.00478953810900126,0.0439409581752963,0.0708690621597599,0.0146329185587185,0.0648620691767933,0.0652913451719047,0.0340214704461601,-0.0493632964438101,0.0125487456937475,0.00763945992491471,-0.0158397590068784,0.035432000474737,-0.00905083399015326,0.009179860136917,-0.00841936696141196,0.00267394727481243,0.0124284382944804,0.00669767289144052,-0.00413430292536738,0.00741860255817441,0.0105318009956749,-0.00260623840279181,-0.00427999861279068,0.00243377514928624,0.00570596985039066
"AUM_AQMAT",-0.377005206460711,-0.14436793834964,0.0480587763291431,0.0113925676824175,0.0206156232579886,0.00313273822433371,-0.0253860739000443,0.0695197091782737,-0.00450005782773852,0.0399916075000657,0.040820351355183,0.066647436126247,-0.0454875990802867,-0.0408804601554131,0.0341899298362882,-0.0241758234783862,0.0292275693874673,0.00746422106613708,-0.00873632822761649,-0.0088873615053938,-0.000309149351631045,0.00906604462020999,-0.00887077504529416,-0.00130251998226128,-0.00262730579425575,0.00546642624243176,0.00215138411218596,0.00315141281062382,-0.00063140691269604,0.000630738257798479
"CAS_64653",-0.279873526573542,-0.107886661165709,-0.0626304186569871,-0.0216085118321322,0.0284501375495787,0.0208735911518206,0.0114321447246053,0.0456658893382179,-0.0126699887179567,0.0511339991078961,0.0295203947482991,0.00945627245487238,-0.0267087677221457,-0.0113448995146847,0.00973963234396997,0.00479478842945664,0.0171369749077084,-0.00649687469091408,0.0411497521844432,-0.00253839152200304,0.0147032590638425,0.00882100382909072,-0.00842307618312442,-0.00677131073335191,-0.000334143471930607,0.00191612720989981,0.000826844202382303,0.00199031949460738,-0.00285241360638303,0.000635741962200966
"MHNG_2269_088",-0.254058222615869,-0.124297583142202,-0.10149784789138,0.0730359747993596,0.013815099666221,0.0341596615099024,-0.0157793189347831,-0.0607790905270304,-0.0358514141874833,0.00394395058966393,-0.0686846477430412,0.027074089354996,-0.0433578280461478,-0.0253153341517679,-0.0288101600727965,-0.015509114094822,-0.00268890496963561,0.0234149816311653,0.0466640924228419,0.00842415933047674,0.0116583505779596,0.0255963049160788,-0.00162227220450744,0.00428766545817336,-0.00351172539010616,-0.00710388065473016,-0.00819153915360689,-0.00742699509071749,-0.00494411184262221,0.00390851811456958
"MUSM_44322",-0.240682191762636,-0.0673077002964457,-0.0248576596524195,-0.0454352992126038,0.0266385557091498,0.00907459520468643,-0.0549160738085322,0.0205960684357389,0.0142617393344716,0.00940853099380559,-0.0355484323599976,-0.0117392098683275,-0.0124836025494819,-0.0349426239086488,0.00669579596006621,0.00195410438755207,-0.00391311129038704,0.00969190610689033,0.0422059956467014,-0.0086369498012988,0.00310240145106586,0.0167660536333113,-0.00216379826624767,0.0160905102194181,0.000212595616223856,0.00998912923139592,0.00261301866379739,0.0141931607506017,0.0010451046882137,-0.00767327688669364
"ROM_107268",-0.315104580059201,-0.149304554748705,-0.0362240672808273,0.0142550271174754,-0.0305172822716771,0.0270997480558613,-0.0279439044917823,0.0142226353300247,-0.0285054328058169,-0.00298395452330751,0.00248846616077827,0.005950940918004,-0.0162599802035791,-0.0435067738835685,0.0110971838690206,0.00844393182833467,-0.00449883797451828,0.0112677537631125,0.00720713899382492,0.00953084052834782,0.00190643946895628,-0.000739551330463305,-0.00280846490071974,0.00191342514034101,-0.00144415963045362,0.0171770775207214,-0.00554668113430223,0.00687044770512699,-0.000458391501227987,-0.00599144291578668
"ROM_109181",-0.331431123433194,-0.15556114765649,-0.00851194211194166,0.0334321974434623,0.00462720913503875,0.0117102919876117,0.00761363587515725,0.0147268816501332,0.0422093554337571,0.0144035684395291,-0.00886822332406735,0.016668205024491,0.00797074496330313,0.000611785729840993,-0.00583556141368401,0.00310774528333402,-0.00217455842409824,-0.00253937819164575,-0.023664255032509,-0.00776204824841461,-0.0144685417242418,0.00874078190228782,-0.00146567754088648,-0.00923990107620401,0.00706721910636074,0.022766287231256,-0.0012170825635211,1.43982438896955e-05,0.00838565108498008,0.00241552530799425
"ROM_91081",-0.319830001850158,-0.159553282883849,-0.0504683629008738,0.0483314330973208,0.0443963199952522,0.00680895658932355,0.0196135030438419,0.00820770822792165,0.00714213480976927,0.0219781842131982,-0.0154662127303989,0.0223384578871411,-0.00463750407068018,0.0121469933002846,-0.012775569961408,-0.0177591843828156,-0.0133150944440126,0.00860993791376099,-0.00483513625619168,-0.00169701667738041,-0.00509970559237851,-0.0113753997756298,-0.00218650272036015,-0.00629742756096382,-0.00313013284321675,-0.000134219297065864,0.00628311514894202,0.000687892707694228,-0.00547298546695092,-0.00463948747316282
"ROM_93902",-0.247115733242041,-0.0655019459712605,-0.0832351142612707,-0.0309764916752937,0.0372100913674847,0.0230457943736644,-0.0394969408008415,0.00618522085995234,-0.0292679706271175,0.0180592983176999,-0.010826746707164,0.00228366687468733,-0.00135710596649445,-0.0265209532860434,-0.00885611500922459,-0.0176510252516747,-0.00421567797013336,0.0237244867626587,0.0345547867373545,0.00216391895104516,0.00386996559039467,-0.0166464670989836,-0.00568973353391385,0.0050418356025768,-0.00411737796130069,-0.00292032759833846,0.00995019635645371,0.00176127279470401,-0.00752193708628629,0.00594751658780414
"ANSP_168917",-0.307423730711246,-0.17305930436279,-0.0388467405925392,0.054354242916772,0.00300198844919217,0.0594348898350496,0.00511461200459802,-0.0317518404112598,-0.00665134287352757,0.0111357680531542,-0.022700204536968,0.00773204333447955,-0.0098027309320548,-0.0179984116946174,0.0279267888899196,0.00551626170550598,0.0193858437443793,-0.0102163992454114,-0.0111295962786089,-0.00865734752089568,-0.00593645039956322,-0.00568274603805843,0.00448056876322226,-0.00116255444515478,-0.00295063359478283,-0.0100954993293301,-0.00119837540835311,0.00798031954718359,0.00213960620209625,-0.00104631840611795
"AUM_22192",-0.301605218314623,-0.166219522195761,0.0286164866707632,0.039096310866215,-0.0118193988430213,0.0440540749022778,0.0174140364400385,-0.00981718416605975,-0.000165012470289723,0.0142535593386228,0.0415095855044188,0.0275767854172149,0.0176749489347421,0.0190781724477828,0.00535965555070872,0.00567202114641332,0.0151657906612273,0.0442975547271815,-0.000343831769615104,-0.0096318872856535,-0.0340382680072208,0.0111977421416159,0.00152355534476632,0.0147885247004155,0.000407478210572176,-0.00982966300225113,0.00245837321281739,0.0016456457976663,0.00552920334216022,-0.00941198725937718
"BMNH_1880_2_26_9_10",-0.256632188434776,-0.185825837783492,-0.0872419785162636,0.0504203454335127,0.0135610850126189,0.0279994721763991,-0.0227917852980148,-0.0429635093578747,0.0189038260590278,-0.0304374360516689,-0.0533809199614112,0.0143109522944027,-0.0180622262428584,-0.0183201628164636,0.00725556191256713,0.00498522826608486,-0.0184046276908243,-0.0184834189420192,0.00578970184070926,0.00105643944977646,-0.00550554147551502,0.0120078285537355,-0.00256663472480613,-0.00546744109516032,-0.0115722888939013,0.000243620766444591,-0.00764236230054115,-0.00179501669825245,-0.00198028411042272,-0.000405987607521239
"MUSM_39902",-0.3248155185434,-0.141799644543945,-0.0407452855169706,0.059856893402731,-0.0355214884838213,0.0465337140157737,0.0243364468238899,0.0199083717865337,0.0148923287910987,0.0242568690284148,-0.0327935418165442,-0.0141319383813942,-0.0176454703820036,0.000344742737718725,0.0141388514292532,0.0070170822577413,0.0195871913198462,-0.014233863864986,-0.0159059309390279,0.0085759477833576,-0.020376485761101,-0.00856659335291551,-0.00625145895501225,0.0134608857969205,0.0094495464743553,-0.00691962957079006,-0.00324891814838047,0.00504446538683051,0.000304211760191754,-0.000857277920380019
"MUSM_40553",-0.401350783671685,-0.186739733179586,0.010997783516525,0.0637388498127702,0.00415692042277507,0.0359297436616693,0.00165151433170165,0.0562592245291398,0.02629824019939,0.0423980535204603,0.00892666797410085,0.0334266446913794,-0.0329106341546247,-0.0306551828845474,-0.00993891150129472,0.0180000492856904,0.0237362659030543,0.0230453772540588,-0.0415754947393012,-0.00248278514915404,0.0210934997891212,-0.00506271461689366,-0.0262920144517886,0.000756747606996205,0.0102477785457466,0.00438437652897657,-0.00872290763046083,0.00480769306319932,-0.00601531814195306,-0.00398080912635173
"ROM_106394",-0.237802246023577,-0.0535240947472781,-0.0884718141960707,-0.0229106999987863,-0.0202231056845471,0.0419112991339152,-0.036462000055265,0.00176362570182906,0.0129854469560693,0.0367870514447153,0.000633715234200511,-0.0214921985881566,-0.00243321714716672,-0.0222977231261687,0.0120091170988616,0.0109202582798587,0.00667184476927968,-0.000218985100741148,0.0198012457573177,0.0218541409660872,0.00204496851122411,0.000174179424193355,-0.00588454877795648,0.00556593214019675,-0.0109380070692474,-0.0114050425895701,0.00382220330151476,0.000183461507701925,0.00373988087674862,0.00169315305065267
"ROM_106395",-0.3002943897339,-0.14904372188096,-0.0749080779513625,0.0501519486281002,0.00700027419372696,-0.0254554822250798,-0.0778788144689866,-0.0137740438184819,-0.0070369352940113,0.0239337621732415,0.0155154681666563,0.0450462644783325,0.0171619849059936,-0.00356346460606842,0.00236305708292745,-0.0120382560795086,-0.0412362450072832,-0.0160112920298744,-0.021986964845393,0.00807410564764469,0.00165478541085651,-0.00816645940611306,-0.0178563693716809,-0.0122056103948632,-0.0207156261855764,0.000992022083245208,0.00895924840875666,-0.00116810627533797,-0.00453375859964784,-0.0105534278004287
"ROM_106965",-0.301974872495354,-0.0668393190049459,-0.0105013257342202,0.0195383039543665,-0.0234416995981875,0.0387948286043265,0.00491889592603508,-0.0130976053835009,-0.0148546204578736,-0.0185807311813355,-0.0489837082985562,0.0140288325679493,0.0167258287505275,-0.0241925921183394,-0.0294010340208939,-0.0212346889896354,-0.0177882150963429,0.00642016374006017,-0.0285494020137601,0.00328936348014758,-0.00690665100333579,-0.0063922797316909,0.00210428574741651,0.00977770165709587,0.00390238076190584,-0.00220798858389404,-0.00371295129447112,-0.00603511651076947,0.00350578481827552,0.00174256495995757
"ROM_108781",-0.24570463891649,-0.0896398874700857,-0.00874208402084339,0.0148703119330337,-0.0764690047804539,0.00611967602198756,0.0257669019547775,-0.0320035179316435,0.00722468113656061,-0.00301994847661495,-0.0201755595654995,0.0360481278808411,0.0102228731338871,0.0198141577248414,0.0378007492790227,-0.010172074141328,-0.0164393540273416,0.000984067827553644,-0.0231590899707381,0.0203789225694451,-0.0178400796566695,0.0163697024380865,-0.0362553660570169,-0.00713626348170638,-0.00482965908417444,-0.017226925151858,0.00182136501852461,0.00278007829987989,0.013172467326725,-0.00912659599407125
"AUM_28149",-0.13321186334393,-0.0379454393384402,0.0257523366571599,-0.0735822090406657,-0.012302511237692,-0.0859241390938246,-0.0679391845998223,0.00591925047218632,0.0050716970451829,-0.00153914076608974,-0.0168665386712728,0.0450813682321922,0.00501122369945696,0.0271297848655719,0.0134433570389272,-0.000692122668750797,-0.0644954759567413,0.0184488283470357,-0.0179060750349064,0.0146313619220179,-0.00962697202929789,0.00235574439845907,-0.0113695308951988,-0.00628465512566576,-0.00882523612045343,0.00239367426242952,0.00381950790496895,0.00455559527074575,-0.00387633269541893,0.00159111838412242
"ROM_91390",-0.0266954293784102,-0.0343687754170599,0.00542162084419363,-0.0809661634883322,-0.044865244188327,-0.0500402609036683,-0.0357420266269315,0.0111484514441549,-0.0206854501272663,-0.0280227453790669,-0.00714697030816118,0.00506045474638773,-0.0247214744324095,0.0159733503388218,-0.0151174294679914,-0.0193585271712377,0.00483226037415763,-0.00478919703105511,0.0109601692159422,0.0197156656019227,-0.00123612469144926,0.0268239317563028,-0.00343099529384692,-0.00341269779899117,0.0111325786745497,-0.00153744155101297,0.00239708470009462,0.00988908021702867,-0.00140398400649114,0.00288534163988733
"MZUSP_117150",-0.0782381961566986,0.0248876666601592,-0.0227235555702337,-0.0865349802456074,-0.0221904585795758,-0.00781149568052118,-0.0745130306912741,0.0118178561525138,-0.0269456954502819,-0.0341464889600528,-0.030458919057804,0.00876368186069853,-0.0120728736439143,-6.35858031999325e-05,0.00632315463139844,-0.00797662728517969,-0.0179285583822153,-0.00476590786555607,0.000109656856921754,-0.00339885156472469,0.00863599927169779,-0.0130562140021564,0.00150467229664409,-0.00668935689616713,-0.00597814548492815,0.0142816984452145,-0.0168318576402894,0.00176118480924635,-0.00449137422254736,-0.00981267479784559
"AMNH_74455",0.0021579593344392,0.0340605525208393,0.0148726227338923,-0.0625188695700189,-0.127831608529526,-0.0354730702629186,-0.0161658106650616,0.0510210101064548,0.00519073878905429,-0.00602322351409071,0.0148836115113438,0.0205882268116746,0.0351983147113973,0.0115091004390264,0.0140428101042293,0.0263374112683931,-0.00618543438368329,0.00793360439358607,0.0319051510682116,-0.0223978859211686,-0.0136219722969415,-0.00792446751388444,-0.0130422710933087,0.00983928799313169,-0.00642598266483936,-0.00135286080443949,-0.00510741802803565,-0.014899834411829,-0.00712326847759224,-0.00734759790790492
"ANSP_185289",0.0413840938050547,0.052998035995414,0.0261991662040164,-0.109515553759778,-0.0195505698856533,0.00835866054485861,-0.00806768382097433,0.0165138561730857,0.0378591053654837,-0.0369875458100761,0.00535739279977974,0.0278861545796026,-0.00154511937879669,-0.0125043495341295,0.0126900000122707,0.00997359182480487,-0.00542863894538007,0.0052564670870717,0.00422112902036231,-0.00030050993378898,-0.00400712135069635,0.00897269659682011,0.00143538019239009,-0.00231359399568566,-0.0188423367015579,0.000985696914029695,-0.0165911589528095,0.00966207821394706,0.00182001971784932,0.00892782612215056
"AUM_39886",-0.00814808935773284,-0.00463681526258772,0.0304120703903404,-0.118193791014266,-0.00572358818873755,-0.00918878917496872,0.000351829274966199,0.00971554968877514,0.0594222120810731,-0.0366716450033903,-8.57170718183389e-05,0.00207674798095584,-0.00127743124665862,-0.00242475460854208,-0.00858565226895572,-0.00651632941083036,0.00823286857591885,-0.00604399884753836,-0.0107108457746369,-0.0121938910354587,-0.0159885817992626,0.00979768228525994,-0.0119427611633045,0.00236736045122611,0.00341377240307665,0.00768720890086494,-0.00826180627515474,-0.000160788290459784,-0.000853641448957957,-0.00214548025642699
"ANSP_189598",-0.283281703476272,-0.172484808495933,-0.0752712997938581,0.0301704346078227,-0.000570427573866728,0.0263212860236247,-0.0494735172504388,-0.0038145151124849,0.0313532928604278,-0.0238340793830996,-0.00713200819064278,0.00745668371622773,0.0194344977282193,-0.00420368357369178,0.000787820841035863,0.0156565849857989,0.0387470299125381,0.035052463139428,0.00880732390183617,0.0135064057772962,-0.00415104067454427,-0.00779560535634448,0.00472192266566872,0.00291101441587547,-0.0076449308099782,-0.0146288273882771,0.00902337146027511,-0.0137460957217564,0.0104905671698187,0.00704555422192562
"AUM_46306",-0.298705624016007,-0.147439515258883,-0.0460280989356092,0.0582973987258245,-0.0190470007867595,0.0133644328210106,0.0119171836957141,-0.00822622190841259,-0.00186207442641833,0.0204197093140817,0.0172954441231838,0.00346654222924715,-0.0352900677930795,0.00293480831569729,-0.00205000892269109,0.00573224978515225,-0.000259654392802085,0.0187326389573753,0.0193200508290546,-0.00205455333108794,-0.00716553553438022,0.000744250387882853,0.0101615188703604,-0.00418757852041651,-0.0176241241769156,-0.0105711677480394,4.86614497882468e-05,0.00473258277680479,-0.000327164533984286,0.00435804495061496
"FMNH_58566",-0.309012863345804,-0.141436974381367,-0.0818629639307471,0.0569487558513848,0.00203436782908883,0.0482554343219109,0.00768324600095699,-0.0204923303314248,0.0306646767756493,0.00908104841750845,-0.00206634042563324,0.0203468109869753,-0.0134268703776303,-0.0117724672328055,-0.0215698322539314,0.0036526128539138,-0.00173822220278489,-0.00440036082227059,0.0103678671586262,-0.00502403893285288,-0.0142980975770487,-0.00716511978397395,0.0112499472760143,0.0123349553806477,-0.0061321576759903,0.0017599099020524,0.00109859889104752,-0.000330965608707327,-0.000219217243692959,-0.00728554921043462
"ROM_COL19_30_f",-0.272988191705642,-0.149957175765706,-0.0811451826283014,0.0427409296954366,0.0509916148305597,0.0550935352758185,-0.0175940417267457,-0.0419905118476886,0.0245611739743932,-0.00135812915659601,-0.0200630954896466,0.000665974769769525,0.0182983919845638,-0.024789042734301,-0.012054894366783,-0.00223975929643592,-0.0119885890335851,-0.0214869356236037,0.000456059799224529,0.00351082259744806,-0.00278752277047346,-0.00887636146910985,-0.00334316776000135,0.0011391647800568,0.00224470798264264,-0.00383269466609139,0.0011489787699898,-0.000578000479993176,-0.0035106263108038,0.00544949897085163
"ROM_COL19_30_m",-0.347066881945078,-0.208149704577505,0.029179134362827,0.0680476620460317,0.0078918460584556,0.0798312668882175,0.00400437316435679,0.00706028213277263,0.0518795664291622,0.0584970175926523,0.0175285160700027,-0.00712811528309752,0.029147338257302,-0.0278064025394317,0.0250963989824755,0.00269973235830282,-0.000412889198761519,0.0144442462699889,-0.0215574000274295,-0.0109708874175903,-0.0044075525309191,-0.0163406217801852,0.0220669429717968,0.00727986066351398,-0.00756057374356576,0.00274286591610439,-0.0138381718834407,5.91723079293612e-05,0.00216184334275526,0.00357437967109848
"AMNH_233003",0.272275883227571,-0.197493344666021,0.0768497291498275,0.052130042617529,-0.0491206274271649,-0.0244371500485593,0.0863263154387279,0.0190691726121993,0.0151211420305661,0.0303829556699961,-0.0345179540419301,0.0204602913613361,-0.0250316217793314,0.0138885498651328,0.0113523831363321,-0.0280810256043694,-0.0169629367417532,-0.0258426070387243,-0.0125957865003321,-0.0122431249188766,0.00473984297500659,-0.0111142467173072,0.00258410662033873,0.00944168039787869,-0.00147526342388348,0.011586096180057,-0.00779448482186694,-0.00671663418329817,-0.00136505094193043,-0.00224519131040145
"AMNH_74457",0.265314543314629,-0.154228417554567,0.0591427228283625,0.0430996673672343,-0.0441364141087181,-0.0670216023811552,0.0460078106696458,0.00977206060121509,-0.0241042718786202,0.023365896301796,0.0150809292952193,0.0166427320046696,-0.0228632739331174,0.00523931115182439,-0.0177601748863133,-0.0119276612379518,-0.0093541314545469,-0.0152643886697331,-0.0182117405860041,-0.0102149120304229,0.01387751480222,-0.000470082400977034,-0.000157458853405601,-3.53404600028169e-05,0.00849444255375874,-0.00834907094340207,0.00013702313585382,-0.00452992475240401,-0.00122842390666125,-0.0028014203160305
"MZUSP_117148",-0.117590102789916,-0.0524648101700517,-0.0229182602742713,-0.0430086695364201,-0.0425354127873423,-0.0514090416652725,-0.00557657478062903,-0.000651213748392317,-0.0258720305229195,-0.0252604110598545,0.0192057917524278,-0.0211077378515023,-0.00172459224055938,0.00674142248673575,0.00578923631137698,0.0311735018381931,-0.00187034575304278,-0.00292609622878285,0.00403856162395944,-0.0106134840528848,-0.0167680328007959,-0.0180273587761294,0.00209869371292813,0.00191771964955212,0.00400289212832399,-0.0126442029807749,-0.00405474735557894,-0.000205039410572218,-0.00561261235726336,-0.00684775324560135
"MZUSP_117149",-0.0747079644511611,-0.00363346669712785,-0.0357846365370583,-0.0636714681042506,-0.00323354295937821,-0.00853876038583082,0.00785380675541478,-0.0149716445235501,-0.00681857806859684,-0.029125349310401,0.0120347256056355,-0.00484985898225829,0.00228244296639872,0.0110445592557844,-0.000385896374442015,-0.00717836650615594,-0.0144074483978312,-0.0111254275741324,0.00876214059263184,-0.018369443765805,-0.0165039306261356,-0.020601636431478,0.00521621863469891,-0.0114535109031506,0.00062364295861865,-0.00816034478901815,-0.0146145542881047,-0.00584175458403302,-0.00445722723148355,-0.00648750318020314
"ROM_98115",-0.0774042647951422,0.00559008463313322,-0.00424039761928204,-0.088344590456398,-0.0124396594139706,0.0143174620128889,0.0273423927689791,0.00432248091735102,-0.0113746256872155,-0.0181213092534789,-0.00279776164709922,-0.00158621515145498,-0.00441382755021186,0.0105377874346435,0.0205122679674264,-0.000594160704556779,-0.0101419790492323,-0.0151279334170978,-0.00640153405653136,-0.0018124369226049,0.00121906477290185,-0.010842342828,0.0057793680643571,0.00913863384014212,-0.00700495694599348,0.0098516364111566,0.0133054152400504,0.00124896060942313,-0.00331940726105102,-0.00588312772317992
"ANSP_187122",-0.138497615460221,-0.104822896790372,-0.0717027369300994,0.102024470668462,-0.0635692141172736,-0.0434168161251808,0.0385838259872029,-0.06273443766192,-0.0992292206574762,-0.0230829762931287,-0.041051542979287,0.00797239583005859,0.0214389760722439,0.00903970761881412,-0.0253326527893867,0.0108201182250089,0.0247651486819699,0.0217324411354994,0.0239081502913518,0.0080983919860359,0.0102051108115044,-0.00695927651218886,0.0212178030174138,-0.0144484363722034,0.00166380558340332,-0.000955781781945337,-0.00155730636448053,0.00348262778318622,-0.00128407054062058,0.000991258808435871
"AUM_4242",-0.0402804735233083,0.0253726164877713,0.00940449959431057,-0.035183113737609,-0.0388685583940738,-0.00361604140408373,0.0100595277696597,-0.00321618589095013,-0.0294282187798602,-0.0370442666643771,0.0161180965883235,0.0314385487435644,0.0351620896960834,0.0336474840668201,0.0298272895379543,0.0316392643152673,-0.00813928978264376,-0.000963748774201686,0.0106001647604872,0.012853253629922,0.0227670591435439,0.013043314872663,0.0111392877796991,-0.00196309429666015,-0.00669953101743506,-0.00843874795017659,0.0182157495060871,-0.00041218408008997,0.00194143335323249,-0.00576988171340144
"AUM_43565",-0.0777973431273925,0.0223492561377717,0.00890266692849499,-0.0908151977622362,-0.0277848609003586,-0.00773066020421498,-0.0350797327340351,0.00766437179042158,-0.0195689641453709,-0.0153064483764545,-0.0017938252748671,-0.000999195214974412,-0.0269740632931629,-0.0111298861342008,-0.0183125414711854,-0.0143573817825134,0.0188700635866514,-0.0056110513285649,0.0120680589118268,-0.00449794412725944,0.0177725497069611,-0.0056571324040771,0.00335401719727862,0.00318557178893479,-0.000346020811678109,-0.00108552260659559,-0.00505433848964269,-0.00630638998930963,-0.00220573377270138,-0.00629351266288653
"AUM_45427",-0.193574896213127,-0.0664015002475424,0.0544819825167104,-0.0388811270895393,-0.0383739110299933,-0.00803031470593681,0.0142856411987303,-0.0137037706663001,-0.00523838378206502,0.011014754868967,0.0752096079999117,0.0155404848797203,-0.0253759935186584,0.0211590172779411,0.00541793185922012,-0.0124363969916526,0.00796454161228598,0.00357612160454564,-0.022248446249891,0.0148891015843796,0.025386741233513,-0.0271089396666119,0.0273711650039089,-0.0182819044352562,0.00874847183332981,0.00362168399633555,0.00336527967752681,-0.0163338565545252,-0.00442821357646189,0.00116597040246605
"AUM_53574",0.0116599689711962,0.0105938217754035,-0.00779322817295087,-0.0436679191994262,-0.00494559908158844,-0.00462251047020559,0.0641334200790817,-0.0211266344413697,-0.0374029229886988,-0.0399945060606403,-0.00486411251852543,-0.000556446882619962,-0.0118264289445759,0.0162380496265632,-0.0203325012604176,-0.00806128279189445,-0.00328784554893894,-0.0145211907994805,-0.00678752035618547,-0.00265564433289953,0.0103373295279031,-0.0161163255923755,-0.0197778705851615,0.000722790748180962,-0.0115704383387873,-0.00539786145539931,0.00494396094094185,-0.00102573418460487,-0.00310609521714353,0.00514697686991579
"AUM_56669",-0.0636025251192018,0.0279401095797979,0.00147307123247632,-0.0441958984575093,-0.0151557203858225,-0.0481480719498692,0.0623207711071615,-0.0157747425971774,-0.0143002230572256,0.00863578514725386,-0.0192935114154952,-0.00652340164174322,0.0270965336200631,-0.00348328356507902,-0.00532909490907564,0.0106461532007023,-0.00592149100402907,-0.00790902752255547,-0.00174877467840057,-0.0112021283361439,-0.00412401838306716,0.0060143304415921,0.013705169330925,0.00197165094501183,0.0086485316546754,0.00686859738767049,-0.00281903003600401,0.000344177310342398,0.00675949659626479,-0.000420362142349165
"MCP_51717",-0.170355382220691,-0.0542146371551347,0.0277379483258546,-0.0610987650985756,0.0316434222803071,-0.0124715830725522,0.0260129298679851,0.0156721386572097,-0.001705540286288,-0.000706714160935828,0.0600071387249212,-0.00445536087404739,-0.0152321460799596,0.0192669576864045,-0.0116623082837461,-0.010594110479711,-0.00650146763421954,-0.0174746484395528,-0.00580958866173932,-0.00725010992189004,0.00287738290529147,-0.0177784498584256,0.0141527164293412,-0.00300597187472584,0.00150285451604202,0.00550193751467319,-0.00169818303827954,-0.00225865965971233,-0.002320023228829,-0.0034263391142189
"MCP_53183",-0.136223521828392,-0.0697561859730166,0.0380904981328246,-0.0484622130776032,-0.0364666485608695,-0.00497288292515334,0.00577556837085349,-0.0179275766145753,-0.0296487429930812,-0.0410490453534247,-0.00985081152565422,-0.0202490224836439,0.0130933933276616,-0.0178306551354863,-0.0313718007285871,0.00223231386401061,0.00179932598943919,-0.00182938958261127,-0.00317441798912331,0.00837317090691779,0.00439706894564491,0.0126395038862522,0.00536898109786837,-0.00284157932228214,0.0034665546845368,0.0107751877290681,0.0140226394300304,0.00331166043107028,0.00656118096039211,0.00692512886963569
"ROM_93738",-0.0442366828068637,0.0184533006023003,0.00327133153627435,-0.0494409088544396,-0.0809845241268618,-0.014156370826355,0.00688418286262018,0.000427346120858879,-0.00118647185785723,0.0164203567361494,0.00904630094742491,0.00972093074324525,0.0376824962894995,0.0229697598624948,0.024719859143124,0.00451366290264849,0.00185645314680406,-0.0189131869554696,0.0106283408332408,0.0220639114549705,0.0187409272876402,0.0041665875046047,-0.0209108607287939,-0.00723884577114027,0.00157570338148607,-0.00622761558435136,0.0174195001502029,-0.000383522836430322,0.0059990750030885,-0.00692843361578158
"ANSP_200877",0.0192837897466483,-0.111181917471178,0.0446825630517113,-0.0630851959561263,-0.00119804142008121,-0.0282193548080274,0.00419262300760602,-0.0317343888032162,-0.00757626905575187,-0.0345216225244198,-0.0271939403842257,0.0047178739445351,-0.0152302043740448,0.0175509530790729,-0.0295913371377114,0.00133299159199573,-0.00416544960654237,0.00696470885940242,0.0245313990492771,0.024243768271925,0.0151539097308499,0.00580837881761078,0.0067458213083711,0.00541469604146684,-0.0120023200100903,-0.0260224042464662,-0.02178761603821,-0.0144316737130269,-0.00122250223256181,0.00436977262235439
"ANSP_197839",0.12332164659761,0.0545047371833824,-0.0242553851710217,-0.0239751704666591,0.0234644306255017,-0.120711198559727,0.0587188800878191,0.0145425677828968,-0.0258505468734001,0.0362732094244621,-0.0157189544070138,0.0400087584969072,-0.032974924935996,-0.00385421201689856,0.0120975522956645,0.014972184077063,0.049881465849931,0.00166609053517407,-0.0107630453633219,0.0282861006341096,-0.0312422615540133,0.0294240122084399,0.00223897089234433,-0.015593830885977,0.00545163218143808,0.00317267095728319,0.00395478301357904,0.00386310616861802,-0.00332937598755493,-0.00797686996104197
"ANSP_199002",0.119887036221397,0.0538942659714021,-0.10183687950673,-0.0683601771746442,0.0965735237266904,-0.0498232328432941,-0.00295184374880345,0.084077910759607,-0.0524997844920327,-0.0134802251004314,0.0246606188455558,-0.00499592288339175,-0.0118148313746922,-0.00908303951413011,-0.00587173949220697,-0.0428970412543653,0.0203544081161507,0.058367346305944,-0.0179833578374157,-0.0161545221520547,0.00965242747239469,0.0149741617578974,-0.00153126314571389,0.00018712091240133,-6.53065195717682e-05,-0.0242792653535235,0.00839598160012999,-0.002067205812414,0.00219907619058306,-0.00484487355693888
"ROM_94150",0.0860954370841627,0.0148837304247061,-0.132974823120724,0.00148333870549382,0.0823385351177904,-0.0965146485088682,-0.00692772904424479,0.00917747223092315,-0.0862504240391873,-0.0345614277558532,-0.00867379289698247,0.0352158730891861,-0.0417480931865275,0.00861989381023056,-0.00895374294132021,-0.0360460636580613,-0.00173443454391729,0.0215964088919846,-0.0114321919479765,0.012128766389251,0.0101200798048704,0.00948265998861509,-0.00566802498733227,0.00816938692237365,0.00044771376340512,-0.0131779375013717,0.0138418770040581,0.00377633076074007,0.00699684612864713,0.00961501086288264
"MCP_12809",-0.085257335513811,-0.0171370536837524,0.0432194461315315,-0.055711263609178,-0.0372598042896227,-0.0344390179949629,0.0508104906192947,0.000851544624051538,0.016294969028313,-0.0220481870642611,0.0158052854958216,-0.0112474570296586,0.0324770385215313,-0.00388103717119079,0.00748709057985514,0.0159940094219364,0.0156630834267697,-0.00419037627986381,0.00367737963710978,0.0117671158950644,0.00477342893766384,0.00894558210198733,0.00755720399347307,0.00507978969625756,0.00172256276653346,-0.00451963924299878,0.00257026241092568,-0.00229876400057464,0.00606368323189432,-0.00201057385686052
"ROM_95979",0.0309826075575982,0.0699243041053117,-0.051937060979773,-0.0263529268523279,-0.0700513064558141,0.0154067234973896,-0.024770911888033,-0.0360664321822162,0.0255547676826819,0.00537122734803882,-0.000551388692924999,-0.0260038412275915,-0.00599946172386597,-0.00739791429559506,0.0130663966887409,0.00301016506941616,-0.00018007700288062,-0.0104558926894626,-0.00762273179920034,0.00289265798125245,-0.00403175685361592,-0.00682072553995761,0.00591530766907274,-0.0104666031835775,0.0100973837866844,0.00200920623713006,0.00342637757859746,-0.00836510779056364,-0.00156587577051935,-0.00458503489769533
"ROM_COL19_29",0.06415688725129,0.100549763337469,-0.00748577988358528,-0.0707774432467231,-0.0519067845266844,0.0350063072340084,0.00188084213260876,0.00177423721331144,-0.0351035093026978,0.00271332310665226,-0.00921647112708165,0.0266681238405039,0.0107938058656151,-0.00794875335423203,0.0298149017389873,0.0183636833576969,0.0188186902512742,-0.00334643971063622,-0.016258432793398,0.0112957684424145,0.0132875935872105,-0.00465402445308742,-0.0028335379013287,0.00367258962214375,0.00832669503434493,0.00994218598406704,3.73241163463153e-05,-0.000215262457043516,-0.00908275576281804,0.0011313395299451
"ROM_93638",0.0171620713094935,0.0108671086687666,-0.00782230956619334,-0.0617293617903454,-0.0495418326698955,-0.031778286772002,-0.0237098957657519,-0.00427209970807258,-0.0110090309514228,-0.0138096170518099,0.0484029173488502,-0.0226070278752199,-0.0101746178293025,-0.00193263556651165,-0.00526988495080507,0.00769655959904265,-0.00683158938421526,-0.00940892484276548,0.000129001713731566,-0.00292828589303615,0.001566424377741,-0.00625747378047708,0.00562230399636443,0.00334409645141649,-0.00454465546876269,-0.00322269693996795,-0.00223221919785931,0.00360090957743942,0.000800751589482302,-0.00346140759521643
"AMNH_24814",0.0345958342799673,0.065346779316958,-0.0118576264177688,-0.0385294660748133,-0.0200708478185966,0.0487889350020078,0.00411251910452277,-0.0362224876896301,0.0362044943124086,-0.0228483066644907,0.00686084989717026,0.0118186310504475,0.00710931641404078,0.0177170890324086,0.0164811195013741,0.0117693086934379,0.00545048864740828,-0.0259273600927301,-0.00916575190336501,0.00324508230193277,-0.0100810240349894,0.0144739497078738,-0.00501926634514468,-0.0166731600244338,-0.000884730090780607,-0.00791988207753666,-0.00134349165922955,-0.00173471370314525,-0.00144721657482072,-0.00395113650126404
"ROM_94684",0.0705205253127368,0.0670453722154852,-0.0349304069255332,-0.0435000127487831,-0.035593329105794,0.0177076724093493,0.0492296767743314,-0.0333781715302562,0.0202927793877822,0.0148152669325362,0.0359617377325543,-0.00474341158660683,-0.00484651018278215,0.00502711001661244,0.0142916640422175,-0.00426985623136662,-0.000316807700856007,0.00225534059754371,-0.0175337375528055,-0.00225951599949817,0.000941202375957435,0.000519448672713525,0.00299206595282939,0.0101529536163642,0.00159867351478802,-0.00824038248493274,-0.00942866675422523,0.00333867798058939,-0.00234396878892242,0.00278452213641781
"AMNH_11211",-0.0634485527304393,-0.0130414840407831,0.0320379742786341,-0.0693186544835394,-0.0200829448730704,-0.0318073085939213,0.00637882663443233,-0.0300088838504857,-0.00707495399853721,0.0205844364970326,-0.0221005189449551,-0.00699785865808296,0.0458097272413779,-0.0160044113199764,0.00406979753787353,-0.00667385570103847,0.00346940665085494,-0.0120486838014031,0.00723939985529747,0.0130799284374849,-0.00984022637180651,0.0151916698464211,0.000559092690836495,-0.000269946890815368,0.00163466845622885,-0.0074861350417442,-0.00460514017830212,0.00825337764335942,0.0021612089004177,0.000929737704139551
"AMNH_12605",0.0163023430116825,0.00390814453134606,-0.0211552018855741,-0.0951862354041992,-0.0336852131933951,-0.0421840535639764,-0.0461245704989646,-0.00437937241740839,-0.0167334362363862,0.0272091993022684,0.00283419760667988,-0.00761807849397119,0.0275502600737783,-0.0292607077381046,0.000500317445534014,0.00356804230367115,-0.0283132927485914,-0.00577295637930891,0.00810975122856437,0.00546258007496366,0.0190595539677362,-0.00538348599463168,0.0158666641687332,-0.00555494058321413,0.00273740250664406,0.00255351573007299,-0.00466690638342752,-0.0110463555409597,0.00328371914863651,-0.00284668040495229
"ANSP_191314",0.0704280638493933,0.058167654107739,-0.109145867662892,0.0764195217816018,0.0264219884103115,-0.0672887089934989,-0.0512531053213873,-0.0761504083345219,0.0721393745838094,0.0688150885407783,-0.0144396098892183,0.019657689451032,-0.00586047755787148,0.0422064968612745,0.00833672504280695,0.00657829268721638,-0.00504030045895145,-0.0136753663369725,-0.00608077465216102,0.0131139829617487,0.0109177894262103,0.00982411910435727,0.00697730377685532,0.00573629669412892,0.00256294357154843,0.0163840882288164,-0.00026281915479689,0.000358444983502859,0.0173379092552695,0.00422701978809012
"ANSP_191315",0.138506878596379,0.0154135228852026,-0.163391677429563,0.0830598943635856,0.00502489443624732,0.0229676866714213,-0.0878132659500337,-0.0657042747757134,0.0786977754075613,0.0225103463291386,-0.0183059910591068,0.000515570322956821,0.00846384029803614,-0.0119940032436053,0.0163372656367642,0.0117751013124085,0.0192313567875322,-0.0249496508792735,0.0289521414614869,0.0250449300553797,0.0173401248002756,0.00662167604430895,-0.0140333439423326,-0.0021028315460555,-0.00707000741501787,0.0029781354192808,0.000235382417906993,-0.0115202835125377,0.0050342973776486,-0.00451455285771208
"AUM_58525",0.169922387802031,0.0272981164567341,-0.113987079411406,0.064734256965202,0.0180320920972912,-0.0372205003537228,-0.00716797575917792,-0.072126561787741,0.0712519091964495,0.0236964523355626,-0.0184852549996823,0.0103759075717037,0.00672030447146405,-0.00753636631679412,0.052116624436845,0.000324561277875071,0.00035081596063019,0.00255408614192126,0.0175113715133863,0.00979940927379099,-0.0163931396491701,-0.024069501884381,-0.00706483901993163,0.0116445749005261,0.0148100053482499,0.0100384442438458,-0.00649603254988497,-0.00956627019526279,0.00154811434617383,-0.00302123519955349
"ROM_94333",0.127882692749637,0.0771683424034005,-0.13655254568806,0.0650705537048254,0.056177066935142,-0.0380538446909192,-0.0445066798429449,-0.0100477659941922,0.0727455162813003,0.0249773321945478,0.00045793727468724,-0.0137153209036553,0.0116229293837763,-0.00866556178055938,-0.00146216453147155,0.0239559271521481,0.0245119966903876,-0.0454525455589761,0.0111487027316977,-0.0099018520813834,0.00713005353417252,-0.00863523540878272,0.00094671802497493,0.00284814231599664,-0.00432543373650558,0.00562601928781297,0.00892693356078105,-0.00831218884544204,0.00164741650545577,0.000599300884208911
"FMNH_84607",-0.243618219529298,-0.140709898677027,-0.0639673494027493,0.0338472904681905,-0.00478415198564901,-0.0200840389149704,-0.0362639896613157,-0.0171765885254611,-0.00459970456700333,0.00407712689125941,-0.0285249914534999,-0.0146339356706641,-0.011641285127683,-0.0108598021699848,0.0145558685337301,-0.0247741503362663,-0.0100048384005926,-0.0123649669764057,0.0283531520222485,-0.0128519492819929,0.00931384587618065,-0.0106631811617176,0.00584574815531593,-0.011712296827974,-0.00228147896448731,-0.00315794387714003,0.0125539576538838,0.0020106941865175,-0.00653619659612445,0.00203267757127157
"ROM_COL19_31",-0.314686452263419,-0.136672277166664,-0.0505795341175656,0.0498219740144702,0.0255096826085676,0.0147749831912498,0.0087737685643805,-0.00891516614849192,0.0272835335954404,0.0270555109677698,0.020140008078357,0.0178247861573822,-0.0161430396341053,-0.00432433725260677,-0.00804292567060384,-0.00516902006519962,-0.0132934720593411,-0.0120041329673759,0.00111114406244504,-0.00384459508444531,0.0140208240637957,-0.0022257327580962,0.000135360954377725,0.0120709222045977,-0.0043997797869363,-0.0030000858876188,-0.00147721123370518,0.00518808749365389,-0.00150276203259295,0.00379891022447856
"AMNH_91025",-0.0793755594080556,0.0106891420451649,0.00323312402819305,-0.0734531527194806,-0.0258472290766656,-0.00258782133629728,0.027529367105865,0.00671296965823547,0.0109003038805966,-0.00291176876384848,-0.0347468266749317,-0.0322343799478178,0.0268588011737689,-0.00259432722432945,0.0244916567777896,0.000140164389069848,0.0281507761533011,0.019274557481925,0.0125217566488367,-0.0016871757577503,-0.0171320033072205,0.00642745902393162,-0.00910285630351499,0.00368366997314312,0.00507637225054124,-0.00810477892544386,0.000791855676426225,0.0062263040430761,-0.00290569206966641,-0.00320338754198032
"AUM_39473",-0.238176078372249,-0.0941273569824947,0.0377708926005822,-0.0214506239969694,-0.0374152746948277,-0.0251067315908989,0.00153210575748053,-0.0228602971778371,0.00488784040515644,0.0202613010785835,-0.00854892579963221,0.00869013001480556,0.0193455359733782,0.00486474174034191,0.0376615042609804,-0.00749421584094666,-0.0183279831292563,0.0241452219570071,-0.0190405750229524,0.0129566752816535,-0.00494281430245893,0.0167556933411282,0.00735504398218441,0.00163481110484639,0.0087055780777749,0.00356247529061539,-0.00124209521472406,-0.000769513000221841,0.0048047315214891,0.0074455513268092
"ROM_93308",-0.0852594068305052,-0.0208930131432148,-0.0225705364841881,-0.0882524303444532,0.00552116177988455,0.0211103484793353,-0.0149632857534312,-0.0175588970326661,-0.00296405403833473,-0.0253502389559356,-0.0348026745450534,-0.00981204820482816,-0.0379609713488902,0.0126465006094483,-0.017573380083993,0.00362868859061001,0.0167341952532705,-0.012544719185165,-0.0130446877363835,0.005814671922597,-0.0170630506644671,0.000369174893013932,-0.0122692789920999,0.00261153475473763,0.00236957333859704,-0.00493903928354329,0.00091696900029152,0.00231247392987954,-0.00417347441944167,-0.000920698639939242
"AMNH_7119",0.216398313059676,-0.168500251473344,0.0317491276388011,0.0404529128368971,0.0197340317167172,-0.0562218604054124,0.0568770070668978,0.0247794904144862,-0.0129571237419077,0.0714953807559838,-0.0325721533424053,-0.0153154873321792,-0.0116687972033866,0.0519379257176807,-0.0331095342306957,-0.0177124000349532,-0.00735364140765572,0.0338295703834431,0.0392853386525694,0.00449839352597331,0.00673311340853762,0.0248792727048959,0.00455219933628762,0.00915303155903712,-0.00962979660099627,0.0015305742205854,-0.00690843054535734,-0.00222796992887259,-0.00356021726827728,-0.0107308760375698
"ANSP_177363",0.152720650745034,-0.206716672986864,0.0721063715023466,0.0914314688856206,-0.0225042463119831,-0.0285367886242237,0.0667773045517384,-0.000148148179414485,-0.00598179034686022,0.06859962690784,-0.114792987850329,-0.0426397583458343,0.0412080890056956,0.0374122504721111,-0.0204662529585331,-0.0753091857918058,-0.031163479094992,0.00551828306686947,0.0200901864274861,0.006014297024508,0.0190809840557865,-0.00258737465519182,0.00697191792906364,0.00230621363906616,0.00323208780115614,0.0219146028362249,0.0111724336191286,-0.00579821736570389,-0.011793307863977,-0.00858161513912727
"MCP_14096",0.113418017390516,0.0234346588996328,-0.0765883501681005,-0.0108321473201684,0.0362292134203639,-0.0545287204649656,0.0496080568701442,-0.0189562299828068,0.0400460439976356,-0.0134801603506903,-0.0488286134870577,0.0107583029620952,0.0058389291213691,-0.0117707925212259,-0.0438315308782502,0.0218684280760492,0.0159056635444302,-0.00506388497696971,0.0177219834152589,-0.0517562084297479,-0.0455903348760053,-0.00168668901838155,0.00647387871852844,-0.00987335633271842,-0.0255122971123723,0.00590607319834838,-0.00165376975861235,0.0132530719093785,0.015044929457131,-0.00347848948243735
"MCP_45964",0.050292137121886,0.00253977760720715,-0.0893359560830753,-0.0108256376108702,-0.0181558854569002,-0.132375948212078,0.0222477509747646,-0.00138402274078186,0.00452605417340829,-0.0144218303544744,-0.0279039941171911,0.0299961069517072,0.0109073193157642,0.00726798701717524,0.0668527461804212,-0.0228618796224198,0.0293593127918184,0.0292554146040315,0.0236428850783921,-0.00374466332081361,0.003826070113987,-0.0155879356274859,0.00867023031954376,-0.0241105922589743,0.0185350232167386,-0.0060756234110763,-0.00124403434095779,0.0103502145016934,-0.00834593328732812,-0.00196852614283985
"AMNH_255488",-0.107525209007459,0.0278723773038057,-0.00891973380774597,-0.0910363397168546,-0.0479947998653423,-0.0217817713169815,-0.0412014224461051,0.0361951027290643,-0.00524990920778187,0.00416930980405472,0.0113171607115118,-0.0175466770668801,-0.017091652310021,-0.00200009572657066,-0.0207955818401664,-0.00121737977519269,-0.0128041714126453,0.00322045065967412,-0.014893012416621,0.00507533148021407,-0.00158864570086411,0.00258694871614318,-0.00402639569428995,0.00635190387976397,-0.00173196507418151,0.000144313862205396,0.0150484852718413,0.00767890227604103,-0.00144166990725397,0.0013979761303444
"AMNH_56142",-0.134107002597425,0.0483549163310792,0.127135977436452,0.0303241252761802,-0.00103504083034071,-0.0614730399360764,-0.0686305209435296,0.00651133386602876,-0.0156574162813457,-0.00788661174562315,-0.0219689793082782,-0.0277507782494217,0.00469359471483346,-0.00210679949928466,-0.0273016548098612,0.013149491008841,0.00416478935866096,0.0113129586999218,-0.00378687848443806,-0.00236873044272644,0.00670337912544102,0.00189101772695941,0.0171961662157741,0.0111897995559941,0.00827944782339569,0.00371884055017152,-0.00138637216017257,-0.00214367459464689,-0.000438097881922416,0.002242718110674
"AUM_49999",0.0142773872021552,0.0790538716900779,0.0257880121523648,-0.104761573440647,-0.0466758411790751,0.00944180446114284,0.0258681569570156,0.0255560677959036,0.0222650927260583,0.0293202732355891,0.00557775435178284,-0.00268969193631896,0.0282617033716754,-0.0346213491463952,-0.00897519769850642,0.0163052463198859,0.00931546978122406,0.0066436872323354,-0.00349649011736196,-0.00640816731447235,0.0178975560627517,0.0012428898866754,-0.000461172767824006,-0.000344770192311271,-0.00783847319211211,0.010666056947494,0.0108169735182621,0.00779532129375867,0.00773457185913545,0.00237511713738528
"AUM_50304",-0.00838075367726403,0.0796217795691718,-0.0366407038058152,-0.0584549820006812,-0.0775973854076168,0.00833877292890762,-0.0191118062211116,0.0249768521713084,-0.0411591974954689,-0.0240394307056347,-0.0272551360268714,0.00649892809146,-0.00261423090780182,-0.0150799931599845,-0.0420081407128658,0.0149027791052081,0.0212683325133947,-0.0105222979656608,0.00780724099254258,0.000311608594539543,0.0158759796735027,0.00451260932689948,-0.0164360421942121,0.00606055343672692,0.00240761303059308,0.00550870552164947,0.00242210755852032,-0.00504611761428422,0.00455132175066163,-0.000855713034819284
"ROM_93534",0.00878690138299834,0.0208114418359001,0.0181405517843184,-0.0675684935309965,-0.00463487388457816,0.0185543148410294,0.0446699496566697,-0.010292614768369,0.0295835248279221,-0.0117546325627413,-0.0329915024834509,-0.0194143955871091,-0.000176558914532821,0.00717237023294491,-0.0461360261117644,0.00995292511583832,0.0180306172868819,-0.00650858792465584,0.00601049820287058,0.0081661456463174,0.0121636767099924,0.00455899554160204,-0.0023758200411401,0.00808162642159893,-0.00454187473661529,0.00213223483738915,0.00128698282852581,0.0032387712458884,-0.000450219501170419,0.00134966958146357
"AMNH_12600",0.0790122285599093,0.139204501134083,-0.0187939067370437,-0.0322254432097222,-0.0124319820690053,0.0100987199227414,0.0638821611653116,9.3217822828809e-05,0.0187469583795139,0.0557030124053848,-0.0177206678155433,-0.0181001750786633,-0.0108070342607019,-0.0398486846088355,0.0102374448522373,0.00372904625346478,-0.0148529602566162,0.0184530809069196,0.0024993494413318,0.00874834986377499,-0.00360944881746552,-0.0135525987492194,-0.000514664527059902,0.00750711306997618,8.73274680868903e-05,0.000283025272644098,-0.00645629805740091,-0.0116438611710714,-0.000708237456419923,0.00371499048144611
"ANSP_194642",0.0991910611372075,0.0970081623566403,0.00652004733931768,-0.0236342590826184,-0.062333269655893,0.0255895869998895,0.0596838666762405,-0.015762095819944,0.0365961106190054,0.0608551481265958,0.0245664536488534,-0.00701945257999888,0.0278057948573267,-0.00635013287934493,-0.0087596218397395,-9.79228791950747e-06,-0.00272567424557683,0.00636279233351403,-0.00681847387263839,-0.00233268237657753,0.00155165061916903,0.0118285193213611,-0.00670747604079309,0.0111029873660578,0.00826389444562308,-0.00347683939161009,0.00128044383538739,0.00365560410982498,0.00317501628539913,0.00989590739462438
"AUM_22665",0.0643891280670443,0.136664091868287,-0.0458716699926619,-0.0728690165358629,-0.0135371510397989,0.0305617743840142,0.0521342448724439,0.0205829038584751,-0.00365559657245764,0.0550692702493534,0.00915404348123003,-0.00809133126403878,-0.00663640998688759,-0.0408361191770008,0.00127023093333404,-0.000462838695602349,0.00386070764948866,0.0200596312605148,-0.0112645724009081,0.00636458889708444,-0.00414527692692691,-0.00488146635076635,0.0086658742822379,0.0126970405270565,-0.0014164030426017,0.00257851842142136,-0.00502500520913257,-0.00681477886658569,-0.000649421755786461,0.000700001172196763
"AUM_46691",0.102805356324268,0.0975208250422978,-0.0618930883798619,-0.0154942118455132,0.0607316076788028,-0.00682989829341137,0.0390768262004968,-0.0400595235441842,0.029304841697336,0.0397272917001921,0.0470033683207297,0.0159468407964888,0.00152687312938215,-0.00527238906507213,-0.00584724264606007,0.0018669401886498,0.0067133965385863,0.0362143027566234,-0.000863542221389233,0.00564903928240702,0.0156636951607366,0.0191415367819325,-0.000618525094650413,-0.00897491702982509,-0.00277814409950012,0.0211168027617513,-0.00563526317184385,0.00727745306752317,0.00156478703383326,-0.00774035998318026
"ROM_ECU22_09",0.0494903132756561,0.138199193203935,-0.012895551062853,-0.0408191147980849,0.00532444344932705,0.0641375526422965,0.0613790269295311,-0.0448700726485702,0.0197777603129959,0.0329714770414416,-0.00783076581267573,0.0189272016041729,-0.0166127723918377,-0.0310786565245851,0.00512757554510121,-0.0134707342526359,-0.0163868242472647,0.0259619215866995,-0.0135496749596149,0.00309724229325623,0.00735515091258445,-0.00409160904228759,0.00993585772346025,-0.00313309495219636,-0.00943037351288557,0.00783373120840016,-0.0047229191696025,-0.00109912681796034,-0.00150732823834174,0.000177165646922962
"ANSP_128682",0.059759403707913,0.1318238084603,-0.00930264578238684,-0.00696324038523959,-0.0383881275731148,0.049784909641045,0.0932743028769347,-0.0464287403830477,-0.034609176798298,0.0718372419399369,-0.0308001079445446,0.0367241868213117,0.0487367903006954,-0.0305298963943144,-0.0147100524401728,0.00490628984383864,0.0259538325389948,0.00499583653106882,-0.0171293519544813,-0.0160054771149441,-0.00589246311037409,0.00543013306867443,0.00802991732009795,-0.0058957451885666,0.00820879734099239,-0.00241265796937335,-0.000183380450597335,-0.0123735724991378,-0.00327221012329342,-0.00371299102328415
"AUM_45559",0.0677931881359984,0.130182955894,-0.0660519119540714,0.0175548234836273,0.0148062520043907,0.0610368604322853,0.0944504699182535,-0.0325320205227159,-0.0712824830595079,0.0566854349866803,0.0108375585680232,0.0121375376129715,0.0266800128620952,-0.0422158390567701,0.00293228979767559,-0.0257535649405192,0.00475496899866632,-0.0159425634920669,-0.0136568065325327,-0.0301988429303633,-0.00173141760018278,-0.00853030347466621,0.00227021186144228,-0.00813764802090091,0.00510990606322983,0.00171735942104374,0.0153448053434077,0.0121977999091183,-0.00707617086588713,-0.00803253291411423
"ROM_114965",0.10366455642467,0.0705249955045938,-0.0568149527482241,-0.00112548050156624,-0.0294577872490508,0.00326383833571621,0.0712986153410354,-0.0420826649060144,-0.0488073041377913,0.0423614906162333,-0.0212400644015848,-0.00185725550631191,0.0187921048960006,-0.0307324529858632,0.00547472248050469,-0.0191672295700793,-0.00667143257200609,-0.0206768009479704,-0.00533068559182148,-0.000209408861430096,0.00340301004186121,0.00410429739685748,-0.00201424665779176,0.0204469452227367,0.00543081748818283,-0.00908068575686373,0.00195517818216656,0.00157084271091816,-0.00726038425831816,-0.000328109628523183
"ROM_114969",0.104046906064984,0.10585253129203,-0.0899595072343317,-0.00446167154123852,-0.0331907863238306,0.0385397429899678,0.0635421549152939,-0.0181461292690765,-0.0545649425603936,0.0204142547500854,-0.00429086128414125,0.0146819223046696,0.0326576575230877,-0.0308597368899931,-0.0295776051790382,0.00526559186929708,-0.00294244987130616,-0.00593656822402713,-0.00964531126849704,-0.00892275869430811,-0.0154514899372475,0.00658573995952414,0.00800566226884902,0.00573844786112663,-0.0110960642339656,-0.000305162678537112,-0.00584536959723722,-0.00563393353229586,0.000884973036592679,0.000186648064652397
"ANSP_189131",0.240130119217135,-0.122997102171696,0.105161597046142,0.0418118752822757,-0.0430603087548747,-0.0871331384192266,0.00611509042438664,0.00303091715456675,0.0413930741813663,0.0257135583214671,-0.0397008284187338,-0.0135404667156938,-0.0136537857679241,0.00744150827151465,0.00643552656156933,0.0030141861870627,-0.016363267487477,0.0279825350052954,-0.0240783208043673,-0.0207915071729526,0.0106063109623757,0.00901105324630059,0.0105560875862195,-0.0103160037555205,-0.00362532223619932,-0.0238868637608234,0.011769993349433,0.00422633923787655,0.00250875507059441,0.000124515757845222
"AUM_67127",0.284168388852792,-0.166500257795333,0.074657655049086,0.0391942625735508,-0.068623338134669,-0.0339288276012848,0.0339085917476662,-0.0145801548054123,0.0335204486464195,0.00269542826001055,0.0259318636095054,0.0262018971433369,-0.0111451035945466,-0.0383857804356479,0.0073920459500499,0.00627200917752496,0.0159655813099804,0.00958326245552671,-0.0117751842976593,0.0173936577895395,0.0135856178928603,-0.0144133150567411,0.0203840186553331,0.00784922889720507,0.00541164283753781,-0.00386829625606459,0.00696779051748859,0.00758142613826551,-0.00549593111030413,-0.00490058738540654
"ROM_101457",0.306505149003434,-0.139492549610678,0.0538496818854015,0.0297829764426043,-0.0568731666564231,-0.0281857046729783,0.0207123291241466,-0.0192631927788235,0.00951114856782886,0.00880458639193623,0.0226857383580436,0.0260209085427892,-0.0331371869006609,-0.0452376773950006,0.0178737487951412,-0.0138885534301554,0.0202534457522379,0.0183540293434856,-0.0342959321801838,0.0153271149041269,0.0191598025252071,0.0124108319236821,0.0191040482057144,0.0223108358973498,0.000580690167358672,0.00327557624226645,-0.000143682717322369,0.0102744607078875,0.000165695512623686,-0.0145623362157602
"ANSP_199530",0.224587491876287,-0.0613946319183427,0.00685250248397893,-0.039408538482956,-0.00629324579771868,-0.0889765204383785,-0.0266566664628163,0.0206016697168601,-0.0110328814712949,-0.03000896088564,0.00213632778272696,0.0225254693554477,-0.0303413809294563,-0.019137158796717,-0.0373666723974673,0.00287935013116873,-0.00314562312594314,0.0161247800256036,-0.0120293763856832,0.0202422679757589,0.00449069201459972,-0.0140303423625794,0.00797109676583171,-0.0130586485943208,0.000181430932779153,-0.00436293522678989,-0.00667294085307888,-0.00811448231243795,0.00631272171340502,0.00656366356355309
"AUM_50000",-0.152153390320586,-0.0720575503990969,0.0708930003664883,-0.0734776759417357,-0.0160132049276601,0.0189999695978639,-0.0128701361134208,-0.0153621978408289,0.00842690037290393,-0.0132963589592867,-0.0514280529890345,0.0096787062821838,0.0267792546206001,-0.00614708720994908,0.00205250130557002,-0.0192024843677947,-0.00834073679553111,-0.011174309893197,0.00249780003166995,0.0264856966534499,0.00294809569163345,0.00782606119187704,-0.0135223786341781,0.00591705924365846,-0.00291453434540316,-0.0051247985716636,0.00285089341683656,0.00405490711542947,0.00640092563790102,0.00228620749824047
"AMNH_12602",0.0509576512196388,0.00919892314721614,-0.0255295364811795,-0.0176071244822916,-0.104901631702587,-0.0396073846003804,0.009261520959677,0.0481631911445959,-0.027281436145894,0.0301388517793902,0.0570253833687171,-0.0292684949178195,0.00686536807298132,0.0296084718239356,-0.0414310547846123,0.0480428050062387,0.0330862709300022,-0.0263473463341626,0.0121383637669458,0.00324091111569644,0.00758132602771115,-0.00865162674735927,0.00294597642309487,-0.00171712386536782,0.0012156560850076,-0.012710687477488,-0.01597043629704,0.00664525845252731,0.00415735115772087,-0.00466431420890856
"AUM_35733",-0.0056154856621098,-0.0289389664565666,-0.00493575959983285,-0.0613493281415624,0.0133899024716566,-0.0226743717068943,-0.00501181728633399,-0.0460972313619846,0.0720091694842597,-0.057404885368397,-0.0231268192945754,-0.0143375830196879,-0.0337401073914743,-0.0121507023463109,-0.00995638405771134,-0.00846111154218857,-0.00221953298042998,-0.0127365899752547,-0.0106790735791518,0.017454641138706,0.00257353181926218,0.00697387088744065,0.0111842126916642,-0.00366016823802827,0.000708741508507517,0.0022667059800485,0.00299419066439288,-0.0042749055397208,0.00162661646273265,0.00141156691875728
"AUM_39313",0.141137853207453,-0.0636175427755608,-0.00756066006550728,-0.0182117997450437,0.0222807311579724,0.0281985608303892,0.00765340077496657,-0.0390642325236448,0.0162946942712655,-0.0428935134098103,-0.0455789011787711,0.00907095869444818,-0.0585932909942652,0.040508903656551,-0.0284340180080071,-0.0229424038080578,0.0377640595044716,-0.0147827690989499,0.0160172094050519,0.0298972365325013,0.000870461914890092,0.00342041198116555,0.00718954814794706,0.00509049384594268,-0.00150383492317164,0.000523685911433375,-0.00943590135466567,-0.00465554863188459,-0.00205423464438888,-0.000306108369745558
"AUM_45538",-0.15594498519962,-0.0318616437779613,0.0870242074559309,-0.0942339136216992,-0.0123312764663979,0.00783107916283433,0.00159410044360832,-0.00758667029918771,0.00486459183801621,0.0104510350441572,-0.034173753443379,0.0135049690498912,0.0419779689716376,-0.0207739154666493,-0.00985196744858081,-0.00524550660901876,-0.0211212044743518,0.0196291950379659,-0.0115597611319691,0.00759192389461738,0.00896489423620936,-0.00363097069095074,-0.00423164850188645,0.00605897763180476,-0.00502553614141413,0.00700858750455667,0.00547953795464945,-0.00776663931082811,0.00346618518801158,-0.00510273016277935
"AUM_53474",0.0353992687671356,0.0632283395311753,-0.0431669183804134,-0.0863696294841578,0.0074174140082181,0.000361122990485615,-0.0119111852370446,-0.0198132068107929,0.00228865677193261,0.00553643187369451,0.000126748352305174,0.0186612814623813,-0.00408854694813113,0.00977756687338732,-0.00545738925829066,-0.0154787287249271,-0.0121686057219784,0.004230219271967,-0.0127263912062677,-0.00391394007647257,0.012031024578852,-0.0122215633658625,-0.0066578006857973,0.00516301235214627,-0.00200581696732958,-0.00202658565419675,-0.0110849137583583,0.00384265494095105,-0.0034622656280902,-0.00255542421661417
"MECN_DP4803",-0.131345905564441,0.00258698033687294,0.0368295341712998,-0.0805161405361245,0.0148260863205982,0.0321152816717059,-0.0130411450643575,-0.0146533365036868,0.000316823231702335,-0.00150675614788078,-0.0477781122750154,-0.00853352117835613,0.041707069470214,-0.00986289567971433,-0.0304829424354397,-0.0195068542388434,-0.0340676422625335,0.00184833870213519,-0.0223864097416098,0.0117375178610614,-4.64740101916848e-05,-0.000906219127937332,0.00260028702920661,0.00786060122211949,0.010631331528149,0.00254420882923203,0.00112020483660071,-0.00447138026822474,-0.00252868120495266,0.007525558997795
"ROM_T33766",0.00600189919673067,0.0423311083010246,-0.034014599709477,-0.083377230503214,0.0187616461306778,-0.0380672990118538,0.0154081689996142,-0.0129009896017219,0.0222068010649567,-0.00968179491425557,-3.97225142151e-06,-0.0145454195933527,0.0152174511270578,-0.0443204029789549,-0.000184934278442319,-0.0160962522848997,-0.0109097157638521,-0.0149589465095981,-0.014946243552081,0.0105490073555534,0.0108466232818881,-0.0150873287283152,0.00790670778104969,-0.0106815075143035,0.000866859399196063,-0.00924467505999211,0.00169658722118539,0.00256988001596676,-0.00703426924475362,-0.00074699604163785
"ROM_T33772",0.0364317531537583,0.0366677338304364,-0.0587966412700892,-0.0562005926108401,0.056893634685061,-0.0650165271920665,0.0484664043396845,-0.0567848766180004,0.0293201969039628,-0.0110364089246242,-0.0140959727541684,0.032945243796737,-0.00911944997289941,-0.0497039763887394,0.00683379748221396,0.00331481995417687,-0.00980764771151075,-0.0306866192472317,-0.0265719814783139,0.00365881119214585,-0.00691658177940906,0.00812460133823596,0.0069980503264772,-0.00509432881292129,-0.00624591551656866,-0.00676564218717685,-0.010035438102835,-0.00516450298595163,0.00302494956876783,-9.9776416516811e-05
"UF_189870",0.0426924996086591,0.0568261175340837,-0.0548399882255133,-0.0516837489485254,-0.0308540797574305,-0.0518974552063595,0.0274688416024076,-0.0160695659511378,0.0156832972025027,0.0145247935212067,0.0102929029815411,-0.00247559522652411,-0.00175277739826894,-0.00448973385221622,-0.00326582001513628,0.00267873116597346,-0.0104541279815268,0.00834872105967393,-0.00612966366904376,-0.0035642451038788,-0.00716516163323414,-0.011347695256382,0.00176173915112391,-0.0160591950242749,0.00324056801081877,-0.00662001521209932,0.00652676470071218,0.014217692952794,-0.00617856189864789,0.000815046425827969
"AUM_66083",0.0244911300710642,0.103066430464788,0.0145300296741908,-0.0480775001614912,-0.0725939880152696,-0.0134272659218306,0.000989778774990173,0.007673879655713,-0.0084920553673235,0.0204277488022789,-0.0142240101683133,-0.0104268274600724,-0.00486479287409612,-0.0220288433548469,-0.0310393224999425,-0.00419304209328818,-0.0252033388769478,-0.00675895476291916,-0.0027013181584466,0.0030197909156799,-0.000858810501957925,-0.0110247880159103,0.00823896244250204,-0.00101936932382708,-0.0034940348779549,0.0111067347732089,0.00359792811569362,-0.00434617710034851,-0.00282600104969097,0.00381269733144543
"ANSP_194624",0.0604306997004405,0.0674529924282584,-0.110261471850348,-0.0225838442985887,0.00876046129207572,-0.0184981995237814,-0.0301602128531354,-0.0300409709600694,0.0217989575671884,0.0507481931355046,-0.0548970434253657,0.0302692131574895,0.0461762903717795,0.0456467033278811,-0.0175248848134465,0.0147079157464045,0.0126507679754695,0.00555187456187183,-0.0167987642058254,-0.0237612060074463,0.00943116668940843,0.0133189430341995,0.00478377191543335,0.0225455405174213,0.0108183523176902,0.00420797768357836,0.00113438952292485,-0.00395156967971032,-0.00015350899967557,-0.00233062532532613
"BMNH_1866_8_14_1_148_152_1",0.091079340350594,0.0691342833738811,-0.115002200701079,-0.020514885973775,0.0517119518291996,-0.0538006580783278,-0.0143777298941852,-0.00371618199108669,-0.021086386303471,0.0387361771488415,-0.0216366633494138,0.0431618497598274,0.0147338010825994,0.0337376942011708,-0.0197639967149432,0.00166340104138885,0.0512448841330885,0.0078455467880485,0.00578776233856913,-0.0227816297234494,-0.000223717194338567,-0.0217828353806267,-0.00728857969199409,-5.29664108617945e-05,0.000196580897024347,0.00585486281716357,0.0214202829316712,-0.00835166629680161,0.00377246374137028,0.00303078155152074
"BMNH_1866_8_14_1_148_152_3",0.0916114985104451,0.100479406958187,-0.0758835217760243,-0.0280360937108059,0.0333260560123399,-0.0112501727365013,-0.0396445603074603,0.00144846737029766,0.0494920709214281,0.0392827781476894,-0.0115834459373461,0.0351052427824177,0.0412974506184358,0.0546639275606167,0.0408336549014999,0.0201828362066333,0.0577480918383648,0.0165697854089195,-0.0165715568761652,-0.00366911176495322,0.0210140142046901,-0.0370603880011379,0.00989879203391109,0.00381516282215897,0.00499426395393302,0.00612616378649846,-0.0075212422238469,0.00580271668508886,-0.000664321728066845,-0.00489612355651771
"ROM_114972",0.138888902399307,0.00241740588681795,-0.108559501357978,-0.0386129027098533,0.0564596616716391,-0.0600517152236271,-0.0372485266808189,-0.0172106574779548,0.0402783761159054,0.0112513498965559,-0.00315511965228213,0.0313644297716624,0.0487874186951879,0.0125784066632505,0.0275159087641241,-0.00343045869514708,0.0305672918306866,0.00663302789090504,-0.00267251715792923,-0.019488474417232,0.00705956700166357,-0.00571781664914513,0.00434993791503249,0.00318506133146117,0.00986663797773978,-0.000105461784083506,-0.0051246721266991,0.00278144326949273,0.00531488948049604,-0.00476484169668164
"ROM_114973",0.0876842525294121,-0.0103897065699054,-0.118673971667876,-0.0414818229350223,0.0924951689033421,-0.0726845519335815,-0.0904401143629476,-0.0120577338688319,-0.00552901381105502,-0.0162553550753697,-0.0143107152136534,0.0865408113833214,0.049584198489353,0.0156355557305959,0.0400481415304665,-0.000117078486239227,0.0297174105660071,-0.0282876736858657,-0.0150270282623682,-0.0181480413875205,0.014440672257194,0.0100572136812064,-0.00314167028960348,0.00228402508534923,-0.0127782511646318,0.00552479978070971,-0.00137332635200217,-0.00122138752150082,0.00955779659280609,0.00256901866496559
"ROM_114975",0.109673418749453,0.0865932725688204,-0.15907360092923,-0.0335997189755901,0.0841995263179566,-0.00923914165392213,-0.0552096264281964,0.0119622744713596,-0.00607345321647381,0.00771326987036984,0.0316465804417492,0.0610061528555153,0.0310660615924098,0.00920228959028497,0.0065247744723197,-0.0338277506188853,0.019090004171529,-0.00628691427778173,-0.0246078360688934,-0.00603259139526817,0.00233029173208325,-0.00622458818167193,-0.0142684864636867,-0.00180318764699414,-0.00336562876662833,0.00396971362520624,0.00258292571965563,0.00144044825030038,-0.00143644750241384,-0.00317988794652801
"ROM_PER23_19_m",0.0961121081971017,0.0501723973875864,-0.0895588751320111,-0.0386588044453156,0.0780194033878387,-0.0315404241539265,0.00900290704959083,-0.0352737548190944,0.00964464368921384,0.0144571171623806,0.0153441630694687,0.0670559304101411,0.0157518891888102,0.0393297554671558,-0.00251928905079962,-0.0126028659649044,0.022961265540338,0.00978000210466613,-0.0053433906004085,-0.00969799848286933,0.009961014677992,-0.00738159888630814,-0.0054638192928566,0.0103442246630459,0.0146361598165016,0.00661673865047825,-0.0029566648403919,-0.00472188741304706,-0.000393661349693089,-0.00384098426533719
"AMNH_13667",0.021531327651965,0.0595440997002832,0.00986653156610271,-0.0893766175999155,-0.00321117492780771,0.0198399342290589,0.0130341774173943,0.0175055067302559,-0.00886925305365078,-0.0123484412225352,-0.0190442954763782,-0.00684740837228027,-0.0114713726213984,0.00521569683531959,0.0136404347071115,-0.0208989941754295,0.00123055646081737,-0.0176999539500188,-0.00682575669340087,-0.0117889330895064,-0.0018780791014827,-0.00113199777504959,-0.00460091837323378,0.00814203047814609,-0.00411025988836085,0.00124462853784825,0.00447981610457359,0.000310644372193588,-0.0065103016856128,0.00522408824104434
"AUM_42130",-0.189132745386222,-0.117900633616935,-0.0139807239433112,-0.023268336151537,0.00941077454658739,-0.0373856015555549,0.035365054920419,0.0185289154826007,-0.0115047000178754,-0.0126717503838184,0.00353728995174916,-0.0153555273331719,0.0236030928189403,0.0177691400334052,0.0324223386441748,0.00635641466519349,-0.00161014330146642,-0.0122725191326759,0.013874058343505,0.00618360432356802,-0.0031284869315436,-0.00548899303909589,0.00307044491566177,0.00516807162106548,0.00294546665764951,-0.00466954842542262,-0.00401924103385059,0.0148678990950469,-0.00661184007519833,0.0122875176589745
"AUM_47152",-0.0285039933755483,0.0507227202228021,0.00683414498254291,-0.0888730940867982,0.0207288129972384,-0.0125073452545044,0.0373205106453646,0.0262311544041244,0.0318814012057992,0.0123632575468858,-0.0233160995228399,-0.0274379062612918,0.0232223692457582,-0.0117649330009208,-0.0280779174133591,-0.00275059570030824,-0.00261638734656324,0.0164026792405742,0.00372645270587794,0.00746011126319377,-0.00408314233383605,0.0263567583305202,0.000804123882076222,0.0149021047868916,0.0126052655304975,-0.0149776587193802,-0.00145339977800488,-0.00493031165614518,-0.0044293408996114,0.005740828779267
"AUM_54310",-0.128954105610154,-0.0643386359377478,0.0700975886251684,-0.0865743591869924,-0.0289844835477478,-0.02385522940763,0.0223982479025821,0.00649042689323827,0.0106658967258119,-0.0217084207219886,-0.00973239760440791,0.00151960655964015,0.00302760788818247,0.00934226740511333,-0.0130321485741224,-0.0105808536019566,0.0133837598395524,0.0197475944693136,0.002492939327871,-0.0171071019091981,-0.00946109270211669,-0.00422635429917943,-0.0114819042854033,-0.00491509889089113,0.00727480071211417,0.0116655714139367,0.00108374591929229,-0.00175467148737012,0.00277277049763696,-0.00259983413830069
"BMNH_1978_9_12_3",0.00475489677031393,0.0671970130066994,0.0206322642338966,-0.0930956488927631,-0.0472094688385343,0.000867941461613442,-0.00127448896203399,0.0379960202213187,-0.0103969391333699,0.00919590890145607,-0.00729663037972462,-0.0261599513248129,0.0188279565526616,-0.0183247593663287,0.0114972193448422,0.000411954062023527,0.0180290060575296,0.00452042672045421,0.00350771803128221,-0.00566955188143347,-0.00725974560848072,-0.00289692124920724,-0.000891120672236009,0.00845504734388816,0.00234381506412548,-0.00437280429837523,-0.00310020679149718,0.00119094702109365,0.00109033456954348,-0.0035928518513845
"ROM_86176",-0.117054002648823,0.0635141814165853,0.0923225634062578,0.0901647399634875,0.00676763095309793,-0.0181513714900098,0.0266047494187875,-0.00595152479997876,-0.0149512194952107,0.0130575287010134,-0.0196352512158974,-0.0641762235693044,0.00505442693211421,0.0278659684210854,0.00479569999900056,0.0403760867193675,0.0203846310416552,0.0247312427725696,0.0170995043722559,-0.00736916403910342,0.0027845283082577,-0.0144931729048854,-0.00732758837181672,0.00759676831360781,0.00458065330844438,0.000847642589145531,-0.00890960842415321,0.0124368976021923,-0.00727531019486201,-0.0046609338417903
"ANSP_190823",-0.0385995655825222,-0.0575990973918273,0.0571214978745762,-0.0879737658192225,-0.0394583132008392,-0.0116047229693584,8.43120879082853e-05,-0.00602628814162057,-0.0358537002547036,0.00104693676499803,-0.0312126121424999,-0.00366925970950378,0.0336869974062147,-0.0115443733150808,-0.0222232578141666,0.00409465139193306,-0.00177151598516185,-0.00863034492733175,0.0227918741161575,0.0161758076851704,-0.026764657484348,-0.00404026649583064,-0.00197167477403038,0.00728870378834679,0.00919534005081249,0.000521367897824462,0.000694572343674762,0.00565395454692797,0.00513264574941223,-0.0065143637875694
"AUM_43872",-0.176415553138932,-0.0301751978230609,0.0670633782722886,-0.067507078917189,0.0100916823519228,0.0217303581268793,0.0270634842584288,0.0139053530891505,-0.00041763579407062,-0.0353477326512583,0.0022178933759572,0.0179450852693143,0.0236489055978508,0.00636501024870688,-0.00386966957591872,0.0095254425086465,0.0115071949917368,-0.0274717409656982,-0.0182227427709319,-0.0108858144249957,-0.00941725806978767,-0.0160327299519947,-0.00887133970571709,0.0066787888609151,0.00301095513907165,0.00317632201996812,0.00502823920371788,-0.00347787663677996,-0.00142594880137125,-0.0033990648030344
"ROM_93331",-0.000682048343519295,0.0176086968362942,0.0252152563816131,-0.122782805686136,-0.0137723683035153,0.00297018442389692,-0.0144381781291579,0.0180411315260774,-0.0281365162248238,-0.00448053584308788,-0.00340686754987619,-0.00284803422977265,-0.0213462984853772,-0.0130139165982551,-1.85337935133343e-05,-0.0186342615951342,0.00212833031564555,0.00277714736809435,-4.13059752420149e-05,0.005286386510395,0.00209743974275423,-0.0068057766131661,0.0110950766783361,0.00560770981769984,-0.00221898095862493,0.00465936985953379,0.00369908275010897,0.00512440729357516,0.00180437056959045,0.00370062431256303
"AUM_67211",0.0701978957242654,0.0475838680872361,-0.135925222298414,-0.0146070921118365,0.0392765410339032,0.00350444358255491,0.0432257487497354,0.0183106361028577,-0.0528177896374483,-0.0304329739616242,0.0193241045048981,-0.015692869510563,0.0261087280928747,0.00529625247018856,-0.0635275160456206,-0.0085379665018654,0.0277775069393712,0.0280348573278125,-0.0131972000019182,0.000214998548214564,0.00107782357683123,-0.0145610633264827,0.0132522652835368,0.00134999564196219,-0.0152738411000317,-0.0152216030181056,0.0032418464329375,-0.0078395341283527,0.0130752836196457,0.00316780942227991
"MHNG_2723_089",0.099595970544994,0.059863965468758,-0.134217101914231,0.0211356465288647,0.0948988986741715,-0.0135745170525422,0.00374299560366456,-0.0221568670567623,-0.0370929562055313,-0.00721098570245845,-0.00956079262102763,0.00420266616272308,-0.00324714404497139,0.0105421326822381,0.0269136936649801,0.0151362428243179,0.0192551388403857,-0.0135544198360396,-0.016591545309347,0.0332808304948125,-0.000680493030315453,-0.0244156020017245,0.0141285864541956,-0.00716819945870743,0.00615736337930984,-0.00532139302085178,-0.00775480724464393,0.00293915324250324,-0.00745128845275702,0.00586369545587228
"ROM_106231",0.0674571217311598,0.0954828142130675,-0.0230062707834798,-0.0408570939002904,-0.0738419305527458,0.0342601698621289,0.00485410470204726,-0.00744154455427236,-0.0319539044630133,-0.0217776369612107,0.012462661056515,0.035162908787353,0.01600755140025,-0.00394914553106836,0.0444117214873406,0.000224468601009503,0.014218219978838,-0.00763562378516687,-0.00263132558704805,-0.00779250191438122,0.0175385963739014,0.00735312529202702,-0.0217112433830719,0.0137984841316736,0.0115404528802884,0.0137815455960177,-0.0117883741134423,0.00951647677349629,0.0019074569933587,0.00805260144054404
"ROM_84021",0.052555699895785,0.0726175621029466,-0.0272842022411991,-0.0326881415415468,-0.089286886607303,0.0231392680903706,-0.0559408309197012,-0.0127181459038308,-0.0277727647769227,0.0103897617428921,0.0162294893578036,0.00379949828849254,0.0143057863683477,0.0110633118305819,0.00797982618556963,0.00302665821177907,-0.00968546240123779,-0.00248299656824825,0.000371801171717546,-0.00913230018716662,-0.000471609810245231,-0.00793626399999269,0.0235016200899297,-0.0152217859735935,-0.016015738141767,0.0112969366125882,-0.00547926742325944,0.00496502430283525,0.00468775908746501,-0.00288186743978291
"AMNH_217762",0.0603580234573013,-0.0667257641138982,-0.145121483232712,-0.0637567566013354,0.095440217734887,-0.0229942632848137,-0.0345407011244706,0.0185206467840834,0.00900617870696228,-0.032360997064383,0.0103348222674471,-0.0193864671760781,0.0429193636646742,-0.0357509813926732,-0.0123170121203488,-0.0244958331093493,-0.00875973368472562,0.0203641281765536,0.0368632002202143,0.0165206731833704,0.00449258702227215,-0.0195440093930383,0.00433041813687526,-0.00138277982339762,-0.0123367674834508,-0.00880815606179417,-0.018474263760154,-0.00019599536680187,-0.0068958245343468,-0.00529365198303816
"ANSP_194989",0.0571380107098225,0.0206325983831318,-0.179459377580953,0.0709352003876828,0.129364900529,-0.0195788079752246,0.0371167883179986,-0.0518736103946362,-0.02191197675471,0.00265939218693541,0.0269452001651986,0.00209550339062923,0.00166363534914335,-0.0264470453972687,0.021456788914483,-0.0119407296942877,-0.0331383259507193,-0.00211634325092052,0.0175319735273039,0.0268378034226636,-0.00431477019626103,-0.0079074810781227,-0.0185453742597225,0.0220463618398002,0.00109924499055403,0.00615750993288023,0.00194705398427139,0.0092809041585863,0.00287914968960324,0.0119241716104087
"ROM_114970",0.0311189815752917,0.0560983944298957,-0.155499360804877,0.113760726390449,0.0712986227399151,-0.0619572955659444,0.0584056212757208,-0.0562276199636589,-0.0832778116933578,-0.00771777880147614,-0.0042656920297772,0.0147725472831776,0.0122079544571979,-0.00769936480793564,-0.0130429587360478,-0.00533989325806336,-0.0257502393424442,0.00536146349758381,-0.0122288016617993,0.0147025324545031,0.0174438304770741,-0.0200990741310931,-0.00172898720385641,0.0121669783052307,-0.00230579278854288,0.00952759457607196,-0.0113960688371378,0.00589090107536135,0.00312755891563483,0.00791279049557126
"ANSP_193092",0.0523181668450879,-0.00385733416600117,0.0325702083622689,-0.0411937395426256,0.0166723344662552,-0.0555011301790412,0.0114328996904976,-0.019504795387645,0.0127723303077381,0.00155913174709872,-0.0231489211360886,-0.0162957826193021,-0.00616075115417926,0.0339692671684705,-0.00413315198687489,-0.000991694603382398,-0.00372770615129395,0.00275281966340643,0.00776644900617718,0.0106038050085206,-0.00954798200137039,-0.0163584004533131,0.00234937408496837,-0.00478133725319859,0.00113119010562291,0.00766569625803568,0.00711995330374289,0.00840034641470772,0.00165288632213987,0.00651148661914617
"ANSP_193095",0.061911052687536,-0.0261984974713687,-0.0254357114205789,-0.081107594833876,0.0288157425460222,-0.0150977863343139,0.00921921134469899,0.000706382336721421,0.0383992946794351,-0.0252878660302234,-0.00226774583248991,-0.0286970765487985,0.025016216982109,-0.00139262946187923,-0.0416789307725334,0.00381213546652562,0.0025407636914444,0.00254213569892826,0.00576777304339359,-0.00478790808406705,0.0165005523811856,-0.000137515501289405,-0.00101307146381194,0.00304962051906571,-0.00267903202521675,-0.00275776969966906,-0.00152057904733216,-0.00099436171653729,-0.00474026863718534,0.00131386817573981
"ANSP_196432",0.0739539505348568,-0.0246698023451374,0.00282690951952062,-0.0565962331971108,0.0692356538986978,-0.0609344002469428,0.0187802545958217,-0.00598340217372376,0.0400796017916149,-0.0222680704431847,-0.036363258366868,0.00487525557299604,-0.0182700439818197,0.0197789056249448,-0.0207878008072968,-0.0237611195831355,0.0152330208114099,-0.00823180459616531,0.0198276832024378,-0.0178105936436632,-0.0111215490163925,-0.00283266720582068,-0.00264747484573676,0.00126332822975879,-0.00742545658558808,-0.00539541884657827,0.00224325208271694,0.0147122004188064,0.000544114823551234,-0.00149294566780933
"ANSP_197443",0.155656489638748,0.0197227554795306,-0.0950935316593377,-0.0323767831769926,0.0402712806160965,-0.0437422203030466,0.0264716606405516,0.0218175491811708,0.0415201978226346,-0.0191691186329882,-0.00990915198903226,-0.0119819960654771,0.00180133248868805,-0.000902872516334165,-0.0121756871964678,-0.00951599793826901,0.0268218904320856,0.0143959554602071,0.0126654625516857,-0.00297704155883361,-0.00533525580737021,-3.35282008646575e-05,-0.0039073804863847,0.000295107578457248,-0.00572168297078205,-0.00145550771783763,-0.00437897592448916,0.00732051661663944,0.00484805658577587,-0.00103675571708424
"ANSP_198600",0.0989355095264998,0.00777144673571018,-0.047360879653567,-0.0453638789233945,0.0611873319599756,-0.0477320691462809,-0.0141317201825224,0.00163902978206045,0.00963444981547986,-0.0292264257397697,-0.0469886134249067,-0.00683721101236991,-0.0285413438126187,0.0223629725657787,-0.0407441048829855,-0.00773537635248268,0.000373730723149625,0.00789730791468563,0.00693912824906937,0.00448443232788975,0.0041775505036082,0.00390926071133877,-0.0127298765560898,-0.00453368253270518,-0.00099902946458486,0.0107321430034646,-0.00524004788866124,0.0009276007586584,0.00160018947890421,0.00204985268236451
"ANSP_199538",0.123902606596316,-0.00666160972446003,-0.0375722409151095,-0.0427870692902451,0.0420964204067113,-0.048434951784221,0.0572575993376086,0.00455387499665878,0.0644210767863303,-0.0174828588868998,0.013261805165532,-0.00340913537686122,-0.00905771463874334,0.00909178306830386,-0.0497981537328221,-0.0151558999578316,0.0060362934740153,0.0202370021436832,0.0185092577963685,-0.0100840120588162,0.00542414023659123,0.00165279727401718,-0.00658283118863668,-0.000909673911103119,0.00240788307513962,-0.00456191312670924,0.00493451548422884,0.00315794407135597,-0.000331900563611788,-0.00162852832697715
"MCP_44364",0.0747223126118798,0.0345028571407431,-0.120970647127015,0.124078697969632,0.0464595704694746,-0.0835426890994121,-0.0528368735289042,0.0204689939877215,0.0711286849182013,0.0721114355088822,-0.0247220060811731,-0.0585600258696824,0.002182517560675,0.0773176529032813,-0.0341749585337206,0.00741738045814871,-0.0228393101456282,-0.0101426329584833,0.0075361848036846,-0.0051036934483715,0.000579287975036034,-0.030140939889894,-0.00739340326091259,0.0197402626733105,0.00398696560575864,0.0009890857882629,0.00589757043486823,0.0058437545844422,-0.00595788488565179,-0.00205571938482476
"AUM_52887",-0.291838040801172,-0.111840783945156,0.0607307704963436,-0.00255589551359628,0.011599815325889,-0.00959163017534926,-0.013320221115223,0.0166278753959999,-0.000114628635189509,0.0219019713338715,0.00415257836224013,0.0207947952671874,-0.00751854644078151,0.00234175423659221,0.00404746327054213,0.00604972162668784,0.00160578648666821,0.0289253725110323,0.0188189300705622,-0.00576867981266541,0.00616447636320432,0.007619501349239,0.00267470002741595,0.00466005105854812,0.00897404447417072,-0.0043833921374398,-0.00288292815454731,0.000991527992198304,0.00580060340579344,0.00319447360912556
"ROM_93666",-0.211925554987483,-0.125159091739636,0.0220833527069673,-0.0359644650705879,0.0214260191662454,0.0274521722583202,0.00797824687819072,-0.00845121814133865,-0.0168881585906398,0.0185272931014596,-0.00395713567567984,-0.000396582109331647,-0.0036442613237571,0.0325424569985229,0.0136993917877668,0.0214385267232435,0.0155988452469775,0.0112442058403125,0.0161269522999022,-0.00425825142806777,-0.00518925072796921,0.00298597377990005,0.0158611494437203,-0.00373144341459009,-5.05403597342492e-06,0.00124266174046303,-0.00408411688826331,-0.00665633805890067,0.00152665821686476,-0.0011128892323872
"AUM_67193",-0.164949200489738,-0.0679645075121479,0.087720393304141,-0.0428030850131996,-0.0186545792449032,-0.0313226363837678,-0.00165214133702998,0.0200312031497249,0.033490285545307,0.0140936512022806,-0.00266827186297813,-0.0221130506370583,-0.0050218015702343,0.0268779841156162,-0.0115707988815034,0.00358782596492015,-0.00680764771692744,-0.00142955820909608,0.00920508773274574,0.00649667991986775,-0.00176252524513112,-0.00530133343407845,0.0143026636195109,-0.00472925412346134,-0.013011242222691,0.0186108892226102,0.00829004296413619,0.00853260239339741,0.0107545113706785,0.000593031372305232
"AMNH_233085",0.104823646105802,-0.159058690533115,-0.119765679555693,-0.00875585205495906,0.16165153181255,-0.0400221310094101,0.0232881082668723,0.0867784457088473,-0.0200195620821717,-0.0124001728480421,0.0401428630286748,-0.0609723712978019,-0.0121423810941733,0.00589387866723939,0.0469826956112294,0.0243031157399866,-0.0350805722814971,-0.0109799103393515,-0.00487928400609459,0.0012928084573407,0.00127873129586565,0.016527373249161,0.00804382816924007,0.00432511394794016,-0.0112939600767178,-0.0138934085555824,-0.00468840680493185,-0.00124193269565516,-0.00468502409118348,-0.00235916103855407
"AMNH_233086",0.0553960790115273,-0.106140813163583,-0.0641660355541248,-0.0378370648575327,0.118128774725946,-0.0549810914057001,-0.0193509188679627,0.056717057330008,0.0400615111049341,-0.0261100735385022,-0.0673446204897414,-0.104494275847538,0.0372769148911255,-0.0316792243341615,0.0636070280284073,0.0228386871583416,-0.0135050311460739,0.00387156746653338,-0.0183625477384773,0.00172227355885541,-0.00069687983953508,0.0258595564127282,0.0140241895117092,-0.00374812208608508,-0.00537685824383236,-0.000852291124285688,7.14048566093654e-05,-0.00763126968188285,-0.000736159051888765,-0.00568394053724718
"AUM_62934",0.09662625996436,-0.0826176244572005,-0.22209915897462,0.14632598239453,0.0901827217574952,-0.0135110864734973,0.0477037936559911,0.0710139018737,0.0196430948179243,-0.0500431053969347,0.0575288010417382,-0.10709647036224,-0.000159392688310003,-0.00832851291630235,0.039323813890025,0.00372564661276809,-0.000787780207833335,-0.0268207989057398,-0.0334007096281922,-0.0148238436784535,0.0034320929371513,0.0390074905498884,0.000450504212392004,0.0121242141455177,0.00479338452073875,0.0135112003663836,0.012859059264143,0.0100565785229161,-0.00171426032895158,0.000418868263703699
"CAS_28361",-0.00680941936202778,0.0282328540816324,-0.194007449374516,0.0311135946885477,0.0429508589437255,0.01805239653058,-0.0306982261696363,0.171235581548964,-0.0636079801530708,-0.0506201345861773,-0.0609808051775131,-0.129099906850496,0.0211754569634579,-0.00219221675351366,0.0175211453910285,-0.00508917025733423,0.00775306874614564,-0.0074192587758553,-0.0769653094091017,0.027464657688473,-0.0153324610365942,0.00787597005848118,-0.0186621874304957,-0.0125922399748749,0.00986537982689587,0.0210595654342559,-0.00835419574326118,-0.0218397212947123,0.000846731626807431,0.00153489076538396
"MHNG_2710_035",-0.298191829099605,-0.108060815549297,-0.0632587702394168,0.0648656497179611,-0.0577329932653407,0.0331597778390583,-0.0137913106449363,0.0265356311554872,0.0810381993969083,0.0524422718134175,-0.00692191622584343,0.0111362762530333,-0.0122160226657488,0.0648030244281619,-0.000680139612827313,-0.0363730837535709,-0.0153674359505507,0.00297481774790683,-0.0111339975910239,-0.0129945742009152,0.0158408213723138,-1.31520296334214e-05,-0.0137119505861783,-0.0184383687278234,-0.00917920840300448,-0.0151799060711078,0.00352292336749202,0.00233859328884708,0.00584443955260572,0.00371998870786159
"MCP_12430",0.121121737332108,-0.0238140087156236,-0.0269090942467656,0.0253858432253068,-0.0159213174477587,0.0638007915083005,0.0436636912329829,-0.0413291222381528,-0.091142812032964,0.0354824276053332,0.0254993599243409,-0.0247876642269981,0.062037425872937,0.0184536388708551,-0.0234502744940723,1.48277095103396e-05,-0.00942435133184388,-0.000925120497411128,0.0125998746789993,-0.00334288060338306,0.00096018157841441,0.0137893345809716,0.00489533488703896,-0.00201557792404484,-0.00569094907852262,0.0119945221855313,0.000475973586351586,0.00782023705833646,0.00217600600377016,0.00326411378938555
"AUM_56760",0.305532333966308,-0.133184760739346,0.0380934718029906,-0.0115949246348791,0.03776667011093,0.031660347267194,-0.0639088007639879,0.0555910289728976,-0.00758892102809746,0.0122952967141593,-0.00651017421521438,0.0380645780085046,0.0410603411506111,-0.0044476722694792,-0.0499017485780778,-0.00408466856956837,-0.0274085212121462,-0.0112076279903241,0.00329387193082687,0.00566650067402072,-0.00628841375512906,0.00488801097432043,-0.035392366535025,-0.00874666246589554,0.00632963123534501,-0.00282278707032767,-0.000218425522336958,0.00489271827092966,0.00347489792168118,0.00968494629358998
"ROM_106328",0.284558435083856,-0.25072674576545,-0.0303144943326254,0.165868771252811,-0.0535321579939564,-0.00198543828460706,-0.03091790272045,-0.0398728657287734,0.0392368227074813,-0.0620832814685815,-0.00871697026277683,0.00668620019995857,-0.0402618128438385,-0.0259544868279725,0.0158975618042196,0.00156954700729569,-0.00671586369082347,0.0268448985043739,-0.0204099908971097,-0.00931170352258249,0.00619174898234155,-0.00389465019357297,-0.00376037140368276,0.0117372757555813,0.00891026616696384,0.00915447320744542,-0.00265144183208675,-0.00324114832016765,0.00702917747871222,-0.00673451746998933
"AMNH_17645",-0.0344072582520819,0.0213117272460955,-0.0110686641335413,-0.0635022709295846,0.0102369943818002,0.0202050928102399,0.0184474042991463,-0.0110215780518871,0.0247180852070577,-0.0467159948049201,0.0181893008785023,-0.00707518399692624,-0.043967233106993,0.0335849947809175,0.00764128059412263,0.0244954013118914,0.00282953262078388,0.0119445848330421,-0.0113395266066806,0.0083373923810604,0.0206335622737714,0.00630794884762915,-0.000965407156398361,-0.00349681000656274,-0.00433946735853569,0.0131971068595878,0.0014212932522468,0.00965585324302453,0.00561875858882692,0.00227527740995307
"ANSP_182436",-0.0491335013029625,0.0871289360945618,-0.0368389100313362,-0.0640970062882345,0.00200348803989315,0.0200099832158919,-0.00298011294389566,0.0179897639657265,0.0082719286888044,-0.0395081646877863,7.02609746339082e-05,0.000560341496479617,-0.029549983273821,0.0110302896385916,-0.00475977288093762,0.00503972657896781,0.0112155004750226,-0.0022259081546093,-0.00591839491574094,-0.00841117585512861,0.0213090569952636,0.0035071515783242,-0.00316139829207133,-0.00345051339173976,0.00674702288124008,0.00923516945671226,-0.00131129404415191,0.000144316980046628,-0.00137748572986033,0.00199545459972524
"ANSP_205921",0.198414471074514,-0.143498346826507,0.0519596347371465,0.0261272952947682,-0.0219919905447901,0.0416964472342887,-0.0452546953151284,-0.0508817385392735,-0.0291623350088489,-0.0188534463369295,0.0180935112300905,-0.0202223604958388,-0.0280084475266837,0.0139985275927161,0.029844390027098,-0.022498434725996,0.025008939164737,0.027564021902653,0.0150481940045876,-0.0025221708215923,0.0108256459851497,-0.001546540079311,-0.0250911015887264,0.00482871354348006,0.0201096534790463,-0.00880493163038369,0.00803731427327389,-0.0148579028199854,-0.000388410707044118,-0.00632964136821787
"ANSP_160860",0.325041230291752,-0.187613683140044,0.0452302137907617,0.0800162740482104,-0.0171562598960724,-0.0415348168641488,0.0348072946544109,0.0507211123294283,-0.0202317982558776,0.0101910964773705,-0.0193361756936217,0.0341874159612445,-0.00583355977645609,-6.27391387376872e-05,0.00688742979241541,-0.0108714919196122,-0.0135138508781561,-0.00892991785125355,0.0060940838786664,0.0114783821572993,-0.00904294632433698,-0.00301049596901367,-0.0107992659418385,0.00172649338537296,-0.0064262127945927,0.00872011342174775,-0.00306107465417654,-0.000936890992607699,0.0055884031493631,0.0134963334729896
"LACM_43219",0.296634998022826,-0.174521593145943,0.0656235327816474,0.124704933110932,-0.0792324419783949,-0.0561644318063404,0.0305388376461138,0.05077008565276,-0.0238478401305795,-0.0178435020783924,0.0110574254850205,-0.00148093556701055,-0.0238693254538885,0.00700078927209897,0.019619774597434,-0.0170199428535446,-0.0092074775938074,0.0174305489576433,-0.00217915170575927,-0.0076581324100294,0.00784454140949955,-0.00676825495246365,-0.00540789928266948,0.0150295106046719,-0.00635720433648194,0.00606783960362409,-0.00228859647471389,0.000610154782580851,0.0111602217851171,0.0157619338861927
"ANSP_191381",-0.03009565220403,0.0731825617443135,-0.112073081026214,0.0473716070599741,-0.139268412997114,0.0451447521788742,-0.0193139097057859,0.0092240578835738,0.0549527541647888,0.00111881398157926,-0.0145389840612829,0.00346516668488804,0.0189768471090911,0.0364855446538585,0.00849027331118367,0.00925703218875052,-0.0505121519271668,-0.00446371816418308,0.0191188509785596,-0.0106643219929759,0.0120261338012131,0.00787830409785944,0.0313707049013277,0.00929731673059543,-0.00255362100522766,-0.00090996701194835,0.00369443556582658,0.00316726127753204,-0.00142662628239418,0.0169464590609227
"MHNG_2603_015",0.126867818022685,-0.0416249699134479,-0.0313063607802405,-0.0445736435729052,0.0899449986568567,0.126817797109516,0.0288596454019188,0.051448449638458,-0.0863656814004496,0.0277891113527392,-0.034227773507133,-0.0378036845224708,-0.065069462425145,-0.03023854881251,0.0215193686909942,-0.00736176669046546,-0.0620636862794428,-0.0354291121994356,0.0343700125248991,0.00670361878390858,0.0347853644739138,-0.0371241795320836,0.0160039265583186,-0.00682672794015703,0.0521324029665615,-0.0111383127857275,-0.00711793377091942,0.0143143353644279,0.0491621032845882,-0.0234353206788207
"ANSP_192954",0.13859284515,-0.228860661010242,0.212785005208528,0.0493474874461508,0.00297662526093352,0.0189342454467438,0.100484177100449,0.125806311120302,0.0775697695058563,0.0459309021686851,-0.0454653424132688,-0.0818556681365512,-0.0152589896544481,-0.0285795602367908,-0.026171891728107,0.0423825273876525,0.0461504814585914,-0.029286920143122,0.00436850932724197,0.0124205663856369,0.0532167467623351,-0.0206912248653667,-0.0256120803767521,-0.0217890477726704,-0.00891301277228666,0.00232150671251433,-0.0111434393277863,0.00633563180818337,-0.0103633378646984,-0.0015902495057561
"ANSP_192956",0.200942727246925,-0.281577226156919,-0.0982976978806195,0.138124327449926,-0.0414242378109693,0.010080515711512,-0.0345404087606674,-0.0783068375015863,-0.0177415557938446,-0.0921991787953698,0.0216243137779023,0.0457685798492894,-0.0110821926378773,-0.0846325506881923,-0.0247109167073212,0.0265424743154764,-0.0165993158000739,0.00428386369392125,0.0027150530417062,-0.0232840909959738,0.0118094242356139,-0.0156165543488617,-0.0141478822637484,-0.0115284722981343,-0.000707519292718036,0.0088584456062252,-0.00997879366974333,-0.00488786410560466,-0.0165692962363557,0.00111992347883192
"ANSP_174088",-0.0703933856170617,0.0575027890863763,-0.00216251176763264,-0.0636925380085732,-0.00377001720791794,0.0258686806452804,0.0211597647104766,-0.00918489778225484,-0.00398743028535998,-0.0240597182580906,-0.000559856871786101,-0.0102262898520289,-0.0493600368993687,-0.0257392899344586,0.0273363220562105,-0.0184615288438939,0.0211752322194904,-0.0130504122005981,0.00386967551786795,0.00999758632982515,0.0163774596883207,0.0229577880773461,0.0211480924403682,-0.00278166076841368,-0.00554270362715691,0.00269110473446909,0.00350727203590111,-0.00387458757403523,0.00141466884883699,0.00855517948648568
"ANSP_191153",-0.0776175539304197,-0.00682904202479074,-0.000861546872686608,-0.0310082683425441,0.000807402822647823,0.0398282551948661,0.0301907324390026,0.0102621870332682,0.0285858914271557,-0.0489031411854527,-0.0497798400693154,-0.0575751089385886,-0.0525814813463759,0.0208239463040511,0.00676095578787704,-0.0246999745656651,0.0360543945012303,-0.0283299249839168,0.00496367905882141,-0.00492355704122791,0.0119420780513235,-0.00441298336548851,0.00709683143142045,-0.00583984274832737,0.000675393085441307,0.00850384157085039,0.0060891874407852,0.003714531369693,-0.00651919411118763,0.00611268327077213
"AUM_67191",-0.0852593432868387,0.00717738004361234,0.0260497022714269,-0.094266373962113,0.0135686510051012,0.0106318421415756,0.0145897880248895,0.0162995945719674,0.0337016729780571,-0.0135299605439714,0.0357109504500379,-0.0164366818407239,-0.031530848877546,0.025863166635092,0.034127894624536,-0.0177985978528471,-0.0153372017551121,0.0264883575012296,-0.00717689369538805,0.00242312003371536,-0.00759981994289327,-0.00252538336237915,0.00108199923064911,0.00488662435603372,0.00314692620848239,8.70469474995375e-06,-0.00830172473220271,0.00696211532571619,-0.00143106056811555,-0.000137283894321284
"ANSP_190961",-0.0433882182268652,0.140211151581564,-0.0644298581214748,-0.0373248646042966,-0.0476832033423182,0.0142121260131949,-0.0272500105438586,0.00723553937024458,-0.0013305563196714,0.0539870503838289,0.0157173191782625,-0.0247786387801299,-0.00969768404747641,-0.0250755487063952,-0.00889011451698014,0.00146894553136686,-0.00708255315893778,0.0132162514915234,-0.0123107915367764,0.000706121182247406,-0.00782792465446083,-0.0117916980122817,-0.00610171748684547,0.0021214402899796,0.00139859660622982,-0.00141860184235744,0.00375423399776738,0.000278932740283813,0.000945769595294538,0.00151809967550626
"ANSP_192919",0.183873730676079,-0.100265491260574,0.0577966096320611,-0.0252818667325985,-0.0217440684265949,0.05317199415176,-0.0449810804073204,0.0124327153816825,-0.0530161794304801,0.0372867218297816,-0.0294734007044536,-0.0237435327606847,0.00300078456152099,0.0677094423791713,0.0244133516837463,-0.0464538263605845,0.0105290395661259,0.0195781888833284,0.00241028420262892,-0.0253154595387495,-0.010965192212138,0.00145831441048337,0.012621534693445,-0.0108763731405238,-0.00301449926118137,0.00475129345882393,-0.00617277712803369,-0.0202670982242733,0.0179231899574953,0.0147093607284575
"AMNH_12616",0.074565344800989,0.0211602799249671,0.0184730449982428,-0.0406693391714512,-0.0486496335295257,-0.00213763030907295,-0.00314146661902094,-0.00739912113024983,-0.0306206951011484,-0.0111439310419077,0.0509997624318559,-0.0106338687383008,-0.00063001318991333,0.037840357989048,-0.00385749253949729,-0.027053277746135,-0.00678336803493026,0.0126680269639055,-0.0137477620613539,0.00505674882438864,0.0260892650499136,-0.00576442007378466,-0.00538145706372678,0.0102156035636447,0.0129847393740835,-0.0035071905888257,0.00252466838152511,-0.000838769941019255,0.00176571297450139,0.00135911581762755
"ANSP_181100",0.0159727966354595,0.0593035034576273,-0.00741132862886211,-0.0641965275830538,-0.019957225520514,0.0445300875368302,-0.0120729479336179,-0.0277302224545535,0.0190057336602716,0.0111486837121547,-0.000249648117141824,0.00310966705661555,0.0281883556189447,0.000925135998114312,0.00125395282473071,-0.0198501253932786,-0.0143016742394976,-0.0426919835378376,-0.0187837753479628,0.00652113797953342,0.016617635813153,0.00844519111979642,0.0102346664749712,-0.00567155540513845,-0.0122585018239361,-4.98462532755634e-05,0.00095935688229173,0.000677636171914395,0.000513921092895363,-0.00433294311588492
"AMNH_72059",0.218481661813003,-0.155193747360124,0.0499691582934468,0.00364271008638637,-0.000220297081473043,0.0639861855400908,-0.0112791037831757,-0.0689467639773567,0.020900783676875,-0.034349686465324,-0.0112844628882273,-0.00129387306202775,-0.00171806162143322,-0.0108718867255969,-0.00247651263073067,-0.00680565282246013,-0.0118601502411204,0.0156718583371684,-0.0118098242040427,-0.0127932682329081,0.0172047865479531,0.00728066786731066,0.0158060225799147,-0.00922160325221898,0.00308917273067743,0.0095050580931828,0.00217997055363726,0.00250607433190187,0.00331091623225684,0.00410841906803808
"AMNH_73015",0.206853047870202,-0.0796487826190839,0.00852431695326159,-0.0164573727273551,0.0404085983473801,0.0532013480658717,0.00831835307034132,-0.0373088395057435,0.00613142073374314,0.0167583257435523,0.0199389204275744,0.000232925256507444,0.0141882222846351,0.0194809375022851,0.0164784869353743,-0.0295498160937344,0.0059855589616037,0.0094902065019144,0.0185865959400954,0.02278140312977,-0.00817886038136353,0.0183942054394526,-0.00529626202681987,-0.00430626945125495,0.0282136410387644,0.00260014133977703,0.00564233447526919,-0.00993868070124306,-0.00011541173104961,0.00361709906147576
"ANSP_178472",0.184465235207183,-0.0526245817269381,0.0124517774981025,-0.0508465480711216,0.0685190932581418,0.0394439155461183,-0.00166921781315047,-0.0248475771005652,0.00161549445691332,0.0196647519501792,0.026505658327242,-0.0031326324266401,0.0174492297518104,-0.00785875904669684,-0.00349475082205399,0.0133902562769557,-0.000864782571027992,-0.00132640408060291,0.0145648073776603,-0.00882333347517218,0.00613803628029997,0.0177312678766417,-0.0031940046050814,-0.021954154734115,-0.0127256088214596,0.0076152655136436,-0.000546619204541952,-0.00320875329126208,0.00256076760931777,-0.0039235522722169
"MBUCV_35729",0.171530010250448,-0.097712229486814,0.0786130701158287,-0.00346848001566864,0.0920895309831231,0.0586518690814673,0.00121276933881532,-0.0425972285395951,-0.0232950508993125,0.0667340281429585,-0.0101089924563484,-0.0273021028311918,-0.00848367755428419,0.00472140368826902,0.0568099783412609,0.0875380052243536,0.0258002686195636,-0.018159206818976,-0.0322197506402268,0.0201774722247113,0.0113524345645824,0.0147617737243355,0.0387576782749436,-0.000294679616162482,-0.0219049397132542,-0.0184775961139786,-0.0115405835737796,-0.00985513648529218,-0.00173962258558144,0.000361421647120753
"ROM_93335",0.156773392026622,-0.0653742422328165,-0.00538594396022595,-0.0558692253439117,0.0617783647623543,0.0609840167360057,-0.0314133429125358,-0.029034602622269,0.000221801754722962,0.0393300033018429,0.0374566140492534,-0.014557690820355,0.0137379524422218,0.0120071016754189,0.010210487816507,-0.00156411949207302,-0.0177567074655676,-0.00218318684656758,0.0151067707783817,-0.00752739215295996,0.00732794095426971,-0.00742034772617798,-0.00848893538144096,-0.0195880240659822,-0.00191228661152301,-0.00263862795204955,0.00973245155072498,0.00186604736984663,-0.0049250201292651,-0.00161153105588628
"ANSP_131614",0.309883280953872,-0.187295015977003,-0.013190665025482,0.0845997046124719,-0.0767713820299378,-0.0476487925990458,0.0253831299209008,0.0210385789033473,0.0130390712460565,-0.00726973879247601,0.0239552118956558,0.0335115395718718,-0.00406482199389731,-0.0252255767445449,-0.0312223117784146,0.00167356323456995,-0.00184588907105521,-0.0150081472273864,-0.00898513538258571,-0.0110966687621906,-0.00438171616121888,0.0145933713900238,-0.00391079457653576,-0.00818486454573773,0.00455847693599651,-0.00571495777874249,0.00616682755203306,0.00135027828750158,4.08391581993835e-05,-0.00439726566818003
"ROM_PER23_05",0.328008722836319,-0.183372226502601,0.0202906519703843,0.0450587353280119,-0.0547973390402708,-0.0114749853983171,0.00976072612633284,0.0192793156825192,0.0141810410813119,-0.0149371613796581,0.0268977446885164,0.0427096067643428,-0.0049294165577977,-0.0369851785863777,-0.0352905469165569,0.00909657450310767,-0.00768620135518496,-0.0217436081279841,-0.026705546068137,-0.00731795904839759,-0.00544283724646235,-0.00648289043524369,-0.0029078187860212,0.0021481507279931,-0.00271755270999342,-0.00844215895073567,-0.00837645859268401,0.000661589463486626,-0.00305784026431483,-0.00326986871692422
"ROM_PERJ22_08",0.318586875411494,-0.158225719068222,0.015468893865783,0.0723428347165218,-0.0956328979554794,-0.0185152453584915,0.0138196146752735,0.0211831287806563,0.0171258090274268,-0.00533813250943101,0.0307175033136536,0.0251442918214715,-0.0102839068349828,-0.0250253424569405,-0.0194784247055843,0.0030753240508594,0.0174652158340261,-0.023380017788348,-0.0196614758523073,-0.00583834586194151,-0.00644240976193135,0.00594671827994407,0.00539179397266148,0.00514202595809858,0.00251188444961129,-0.00901306042900156,-0.00255832881487906,0.00284044300188452,0.00310342609327104,-0.0014455008692911
"AMNH_54965",0.228354360142396,-0.0647001571868734,-0.0674913147767125,-0.00728637052643741,-0.0764725381793652,0.0197539365271125,-0.0689609773278769,0.0679675396258296,-0.0136039637765374,-0.0166715362362491,0.02067966001455,-0.0401316524949073,0.0353633959589361,-0.0159921100165122,0.0313084410837411,0.00663787139131991,0.00898505929813344,0.0134608006103433,0.0299302895857846,-0.00349379017001212,0.00528359473070904,-0.026875526267711,-0.00210068085972385,-0.00113175927084125,-0.00674932580477028,0.00682217351630715,0.000319661218202271,-0.00986443788206523,-0.000749161097364572,0.00949084123888538
"ANSP_187327",0.244304401857503,-0.0929299344474858,-0.0686708569337109,0.0114951585798419,-0.0962792544821276,0.0247310924034577,-0.0566509694388232,0.0674026801417761,-0.0287621096024805,-0.0225770814664314,0.0732465592682642,-0.0179293850756061,0.00704382957225797,-0.0210955745763111,0.0200795779962837,0.00914803570994006,-0.00372407116474139,0.0134757903937757,0.0339945308640575,-0.00156778496002418,-0.00983202937589009,0.00888184561212908,-0.013388161638165,0.0130263897995409,0.00372431193487666,0.0138248048430562,-0.00198214869650519,0.000483636731426127,-0.00799529986415117,0.0015714948128682
"ROM_102381",0.231259061083326,-0.0906420392081588,-0.0376131644822993,-0.0122983780507823,-0.0693375617851229,-0.0054449483889426,-0.0798352296958775,0.080179991665979,-0.019322284299718,-0.0458864262957447,0.0645655883746459,-0.00481039988642053,0.0300272981140818,-0.00841751770219876,0.002986617764669,0.0332529976492134,-0.0040956082537136,0.0112407999235418,0.0216462723860353,-0.00879324877120061,-0.00528308972715283,3.62076527856033e-05,-0.0167723300177911,0.00753275797128749,-0.00271648647066707,0.000762257485753361,-0.00231903234728165,-0.000789509936851984,-0.00592344190304311,0.0100490701104598
"ANSP_193971",0.175574142970955,-0.0789529876197491,0.0421948057044513,-0.0144929247771777,0.0346697331435377,0.114852255160988,0.0473963292009719,-0.0427398139530417,-0.049525625113761,0.0437175608308726,0.0182337626580816,0.0146910956436496,0.0285120059970517,0.0374487293753431,0.0010833505403318,0.0064622191809074,0.00699401631918941,0.00989814583332269,0.00101249661786828,0.00900126186604849,0.0148366236337411,0.0245024037067973,-0.0294532120058469,-0.0040152446833112,-0.019754599093591,0.00313123991440259,0.00445539361131948,-0.00217229368281765,-0.00539878541611258,0.00444173228046548
"ANSP_191512",0.345441187042538,-0.221773376269168,0.0276055663234816,0.0486387597242217,-0.0237293051015785,-0.0213882553901706,-0.0450551435858203,0.0580086491036742,-0.0100993203161578,-0.0143938057029509,-0.0291211421159331,0.0268586791282335,0.0529756104922006,-0.0490339472049857,0.0224892622834025,-0.00838885755059708,0.0194309184002401,0.0161209260102636,-0.0385984510740478,-0.00263703413424618,-0.0138541899997255,-0.0163317083026967,0.0166966137725127,0.000211451525303893,-0.000838635906410744,-0.0100263420833506,0.000297158475391993,0.00596891587435215,0.00661542845407615,0.00986528068712311
"MHNG_2407_065",0.224718215460901,-0.081298926983229,-0.00470804282857545,0.00932977924621486,0.0419594061046707,0.0415938816180693,0.0615489267417369,-0.0128773596137626,-0.0806276003252053,0.0296784302545521,-0.00928328696915436,-0.0108151587572991,-0.0169342036568837,0.00269668250189203,0.00800257445725974,0.00375355003500506,-0.0155065273122274,0.0064252777126417,0.0189231147787811,-0.0231962582832015,0.0139584024632347,0.00793884313328586,-0.0116258996967573,-0.0108818784328188,0.000527531150370403,0.00375207601241301,0.000600097385351175,0.00189442813606716,-0.00340104663395882,0.00391902273010864
"AUM_39898",0.281547227562615,-0.163239557813587,0.0226760171996698,0.0160218258254562,-0.0527709644938198,0.0117073079553884,-0.0549795169577056,0.0109597733721354,0.0112269924443549,-0.00178020640999958,-0.0300295123935001,-0.00499026932112105,0.0309856474411899,-0.0199235439187767,0.0245050950764838,-0.033269790404167,0.0122150656291551,-0.0062672450759346,0.00128839558722668,-0.0003980335088182,-0.0148962329892693,-0.00917868471761793,-0.000524263962523856,-0.0138225116299887,0.00252734530087107,-0.00166288664084457,0.00671127460918709,0.00157057671248179,0.000919652977058243,-0.00383991228280476
"MBUCV_20148",0.305932907265601,-0.160880774819457,0.0513842565992475,0.0533206621694092,-0.0119694794190498,0.0112394815269761,-0.00163697174271965,0.00322906249795604,0.0133999428363059,0.0299148575391287,-0.0112205811939695,-0.00977938738717313,-0.0351555510832935,-0.0078191084921623,0.0352334314426824,-0.00535750221670044,-0.0226218296583628,-0.0214119734741372,-0.0106703822998035,0.0102701310258998,-0.00779683222307835,-0.0078942732046656,-0.00368989851966473,0.00980820580164435,0.00075196229674236,-0.00534354391971221,0.00820223878160136,0.000719557263570345,0.00198866609327601,0.00584609561367316
"MCP_15738",0.295690968304502,-0.163504222169661,0.0614044492565393,-0.00646855145620123,0.0201346459075353,0.0273800754853869,-0.038175368061048,0.0412223680766736,-0.0172136501217591,0.00468416301441429,-0.0498302098316272,-0.00565289238406451,0.0382948080574216,-0.0156932025293892,0.0181362496351811,-0.0244667585491478,0.0120752302830989,-0.00510847078656197,-0.0199203269540843,0.00279775926919245,-0.0154460351100611,0.00355651318965419,-0.00748236496208455,-0.0121346527680137,-0.00757329954565317,-0.00138644046072762,-0.00173918396403581,-0.00118292763671715,0.00667616001238864,0.00168178017233949
"ROM_88280",0.2328999063755,-0.0674365615702784,0.0620780880560611,-0.0359980271457396,0.000713803944266378,0.0261586270744228,-0.0117216267811616,-0.00979999121497123,0.0203566508931084,-0.000570160183806387,0.013676457655583,0.0176400448174101,-0.0161292293833093,0.000820386843857712,0.031496169266466,-0.0211521182062527,-0.0143163371293719,0.0233721256651197,0.0157114087163991,0.0383162101563423,-0.0115083893723397,0.00384441831502834,-0.00563039614724653,-0.00872235840714157,-0.00362745946425296,0.00232914771764356,-0.00114457110774083,-0.00758540911112058,-0.00207384854920037,-0.012214520336505
"ANSP_181093",0.00685070955976643,0.105967294449511,0.0394474474386208,0.00319039331995494,-0.00976463375763331,0.0436156535142191,-0.0161491361489984,-0.0421134855184939,0.019413706926652,-0.00289903090344695,0.0145674768476689,-0.00829026599983839,0.017236497578338,0.0106702450935383,-0.00471330546540015,-0.0133155616152751,-0.00671431625356775,-0.0114634391431543,-0.00374858020277069,0.00908813325567815,0.00838250877447824,0.00544736623067452,0.0156373378916847,-0.00212038652747702,-0.000345911110109679,0.00430991075258286,-0.00276320482955048,0.00170623307326956,1.53417383404188e-05,-0.00154676337951376
"CAS_ICH_12695",0.252065507592494,-0.139275733900084,0.0700261332472773,0.024283373055568,0.026269660282167,0.0120483735962814,-0.0275954705348865,0.0241871428921445,-0.00107440510571515,0.0149920978174866,-0.0502104673266483,-0.0398587612680209,0.0289081386188389,0.0138963317672789,0.0290649301974239,-0.0080468622466342,-0.00931102571588657,-0.0162936163869054,0.00213683236753878,-0.039099672594628,-0.0105620633261149,0.00243167882757865,-0.00477686149145931,0.000335149391608656,-0.0117380814237966,-0.00793791264536355,-0.00633192767027245,0.000866706843291272,-0.000589363513474845,-0.0034333896609073
"ANSP_190978",0.26815777837364,-0.139065864850787,0.00320962376850237,0.0375476807539291,-0.0571830700322023,0.0163457469089268,-0.02802189978408,-0.0229874720936163,-0.0150947904473566,-0.0191739759911058,0.030731088800942,-0.0195448827997788,0.0109335560474762,-0.0216737435796211,0.00385634200049946,0.000845331374501095,0.00564399657861459,0.0300580145819407,-0.0071196634235955,-0.00191675981215504,0.0118811397667125,-0.011976669933289,0.00654493275509161,0.00669264825510166,-0.000142177001237276,0.00124218501286088,0.00687957579828113,0.00401971220529124,0.000496345015456263,-0.0043631209359614
"ANSP_160858",0.197737387079935,-0.114297808029765,0.0519536561596927,-0.0461795805972329,0.0786395308717667,0.0610735827559245,-0.0114546365513275,-0.0215102662217671,-0.0108558962848671,0.00991040190800265,-0.0166749306483511,0.00695113710601105,0.0209652654195131,0.00144683200968695,0.0217356333008544,0.00309959570191029,-0.0179527131205771,0.0100363760530107,0.0242454793832346,0.0169547758712483,-0.0227036504313221,0.00112337280537177,-0.00621180467270332,-0.00828133565081314,0.00109590584908617,0.00165967419143897,-0.00374263243415455,-0.00276938064129235,-0.00309252097284289,0.00335735462568834
"ANSP_180793",0.3063990594331,-0.166461656269199,0.0346944680983946,0.0595925859630139,-0.0195818073106667,0.0101340019768444,-0.0103723712826199,0.00588469884036537,0.00920480352887179,0.00185884038709723,0.0269930984936663,0.00154698051148109,-0.023080928691088,0.00992975411651863,0.0044899438646861,-0.0298354363873993,-0.0147929705818706,-0.000146452671489033,-0.0194521874968987,0.0125989398866825,-0.0127970520978856,0.00149102217474461,0.0153525318510476,-0.000929363499318417,-0.0063300354174292,-0.00820142528820403,0.00987156601155071,0.00447641901511189,-0.00436851737441477,-0.00722520004791587
"ANSP_182349",0.199845046336799,-0.156505314223789,0.0824204452540591,-0.0232163371639082,0.0864256425464199,0.0689507234401517,-0.0169204904928113,-0.0271982017816212,0.00919743449457766,0.0301648098965764,0.00740289872334546,0.0110047124153526,0.00356711591056179,0.0230699152178044,-0.0231033713507777,0.0338425599807846,-0.0139105225089443,-0.00308728971627347,0.00618755991851874,0.00968585971669123,-0.0171273702706129,0.00317270447282126,-0.00955261951134046,-0.00312542206413533,-0.00215371061754385,0.00162568575849241,0.0183899635074825,0.00414610893060945,0.00283572694830646,-0.000956286708029969
"MBUCV_15602",0.243336032045661,-0.131537042014357,0.0948257250344372,-0.0137379694547323,0.0501629464194925,0.062806224107337,-0.000323981363103191,0.000359637656527833,0.0213867276248712,0.0217601780627314,0.00193017390905125,0.0109264734951604,0.017584939556498,0.00255988121930603,-0.0130929670238578,0.0421211438851519,0.00972445359291751,-0.0259774240157817,0.0105382465419464,-0.0198394358382241,-0.0218344354173355,0.0197363711307367,-0.00405513782731115,0.005857704461989,0.00166633952077112,-0.0108270227509513,-0.00752000388117633,0.000729460589196027,-0.00404559024358047,-0.00307424203536851
"MBUCV_35721",0.21642720230073,-0.140966138691376,0.0633968981148481,-0.068282668845698,0.131494450409524,0.0870295134409728,-0.0346197842723157,0.0139813789126422,0.00745419957179583,-0.000134399071922316,0.0071624390599969,0.0425924956643229,0.0227432071581862,-0.0319326637807408,-0.0396811655397614,0.035949073745541,-0.0048090873159382,-0.00764151837373491,0.0122580372101536,-0.0147378824124081,-0.0177099862619103,0.00722344256218153,0.0223050591469207,-0.0050224308046551,0.0386387631034504,-0.00237998556709792,0.00546023502250063,0.0115267810659219,-0.0255130719317684,0.0163940382138938
"TCWC_15249",0.188749887891554,-0.0700000744880081,-0.00492505276849681,-0.0264673176270618,-0.00250016265067716,0.00504933131469532,-0.0506912224422407,-0.0090738163674233,0.00155051305341456,0.0467733121865842,0.0114806672178784,-0.0216701465684993,0.00835605396211337,0.0172134125147317,-0.023616341226148,0.00604920593356234,0.00462323685048799,-0.00309766033432125,0.0328830085663558,-0.00551311508383297,-0.0113436540510132,0.0203121467951121,-0.00941903021907527,-0.0202336571423905,0.0118932611097112,-0.00185559289309215,0.00292536990791897,0.000136470031718854,0.00107918616044815,-0.00501003539324817
"MCP_14067",0.154775470749154,-0.123753649276345,-0.039192367081478,0.06129433474749,-0.018535643612397,0.00109665696804541,0.0516656787743206,-0.0546701612595592,0.00977131199327334,-0.0258070791482119,0.0467691595204308,0.00374988277490473,0.000653885104131168,0.0293632332724192,0.0216860658008057,0.000948163478522505,0.0122883270997941,-0.0408419202865783,0.0287485691868753,-0.0332312412418695,0.010376278857483,0.0103566145270023,-0.00425460507834398,-0.00011948447244265,0.00637877159817369,0.0170549233272277,0.010340809077921,-0.0155836261155203,-0.00136902864285201,0.00142206418038017
"AMNH_233266",0.210901121521413,-0.0869049544421333,0.00164489806298101,-0.0388292997545672,0.131337923066085,0.108293580848718,-0.0288483017959342,0.0219572206699091,0.0405030984044551,0.016033547136872,0.051171145521294,-0.019160648684016,-0.0027047044719143,0.0255493846122592,-0.0199549226859495,0.0139031663134628,0.0111143446982214,0.00644754472755147,-0.01183460546055,0.00479693948554265,-0.0111637417368881,0.0167323802012621,0.00183368693968323,0.000461243730365869,-0.00235625976910869,-0.0149124048117311,0.00464696940407299,0.00163580658086813,-0.00243838381528,-0.00972980397435143
"AMNH_54892",0.216014615184051,-0.0314083834796273,0.0396222863190297,-0.0519075518630869,0.11106275058268,0.150668444829909,-0.0841671179586316,0.0143610424928606,0.00436452378062447,0.0298546173696665,0.043936714101164,0.0338108986086268,-0.00425130061068824,0.0339133303763863,-0.0726949286241451,-0.0336253450666849,-0.0327360305263099,0.0324382730690509,-0.0317920456926371,-0.0130769279172952,-0.00980478143359205,-0.0219657219494585,0.0158526236143381,0.00615541257166578,-0.00347563253418426,-0.00470523350905957,-0.0146421752614287,-0.00373948010888838,-0.000831009889643369,-0.00039741604658068
"AMNH_12611",0.079186718642911,-0.00505703764717546,-0.0585234374246709,0.0716479690237246,-0.0894877408796401,0.0627543383863253,0.0470301657525485,-0.030140325827855,-0.127305924427538,0.00119565937957668,-0.0126398392733217,-0.0426841790300163,-0.00965165290585407,0.0396218701932056,-0.00192187378447436,-0.0195952464991912,0.0425666973139314,0.0434644284435288,-0.00382702550375609,0.0149798082759867,-0.0366365563685655,-0.00591313826914332,0.000509849611708121,-0.00117807676479841,-0.0257822690687639,0.00283617255029153,0.00141603099785593,0.00303220890523297,-0.0062759878652671,-0.00612478729048292
"AMNH_40114",0.0493275540437568,0.0409147633216756,-0.0695868908557175,0.0309871483909072,-0.0490703899406775,0.0600429744171638,0.0337613018678244,-0.0108742841677858,-0.0235962181357196,-0.00491709944139308,0.0283976842102149,-0.0419201183688627,-0.0267243970345973,0.0506436008850568,0.00212539147801626,-0.0626104476083876,-0.000785245295710543,-0.0252977635280914,0.00477000097183771,0.00320528864902988,-0.0145309526625922,-0.00454077601448069,0.0110136948492509,0.0177576033036675,-0.00368457711838503,-0.00153817703843609,-0.0111276163966182,-0.0087588628800032,0.00121839337903782,0.000541641350420193
"ROM_64046",0.0677823471523116,0.0202257782944241,-0.0446698332873144,-0.0506419606132785,-0.0314040300823446,0.0205269684579496,0.00466344191622154,0.00662456954815056,0.0424387143840629,-0.0312803641447218,0.0288753866506672,-0.011996031796612,0.00129842449562544,0.0256394242639682,-0.0218459599065408,-0.0223356098860541,-0.0127343367529821,-0.0271201173175344,0.00292919478659507,-0.002736619120141,-0.0129521579766558,-0.00333815509079265,0.0256080073737243,0.00541054083171828,-0.00213636442232846,0.00150054510949452,0.00576728904812572,-0.00507004039829793,-0.00215556332683652,0.00590176924206141
"ROM_106232",-0.0515336260454738,0.148160416437,-0.00120435404894237,0.0661519773045441,-0.0159366534437223,0.0626560076753493,0.0284195453315164,-0.0233274753382506,0.0204153249157915,0.0111979078228631,-0.0114982123834308,0.00801197954089568,0.0066352583779665,0.0498711076028166,0.0141797862841608,-0.011284134327355,0.00385723128794845,0.00167213102240552,0.0031201631956234,0.00319601996150824,0.0200178095737495,0.0102330189474636,-0.0194080388117767,0.00479195638491205,2.09860859428565e-05,-0.0106992082263796,0.000474158057073043,-0.00337056892380127,-0.00467801968833111,-0.00411228232832558
"ROM_COL19_12",0.0271523777645175,0.0477431567331672,-0.0279743870943893,-0.0695522907451408,-0.0428485859102362,0.000448454963548239,-0.0020280342562669,0.00116981049230676,0.0513219955657715,-0.022403120044542,-0.013403437423528,-0.0209651348978088,-0.00694829287716692,0.00707740811256381,-0.00276665616025693,-0.0071170906825023,0.00629716916377381,0.0132798552424626,0.00889722440571371,-0.0349946095129745,-0.0132482553952773,0.00647137917460984,-0.0139878322060706,0.0073244509433298,0.00584897717200748,-0.00361798589811374,-0.0305574087230234,-0.0047819903688442,0.00303228301437058,0.00238614244543643
"ANSP_69441",-0.11186092357513,-0.0867167333025746,-0.0147903636204892,-0.0220444647918924,-0.0614220257043568,0.0240763487378494,0.0102014346655736,-0.00776310057520718,0.0220380954237154,-0.0515080499124092,0.0458486557691297,-0.0197132376325191,0.0177607628669711,0.0553445320920827,-0.0038598630106569,0.0131814939329539,-0.0118235650535874,0.00663205630201869,-0.0100562613627578,0.00926748182181425,-0.00969564821171717,0.00196446826486708,0.00558280775680414,0.00759084569070926,0.0126990442777154,-0.00387040981310805,0.0132267176084789,-0.00143937328530325,-0.00336032812085139,0.000534089958910668
"ANSP_69442",-0.137080762482774,-0.0671090218014522,-0.0250212892014116,-0.0335030507880726,0.00535045726021874,0.0266632259898263,0.000651732070176958,-0.00523782772345538,0.0395256761954042,-0.0447070667816411,0.0535151202501163,-0.0227459963515512,0.002513333895835,0.0390600061924933,-0.0209218029246355,-0.00175869114507448,-0.0201801270024974,-0.0236482067628058,-0.0107681328708372,-0.00103454732747731,-0.0101077998219139,-0.00389450854880161,-0.00431639928535728,0.00787613714197523,0.000392752813999469,0.000648740794252755,-0.00257889660504981,0.00607892840976691,0.00309004818592488,-0.00241183208424327
"MCP_20407",-0.130757529348136,0.0194595383053258,0.115181972725388,-0.0167043898341709,0.0170889561409384,0.0509551658099934,-0.0094949178335349,-0.030902319522445,0.0262889106014622,-0.0511085930808533,-0.0174671573262542,-0.00694169713425834,0.008681450275269,0.00389200179856373,0.0150917141209258,0.0353570497268894,-0.00537679359940042,0.000561783370896988,-0.0260535536192832,-0.00446913366917734,-0.00726641925063798,-0.00934787932090564,-0.00514656875760571,0.0216129208989046,-0.0059419243452205,0.00943428115614984,0.0144431751721089,-0.0124318838859885,-0.00154217843920841,-0.0019626131402436
"MCP_31468",-0.0051996306792057,-0.0210593352767316,0.0250254066821193,-0.0420606758582971,0.0158201352337348,0.000775606434901817,0.0185819831372392,-0.0399798961455534,0.0305907405012363,-0.0256317177119344,0.0407108597337468,-0.0115799072132688,-0.0012043732848156,0.0388805790734166,0.0243877838609365,-0.00158406347886179,-0.00646268293483945,-0.0123022626047517,-0.00616240610882114,-0.00275432731828493,-0.0145563231300276,-0.00274230833709661,-0.0040543131037782,-0.00137907507781878,0.0118473268606149,-0.00753887715383537,0.0033012083297815,0.00646478136958113,-0.00614091852100292,0.00325042878277771
"UF_162116",0.0813826317300486,0.121023574737718,0.0678511387391997,0.00535177805761066,-0.0172465545345307,0.027271467400105,-0.0547634969204273,0.00224924742339595,-0.0468454574691255,0.0219118883948818,-0.00404955386308183,0.0317757006491799,-0.012236307945601,0.0141415156704911,0.0461799894908393,0.0483441564269426,-0.0107945954305645,-0.0294720267467586,0.0083608935006235,0.0306909562139006,-0.0185048106729079,-0.0255344624297286,-0.0180665029050694,-0.00368342178251905,-0.00625673823471022,0.00594793544831234,-0.000221378811841855,-0.0016216333533746,-0.00426904954639249,-0.00467781661994299
"AMNH_58332",0.0431656534376205,0.041372735896133,0.0972513043182984,0.0773325958573931,-0.0106534693507796,-0.0164724430055434,0.0511937894410512,-0.0494238806418576,0.044661553656451,-0.0560869734678117,0.0716313195090334,0.00567945198715436,0.0173679717541053,-0.0132190497008597,0.0233293164527165,-0.0077212277867834,0.0264109200418559,-0.0175001630432418,0.0384454824202218,-0.0078538286495415,-0.036102067805756,-0.00782935914677239,0.00564327575809919,-0.00255081805746769,-0.00168920251852933,0.00476519022525515,-0.00255290252416494,-0.0070116428052792,0.014587867256299,0.0088460210041302
