Order,Suborder,Family,Subfamily,Tribe 1,Tribe 2,BI-ABR-FAM,BI-ABR-SFAM,BIOINFORMATICS-GENUS,BIOINFORMATICS-SPECIES,BIOINFORMATICS-BINOMIAL,BIOINFORMATICS-LABEL,BIOINFORMATICS-CN,BIOINFORMATICS-ECOLOGY-DIET,BIOINFORMATICS-ECOLOGY-HABITAT,BIOINFORMATICS-COUNTRY,BIOINFORMATICS-LATITUDE,BIOINFORMATICS-LONGITUDE,catalog,binomial,Type Status,Region Scanned,Resolution (mm),Data Source,Head Fully Segmented,Jaws Segmented,Opercle Segmented,Cleithrum,File Size (GB),SL (mm),Data Ownership,Notes
Anabantiformes,,Anabantidae,,,,,,,,,,,,,,,,AMNH 230199,Sandelia capensis,non-type,whole,0.03396,AMNH-MIF,NA,NA,NA,,2.090,,N.K. Lujan,2 specimens in scan
Characiformes,,Acestrorhamphidae,Hyphessobryconinae,,,,,,,,,,,,,,,LBP 32109,Hyphessobrycon delimai,non-type,whole,,Mahler SkyScan,no,no,no,,,,,
Characiformes,,Acestrorhamphidae,Hyphessobryconinae,,,,,,,,,,,,,,,MZUSP 120011,Hyphessobrycon krenakore,non-type,whole,,Mahler SkyScan,no,no,no,,,,,
Characiformes,,Acestrorhamphidae,Hyphessobryconinae,,,,,,,,,,,,,,,MZUSP 117580,Hyphessobrycon nsp boitata,PARATYPE,whole,,Mahler SkyScan,no,no,no,,,,,
Characiformes,,Acestrorhamphidae,Hyphessobryconinae,,,,,,,,,,,,,,,MZUSP 100667,Hyphessobrycon nsp sanbenedito,PARATYPE,whole,,Mahler SkyScan,no,no,no,,,,,
Characiformes,,Acestrorhamphidae,Hyphessobryconinae,,,,,,,,,,,,,,,MZUSP 115333,Hyphessobrycon pinnistriatus,non-type,whole,,Mahler SkyScan,no,no,no,,,,,
Characiformes,,Acestrorhamphidae,Hyphessobryconinae,,,,,,,,,,,,,,,LBP 33043,Hyphessobrycon platyodus,non-type,whole,,Mahler SkyScan,no,no,no,,,,,
Characiformes,,Acestrorhamphidae,Hyphessobryconinae,,,,,,,,,,,,,,,LBP 32962,Hyphessobrycon pulchripinnis,non-type,whole,,Mahler SkyScan,no,no,no,,,,,
Characiformes,,Acestrorhamphidae,Megalamphodinae,,,,,,,,,,,,,,,LBP 34422,Hemigrammus stictus,non-type,whole,,Mahler SkyScan,no,no,no,,,,,
Characiformes,,Acestrorhamphidae,Megalamphodinae,,,,,,,,,,,,,,,LBP 32221,Makunaima multidens,non-type,whole,,Mahler SkyScan,no,no,no,,,,,
Characiformes,,Acestrorhamphidae,Megalamphodinae,,,,,,,,,,,,,,,LBP 35647,Makunaima pittieri,non-type,whole,,Mahler SkyScan,no,no,no,,,,,
Characiformes,,Acestrorhamphidae,Pristellinae,,,,,,,,,,,,,,,UW 16088,Gymnocorymbus ternetzi,non-type,whole,0.02416,Morphosource,no,no,no,,0.577,,,
Characiformes,,Acestrorhamphidae,Pristellinae,,,,,,,,,,,,,,,UF 37016,Gymnocorymbus thayeri,non-type,whole,0.05315,Morphosource,no,no,no,,0.706,,,
Characiformes,,Acestrorhamphidae,Stygichthyinae,,,,,,,,,,,,,,,ROM 83850,Astyanax nsp 'stripetail',PARATYPE,whole,,Mahler SkyScan,no,no,no,,,,,
Characiformes,,Acestrorhamphidae,Stygichthyinae,,,,,,,,,,,,,,,ROM 95024,Astyanax nsp 'stripetail',PARATYPE,whole,,Mahler SkyScan,no,no,no,,,,,
Characiformes,,Acestrorhamphidae,Stygichthyinae,,,,,,,,,,,,,,,ROM 89874,Astyanax. sp. 'Kuribrong',non-type,whole,0.01388,Mahler SkyScan,no,no,no,,4.120,,N.K. Lujan,
Characiformes,,Acestrorhamphidae,Stygichthyinae,,,,,,,,,,,,,,,LBP 6827,Deuterodon iguape,non-type,whole,,Mahler SkyScan,no,no,no,,,,,
Characiformes,,Acestrorhamphidae,Stygichthyinae,,,,,,,,,,,,,,,ROM 61441,Deuterodon potaroensis,non-type,whole,0.01352,Mahler SkyScan,no,no,no,,7.390,,N.K. Lujan,
Characiformes,,Acestrorhamphidae,Stygichthyinae,,,,,,,,,,,,,,,UF 98900,Deuterodon potaroensis,non-type,whole,0.01210,Mahler SkyScan,no,no,no,,3.210,,N.K. Lujan,
Characiformes,,Acestrorhamphidae,Stygichthyinae,,,,,,,,,,,,,,,ROM 91339,Hyphessobrycon eos,non-type,whole,0.00676,Mahler SkyScan,no,no,no,,8.110,,N.K. Lujan,female
Characiformes,,Acestrorhamphidae,Stygichthyinae,,,,,,,,,,,,,,,ROM 91339,Hyphessobrycon eos,non-type,whole,0.00676,Mahler SkyScan,NA,NA,NA,,2.800,,N.K. Lujan,male
Characiformes,,Acestrorhamphidae,Stygichthyinae,,,,,,,,,,,,,,,ROM 91339,Hyphessobrycon eos,non-type,whole,0.00676,Mahler SkyScan,NA,NA,NA,,3.080,,N.K. Lujan,male
Characiformes,,Acestrorhamphidae,,,,,,,,,,,,,,,,ROM 83855,Guianabrycon ngen nsp,MS TYPE,whole,0.02064,Mahler SkyScan,no,no,no,,7.350,,N.K. Lujan,
Characiformes,,Acestrorhamphidae,,,,,,,,,,,,,,,,ROM 82799,Moenkhausia n.sp.,PARATYPE,whole,0.01210,Mahler SkyScan,no,no,no,,3.290,,N.K. Lujan,
Characiformes,,Acestrorhamphidae,,,,,,,,,,,,,,,,ROM 82799,Moenkhausia n.sp.,PARATYPE,whole,0.01210,Mahler SkyScan,NA,NA,NA,,2.960,,N.K. Lujan,
Characiformes,,Characidae,Tetragonopterinae,,,,,,,,,,,,,,,UF 77820,Tetragonopterus argenteus,non-type,whole,0.04844,Morphosource,NA,NA,NA,,0.978,,,
Characiformes,,Crenuchidae,Characidiinae,,,,,,,,,,,,,,,AMNH 232928,Ammocryptocharax elegans,non-type,head,0.01166,AMNH-MIF,NA,NA,NA,,0.893,,N.K. Lujan,
Characiformes,,Crenuchidae,Characidiinae,,,,,,,,,,,,,,,AMNH 62832,Ammocryptocharax lateralis,non-type,head,0.00849,AMNH-MIF,NA,NA,NA,,4.750,,N.K. Lujan,
Characiformes,,Crenuchidae,Characidiinae,,,,,,,,,,,,,,,AUM 53978,Ammocryptocharax minutus,non-type,head,0.00270,AMNH-MIF,NA,NA,NA,,4.450,,N.K. Lujan,
Characiformes,,Crenuchidae,Characidiinae,,,,,,,,,,,,,,,AUM 62833,Ammocryptocharax vintonae,non-type,head,0.01061,AMNH-MIF,NA,NA,NA,,4.310,,N.K. Lujan,
Characiformes,,Crenuchidae,Characidiinae,,,,,,,,,,,,,,,AUM 62687,Characidium amaila,non-type,head,0.01206,AMNH-MIF,NA,NA,NA,,7.070,,N.K. Lujan,
Characiformes,,Crenuchidae,Characidiinae,,,,,,,,,,,,,,,AUM 67146,Characidium boavistae,non-type,head,0.02846,AMNH-MIF,NA,NA,NA,,1.480,,N.K. Lujan,
Characiformes,,Crenuchidae,Characidiinae,,,,,,,,,,,,,,,AUM 62898,Characidium crandellii,non-type,head,0.02456,AMNH-MIF,NA,NA,NA,,1.720,,N.K. Lujan,
Characiformes,,Crenuchidae,Characidiinae,,,,,,,,,,,,,,,AUM 67142,Characidium crandellii,non-type,whole,0.06397,AMNH-MIF,NA,NA,NA,,6.190,,N.K. Lujan,
Characiformes,,Crenuchidae,Characidiinae,,,,,,,,,,,,,,,AUM 67142,Characidium crandellii,non-type,head,0.04088,AMNH-MIF,NA,NA,NA,,3.420,,N.K. Lujan,
Characiformes,,Crenuchidae,Characidiinae,,,,,,,,,,,,,,,AMNH 233084,Characidium declivirostre,non-type,head,0.02887,AMNH-MIF,NA,NA,NA,,1.770,,N.K. Lujan,
Characiformes,,Crenuchidae,Characidiinae,,,,,,,,,,,,,,,AMNH 91170,Characidium declivirostre,non-type,head,0.02887,AMNH-MIF,NA,NA,NA,,0.695,,N.K. Lujan,
Characiformes,,Crenuchidae,Characidiinae,,,,,,,,,,,,,,,AMNH 22725,Characidium marshi,non-type,head,0.01921,AMNH-MIF,NA,NA,NA,,1.330,,N.K. Lujan,
Characiformes,,Crenuchidae,Characidiinae,,,,,,,,,,,,,,,ROM 93956,Characidium purpuratum,non-type,head,0.01311,AMNH-MIF,NA,NA,NA,,1.280,,N.K. Lujan,
Characiformes,,Crenuchidae,Characidiinae,,,,,,,,,,,,,,,ROM 86516,Characidium sp,non-type,head,0.01218,AMNH-MIF,NA,NA,NA,,1.480,,N.K. Lujan,
Characiformes,,Crenuchidae,Characidiinae,,,,,,,,,,,,,,,AUM 67118,Characidium wangyapoik,PARATYPE,head,0.04088,AMNH-MIF,NA,NA,NA,,1.840,,N.K. Lujan,
Characiformes,,Crenuchidae,Characidiinae,,,,,,,,,,,,,,,AMNH 74687,Elacocharax pulcher,non-type,head,0.00341,AMNH-MIF,NA,NA,NA,,5.940,,N.K. Lujan,
Characiformes,,Crenuchidae,Characidiinae,,,,,,,,,,,,,,,AMNH 53002,Elacocharax sp Bolivia,non-type,head,0.00355,AMNH-MIF,NA,NA,NA,,5.440,,N.K. Lujan,
Characiformes,,Crenuchidae,Characidiinae,,,,,,,,,,,,,,,ROM 93483,Leptocharacidium nsp checkerboard,non-type,head,0.01976,AMNH-MIF,NA,NA,NA,,1.490,,N.K. Lujan,
Characiformes,,Crenuchidae,Characidiinae,,,,,,,,,,,,,,,AMNH 233032,Leptocharacidium omospilus,non-type,head,0.01734,AMNH-MIF,NA,NA,NA,,1.390,,N.K. Lujan,
Characiformes,,Crenuchidae,Characidiinae,,,,,,,,,,,,,,,ROM 91483,Melanocharacidium blennioides,non-type,head,0.01672,AMNH-MIF,NA,NA,NA,,1.180,,N.K. Lujan,
Characiformes,,Crenuchidae,Characidiinae,,,,,,,,,,,,,,,AUM 43705,Melanocharacidium dispilomma,non-type,head,0.01332,AMNH-MIF,NA,NA,NA,,1.120,,N.K. Lujan,
Characiformes,,Crenuchidae,Characidiinae,,,,,,,,,,,,,,,AUM 43706,Melanocharacidium melanopteron,non-type,head,0.02629,AMNH-MIF,NA,NA,NA,,2.430,,N.K. Lujan,
Characiformes,,Crenuchidae,Characidiinae,,,,,,,,,,,,,,,AUM 38198,Odontocharacidium aphanes,non-type,head,0.00414,AMNH-MIF,NA,NA,NA,,1.580,,N.K. Lujan,
Characiformes,,Crenuchidae,Crenuchinae,,,,,,,,,,,,,,,AMNH 74610,Crenuchus spilurus,non-type,head,0.00963,AMNH-MIF,NA,NA,NA,,5.080,,N.K. Lujan,
Characiformes,,Crenuchidae,Crenuchinae,,,,,,,,,,,,,,,AUM 67161,Poecilocharax bovallii,non-type,head,0.02456,AMNH-MIF,NA,NA,NA,,0.558,,N.K. Lujan,
Characiformes,,Curimatidae,,,,,,,,,,,,,,,,ROM ECU22-09,Steindachnerina dobula,non-type,whole,0.01352,Mahler SkyScan,NA,NA,NA,,10.860,,N.K. Lujan,Vandellia sp. lodged in branchial cavity
Characiformes,,Iguanodectidae,,,,,,,,,,,,,,,,ROM 83994,Bryconops magoi,non-type,whole,0.02064,Mahler SkyScan,no,no,no,,7.340,,N.K. Lujan,
Characiformes,,Iguanodectidae,,,,,,,,,,,,,,,,ROM 93356,Bryconops sp. Iwi,MS TYPE,whole,0.02064,Mahler SkyScan,no,no,no,,7.340,,N.K. Lujan,
Characiformes,,Lebiasinidae,,,,,,,,,,,,,,,,ROM 110025,Lebiasina nsp 1,MS TYPE,whole,0.02064,Mahler SkyScan,no,no,no,,8.750,,N.K. Lujan,
Characiformes,,Lebiasinidae,,,,,,,,,,,,,,,,ROM 110062,Lebiasina nsp 1,MS TYPE,whole,0.02064,Mahler SkyScan,NA,NA,NA,,8.750,,N.K. Lujan,
Characiformes,,Serrasalmidae,Serrasalminae,,,,,,,,,,,,,,,ROM ECU21-10 T28524,Pygopristis striolatus,MS Type,whole,0.03559,Mahler SkyScan,NA,NA,NA,,2.530,,N.K. Lujan,
Characiformes,,Serrasalmidae,Serrasalminae,,,,,,,,,,,,,,,ROM ECU21-10 T28526,Pygopristis striolatus,MS Type,whole,0.03559,Mahler SkyScan,NA,NA,NA,,2.730,,N.K. Lujan,
Characiformes,,Stevardiidae,,,,,,,,,,,,,,,,FMNH 56649,Bryconamericus beta,PARATYPE,whole,,Mahler SkyScan,no,no,no,,,,,
Characiformes,,Stevardiidae,,,,,,,,,,,,,,,,FMNH 56649,Bryconamericus beta,PARATYPE,whole,,Mahler SkyScan,no,no,no,,,,,
Characiformes,,Stevardiidae,,,,,,,,,,,,,,,,FMNH 58064,Ceratobranchia binghami,PARATYPE,whole,0.00712,Mahler SkyScan,yes,yes,yes,,12.760,37.5,N.K. Lujan,
Characiformes,,Stevardiidae,,,,,,,,,,,,,,,,ANSP 143772,Ceratobranchia delotaenia,PARATYPE,whole*,0.00605,Mahler SkyScan,yes,yes,yes,,10.220,33.5,N.K. Lujan,"whole body scanned, available, only head imported"
Characiformes,,Stevardiidae,,,,,,,,,,,,,,,,ANSP 159215,Ceratobranchia joanae,PARATYPE,whole*,0.00605,Mahler SkyScan,yes,yes,yes,,8.660,24.6,N.K. Lujan,"whole body scanned, available, only head imported"
Characiformes,,Stevardiidae,,,,,,,,,,,,,,,,ROM 107848,Ceratobranchia sp Caqueta,non-type,whole,0.00854,Mahler SkyScan,no,no,no,,13.050,,N.K. Lujan,
Characiformes,,Stevardiidae,,,,,,,,,,,,,,,,AUM 21698,Ceratobranchia sp Maranon,non-type,whole,0.01352,Mahler SkyScan,no,no,no,,10.740,,N.K. Lujan,
Characiformes,,Stevardiidae,,,,,,,,,,,,,,,,ROM 100277,Ceratobranchia sp Napo,non-type,whole,0.00854,Mahler SkyScan,no,no,no,,12.530,,N.K. Lujan,
Characiformes,,Stevardiidae,,,,,,,,,,,,,,,,ROM ECU21-04,Creagrutus barrigae,non-type,whole,0.00676,Mahler SkyScan,NA,NA,NA,,11.330,,N.K. Lujan,
Characiformes,,Stevardiidae,,,,,,,,,,,,,,,,ROM 96857,Creagrutus cf machadoi,non-type,head,0.01139,Mahler SkyScan,yes,yes,yes,,9.100,,N.K. Lujan,
Characiformes,,Stevardiidae,,,,,,,,,,,,,,,,ROM 96857,Creagrutus cf machadoi,non-type,whole,0.01139,Mahler SkyScan,NA,NA,NA,,9.100,,N.K. Lujan,
Characiformes,,Stevardiidae,,,,,,,,,,,,,,,,ROM 100212,Creagrutus gracilis,non-type,whole*,0.01139,Mahler SkyScan,yes,yes,yes,,10.880,54.9,N.K. Lujan,"whole body scanned, available, only head imported"
Characiformes,,Stevardiidae,,,,,,,,,,,,,,,,ROM ECU21-06,Creagrutus gracilis,non-type,whole*,0.00605,Mahler SkyScan,NA,NA,NA,,10.330,32.7,N.K. Lujan,"whole body scanned, available, only head imported"
Characiformes,,Stevardiidae,,,,,,,,,,,,,,,,USNM 359641,Creagrutus machadoi,PARATYPE,whole,0.00641,Mahler SkyScan,yes,yes,yes,,9.400,,"N.K. Lujan, Juan Gabriel Albornoz",
Characiformes,,Stevardiidae,,,,,,,,,,,,,,,,ROM 86512,Creagrutus melanzonus,non-type,whole*,0.00712,Mahler SkyScan,yes,yes,yes,,12.760,47.7,N.K. Lujan,"whole body scanned, available, only head imported"
Characiformes,,Stevardiidae,,,,,,,,,,,,,,,,ROM 109182,Creagrutus sp Chinchipe,HOLOTYPE,whole,0.01246,Mahler SkyScan,yes,yes,yes,,59.300,,N.K. Lujan,scan includes 2 specimens of C. sp. mancha humeral
Characiformes,,Stevardiidae,,,,,,,,,,,,,,,,ROM 93911,Creagrutus sp mancha humeral,PARATYPE,whole,0.01246,Mahler SkyScan,yes,yes,yes,,59.300,,N.K. Lujan,"2 specimens in scan, also with C. sp. Chinchipe"
Characiformes,,Stevardiidae,,,,,,,,,,,,,,,,USNM 303066,Creagrutus ungulus,PARATYPE,whole,0.01352,Mahler SkyScan,NA,NA,NA,,10.740,,,
Characiformes,,Stevardiidae,,,,,,,,,,,,,,,,ROM 94044,Knodus alpha,non-type,whole,0.00854,Mahler SkyScan,,,,,13.050,,,
Characiformes,,Stevardiidae,,,,,,,,,,,,,,,,ROM 94581,Knodus cinarucoense,non-type,whole,0.00854,Mahler SkyScan,,,,,12.530,,,
Characiformes,,Stevardiidae,,,,,,,,,,,,,,,,ROM 94045,Knodus cismontanus,non-type,whole,0.00641,Mahler SkyScan,,,,,11.900,,,
Characiformes,,Stevardiidae,,,,,,,,,,,,,,,,FMNH 56645,Knodus deuderonoides,PARATYPE,whole*,0.00605,Mahler SkyScan,yes,yes,yes,,10.330,31.5,N.K. Lujan,"whole body scanned, available, only head imported"
Characiformes,,Stevardiidae,,,,,,,,,,,,,,,,AUM 50297,Knodus macarenae,PARATYPE,whole,0.00605,Mahler SkyScan,no,no,no,,10.790,,N.K. Lujan,
Characiformes,,Stevardiidae,,,,,,,,,,,,,,,,ROM 92089,Knodus orinocoensis,non-type,whole,0.00641,Mahler SkyScan,,,,,11.900,,,
Characiformes,,Stevardiidae,,,,,,,,,,,,,,,,ROM 94304,Knodus sp pseudogephyrochrax,non-type,whole,0.00747,Mahler SkyScan,yes,yes,yes,,7.653,,N.K. Lujan,
Characiformes,,Stevardiidae,,,,,,,,,,,,,,,,ANSP 209648,Knodus sp Tencua,non-type,whole,0.00747,Mahler SkyScan,yes,yes,yes,,7.653,,N.K. Lujan,
Characiformes,,Stevardiidae,,,,,,,,,,,,,,,,MCZ 31569,Othonocheirodus eigenmanni,PARATYPE,whole,0.01600,MCZ-Andrew Williston,NA,NA,NA,,0.548,,,
Characiformes,,Stevardiidae,,,,,,,,,,,,,,,,MCZ 31569,Othonocheirodus eigenmanni,PARATYPE,head,0.00700,MCZ-Andrew Williston,no,no,no,,0.874,,,
Characiformes,,Stevardiidae,,,,,,,,,,,,,,,,MUSM 34654,Scopaeocharax atopodus,non-type,whole,0.00534,Mahler SkyScan,no,no,no,,,,N.K. Lujan,
Characiformes,,Stevardiidae,,,,,,,,,,,,,,,,ANSP 78710,Scopaeocharax rhinodus,PARATYPE,head,0.00357,AMNH-MIF,yes,yes,yes,,10.200,,N.K. Lujan,
Characiformes,,Stevardiidae,,,,,,,,,,,,,,,,ANSP 78710,Scopaeocharax rhinodus,PARATYPE,tail,0.00357,AMNH-MIF,,,,,6.860,,N.K. Lujan,
Characiformes,,Stevardiidae,,,,,,,,,,,,,,,,ANSP 78710,Scopaeocharax rhinodus,PARATYPE,whole*,0.00605,Mahler SkyScan,,,,,8.660,19.3,N.K. Lujan,"whole body scanned, available, only head imported"
Characiformes,,Stevardiidae,,,,,,,,,,,,,,,,ROM 107823,Scopaeocharax sp Caqueta,non-type,head,0.004,AMNH-MIF,yes,yes,yes,,8.730,,N.K. Lujan,
Characiformes,,Stevardiidae,,,,,,,,,,,,,,,,ROM 107823,Scopaeocharax sp Caqueta,non-type,tail,0.004,AMNH-MIF,,,,,5.640,,N.K. Lujan,
Characiformes,,Stevardiidae,,,,,,,,,,,,,,,,ROM 100310,Scopaeocharax sp Due,non-type,tail,0.00544,AMNH-MIF,no,no,no,,5.810,,N.K. Lujan,
Characiformes,,Stevardiidae,,,,,,,,,,,,,,,,ROM 100310,Scopaeocharax sp Due,non-type,head,0.00544,AMNH-MIF,yes,yes,yes,,7.210,,N.K. Lujan,
Cypriniformes,,Gastromyzontidae,,,,,,,,,,,,,,,,ROM 90089,Gastromyzon borneensis,non-type,head,0.01254,AMNH-MIF,yes,yes,yes,,7.220,,N.K. Lujan,
Gobiiformes,,Eleotridae,Eleotrinae,,,,,,,,,,,,,,,ROM PER22-10: T31483,Microphilypnus sp Ampyiacu,non-type,whole,0.00534,Mahler SkyScan,NA,NA,NA,,2.000,,N.K. Lujan,
Gonorhynchiformes,,Chanidae,,,,,,,,,,,,,,,,AMNH 48715,Chanos chanos,non-type,head,0.04792,AMNH-MIF,NA,NA,NA,,1.660,,"N.K. Lujan, L. P. Fernandez, A. Evans",
Gonorhynchiformes,,Chanidae,,,,,,,,,,,,,,,,AMNH 88330,Chanos chanos,non-type,head,0.01200,AMNH-MIF,NA,NA,NA,,3.630,,"N.K. Lujan, L. P. Fernandez, A. Evans",
Gonorhynchiformes,,Gonorhynchidae,,,,,,,,,,,,,,,,AMNH 215235,Gonorhynchus ,non-type,head,0.03805,AMNH-MIF,NA,NA,NA,,1.370,,"N.K. Lujan, L. P. Fernandez, A. Evans",
Gonorhynchiformes,,Gonorhynchidae,,,,,,,,,,,,,,,,AMNH 32975,Gonorhynchus greyi,non-type,head,0.01850,AMNH-MIF,NA,NA,NA,,2.840,,"N.K. Lujan, L. P. Fernandez, A. Evans",
Gonorhynchiformes,,Gonorhynchidae,,,,,,,,,,,,,,,,AMNH 216233,Gonorhynchus moseleyi,non-type,head,0.01046,AMNH-MIF,NA,NA,NA,,2.250,,"N.K. Lujan, L. P. Fernandez, A. Evans",
Gonorhynchiformes,,Kneriidae,,,,,,,,,,,,,,,,AMNH 233381,Grasseichthys gabonensis,non-type,head,0.00420,AMNH-MIF,NA,NA,NA,,1.320,,"N.K. Lujan, L. P. Fernandez, A. Evans",
Gonorhynchiformes,,Kneriidae,,,,,,,,,,,,,,,,AMNH 41592,Kneria auriculata,non-type,head,0.00781,AMNH-MIF,NA,NA,NA,,4.420,,"N.K. Lujan, L. P. Fernandez, A. Evans",
Gonorhynchiformes,,Kneriidae,,,,,,,,,,,,,,,,AMNH 71871,Kneria katangae,non-type,head,0.00546,AMNH-MIF,NA,NA,NA,,5.090,,"N.K. Lujan, L. P. Fernandez, A. Evans",
Gonorhynchiformes,,Kneriidae,,,,,,,,,,,,,,,,ROM 28043,Kneria paucisquamata,HOLOTYPE & ALLOTYPE,whole,0.00641,Mahler SkyScan,NA,NA,NA,,77.200,,N.K. Lujan,2 specimens in scan
Gonorhynchiformes,,Kneriidae,,,,,,,,,,,,,,,,AMNH 37982,Kneria sp Upper Zaire,non-type,head,0.00577,AMNH-MIF,NA,NA,NA,,6.120,,"N.K. Lujan, L. P. Fernandez, A. Evans",
Gonorhynchiformes,,Kneriidae,,,,,,,,,,,,,,,,AMNH 258892,Parakneria abbreviata,non-type,head,0.00542,AMNH-MIF,NA,NA,NA,,4.230,,"N.K. Lujan, L. P. Fernandez, A. Evans",
Gonorhynchiformes,,Kneriidae,,,,,,,,,,,,,,,,AMNH 252707,Parakneria vilhenae,non-type,head,0.01016,AMNH-MIF,NA,NA,NA,,4.480,,"N.K. Lujan, L. P. Fernandez, A. Evans",
Gonorhynchiformes,,Phractolaemidae,,,,,,,,,,,,,,,,AMNH 217860,Phractolaemus ansorgii,non-type,head,0.00973,AMNH-MIF,NA,NA,NA,,11.300,,N.K. Lujan,
Gonorhynchiformes,,Phractolaemidae,,,,,,,,,,,,,,,,AMNH 217860,Phractolaemus ansorgii,non-type,head,0.00992,AMNH-MIF,NA,NA,NA,,9.720,,"N.K. Lujan, L. P. Fernandez, A. Evans",iodine stained
Gonorhynchiformes,,Phractolaemidae,,,,,,,,,,,,,,,,AMNH 240179,Phractolaemus ansorgii,non-type,head,0.01434,AMNH-MIF,NA,NA,NA,,2.260,,"N.K. Lujan, L. P. Fernandez, A. Evans",
Gonorhynchiformes,,Phractolaemidae,,,,,,,,,,,,,,,,AMNH 246013,Phractolaemus ansorgii,non-type,head,0.02560,AMNH-MIF,NA,NA,NA,,1.920,,"N.K. Lujan, L. P. Fernandez, A. Evans",
Gonorhynchiformes,,Phractolaemidae,,,,,,,,,,,,,,,,AMNH 257165,Phractolaemus ansorgii,non-type,head,0.01025,AMNH-MIF,NA,NA,NA,,1.670,,"N.K. Lujan, L. P. Fernandez, A. Evans",
Gonorhynchiformes,,Phractolaemidae,,,,,,,,,,,,,,,,AMNH 274665,Phractolaemus ansorgii,non-type,head,0.02004,AMNH-MIF,NA,NA,NA,,2.490,,"N.K. Lujan, L. P. Fernandez, A. Evans",
Gonorhynchiformes,,Phractolaemidae,,,,,,,,,,,,,,,,AMNH 33471,Phractolaemus ansorgii,non-type,head,0.02481,AMNH-MIF,NA,NA,NA,,2.200,,"N.K. Lujan, L. P. Fernandez, A. Evans",
Gonorhynchiformes,,Phractolaemidae,,,,,,,,,,,,,,,,AMNH 71872,Phractolaemus ansorgii,non-type,head,0.04955,AMNH-MIF,NA,NA,NA,,1.290,,"N.K. Lujan, L. P. Fernandez, A. Evans",
Gymnotiformes,,Sternopygidae,,,,,,,,,,,,,,,,AUM 54393,Archolaemus cf ferreirai,non-type,whole,0.01352,Mahler SkyScan,NA,NA,NA,,10.860,,N.K. Lujan,
Gymnotiformes,,Sternopygidae,,,,,,,,,,,,,,,,AUM 54393,Archolaemus cf ferreirai,non-type,head,0.00747,Mahler SkyScan,NA,NA,NA,,3.870,,N.K. Lujan,
Gymnotiformes,,Sternopygidae,,,,,,,,,,,,,,,,ROM ECU21-10,Eigenmannia sp Aguarico,type TBD,head,0.00961,Mahler SkyScan,NA,NA,NA,,3.277,,"N.K. Lujan, Aleidy Galindo",
Gymnotiformes,,Sternopygidae,,,,,,,,,,,,,,,,ROM ECU21-02,Eigenmannia sp Pastaza,type TBD,head,0.00605,Mahler SkyScan,NA,NA,NA,,3.122,,"N.K. Lujan, Aleidy Galindo",
Gymnotiformes,,Sternopygidae,,,,,,,,,,,,,,,,ROM 111084,Sternopygus sp Baudo,type TBD,head,0.01459,Mahler SkyScan,NA,NA,NA,,3.804,,"N.K. Lujan, Aleidy Galindo",
Gymnotiformes,,Sternopygidae,,,,,,,,,,,,,,,,ROM 106345,Sternopygus sp Calima,type TBD,head,0.01459,Mahler SkyScan,NA,NA,NA,,3.804,,"N.K. Lujan, Aleidy Galindo",
Gymnotiformes,,Sternopygidae,,,,,,,,,,,,,,,,ROM 79089,Sternopygus sp Mazaruni,type TBD,head,0.01637,Mahler SkyScan,NA,NA,NA,,3.141,,"N.K. Lujan, Aleidy Galindo",
Gymnotiformes,,Sternopygidae,,,,,,,,,,,,,,,,ROM 102442,Sternopygus sp Saramacca,type TBD,head,0.01637,Mahler SkyScan,NA,NA,NA,,3.141,,"N.K. Lujan, Aleidy Galindo",
Osteoglossiformes,,Notopteridae,,,,,,,,,,,,,,,,BMNH 1852.2.22.18,Xenomystus nigri,HOLOTYPE,whole,0.02313,Mahler SkyScan,,,,,5.070,,N.K. Lujan,
Perciformes,,Liparidae,,,,,,,,,,,,,,,,ROM 116822,Paraliparis nelsoni,non-type,whole,0.01210,Mahler SkyScan,NA,NA,NA,,9.240,,N.K. Lujan,
Perciformes,,Liparidae,,,,,,,,,,,,,,,,ROM 112394,Psednos gulliensis,non-type,whole,0.00641,Mahler SkyScan,NA,NA,NA,,13.300,,N.K. Lujan,
Scorpaeniformes,,Cottidae,,,,,,,,,,,,,,,,OSU S6505,Myoxocephalus thompsoni,non-type,whole,0.04970,Morphosource,no,,,,1.810,,Morphosource,
Siluriformes,Loricarioidei,Astroblepidae,,,,A-,Ast-,Astroblepus,boulengeri,#N/A,#N/A,BMNH_1890_6_13_12_13,Invertivore-Scraper,,Ecuador,,,BMNH 1890.6.13.12-13,Astroblepus boulengeri,SYNTYPE,anterior half,0.00925,AMNH-MIF,yes,yes,yes,,53.300,,"N.K. Lujan, S.A. Schaefer",
Siluriformes,Loricarioidei,Astroblepidae,,,,A-,Ast-,Astroblepus,brachycephalus,#N/A,#N/A,BMNH_1858_7_25_37_40,Invertivore-Scraper,,Ecuador,,,BMNH 1858.7.25.37-40,Astroblepus brachycephalus,SYNTYPE,whole,0.02036,AMNH-MIF,yes,yes,yes,,100.000,,"N.K. Lujan, S.A. Schaefer",
Siluriformes,Loricarioidei,Astroblepidae,,,,A-,Ast-,Astroblepus,chotae,#N/A,#N/A,BMNH_1898_11_4_22,Invertivore-Scraper,,Ecuador,,,BMNH 1898.11.4.22,Astroblepus chotae,HOLOTYPE,anterior half,0.02465,AMNH-MIF,yes,yes,yes,,5.870,,"N.K. Lujan, S.A. Schaefer",
Siluriformes,Loricarioidei,Astroblepidae,,,,A-,Ast-,Astroblepus,chotae,#N/A,#N/A,FMNH_58395,Invertivore-Scraper,,Ecuador,,,FMNH 58395,Astroblepus chotae,non-type,head,0.05442,AMNH-MIF,NA,yes,yes,,0.440,,N.K. Lujan,
Siluriformes,Loricarioidei,Astroblepidae,,,,A-,Ast-,Astroblepus,cirratus,#N/A,#N/A,BMNH_1912_3_2_7,Invertivore-Scraper,,Colombia,,,BMNH 1912.3.2.7,Astroblepus cirratus,HOLOTYPE,whole,0.00656,AMNH-MIF,yes,yes,yes,,10.300,,"N.K. Lujan, S.A. Schaefer",
Siluriformes,Loricarioidei,Astroblepidae,,,,A-,Ast-,Astroblepus,eigenmanni,#N/A,#N/A,BMNH_1892_5_14_1_8,Invertivore-Scraper,,Ecuador,,,BMNH 1892.5.14.1-8,Astroblepus eigenmanni,SYNTYPE,whole,0.01243,AMNH-MIF,yes,yes,yes,,54.300,,"N.K. Lujan, S.A. Schaefer",
Siluriformes,Loricarioidei,Astroblepidae,,,,A-,Ast-,Astroblepus,festae,#N/A,#N/A,BMNH_1898_11_4_23_29,Invertivore-Scraper,,Ecuador,,,BMNH 1898.11.4.23-29,Astroblepus festae,SYNTYPE,head,0.01971,AMNH-MIF,NA,NA,NA,,1.580,,"N.K. Lujan, S.A. Schaefer",
Siluriformes,Loricarioidei,Astroblepidae,,,,A-,Ast-,Astroblepus,festae,#N/A,#N/A,BMNH_1898_11_4_23_29,Invertivore-Scraper,,Ecuador,,,BMNH 1898.11.4.23-29,Astroblepus festae,SYNTYPE,whole,0.01971,AMNH-MIF,NA,NA,NA,,12.200,,"N.K. Lujan, S.A. Schaefer",
Siluriformes,Loricarioidei,Astroblepidae,,,,A-,Ast-,Astroblepus,festae,#N/A,#N/A,BMNH_1898_11_4_23_29,Invertivore-Scraper,,Ecuador,,,BMNH 1898.11.4.23-29,Astroblepus festae,SYNTYPE,anterior half,0.01133,AMNH-MIF,yes,yes,yes,,54.400,,"N.K. Lujan, S.A. Schaefer",
Siluriformes,Loricarioidei,Astroblepidae,,,,A-,Ast-,Astroblepus,fissidens,#N/A,#N/A,BMNH_1887_1_7_2,Invertivore-Scraper,,Ecuador,,,BMNH 1887.1.7.2,Astroblepus fissidens,SYNTYPE,anterior half,0.00925,AMNH-MIF,yes,yes,yes,,55.000,,"N.K. Lujan, S.A. Schaefer",
Siluriformes,Loricarioidei,Astroblepidae,,,,A-,Ast-,Astroblepus,heterodon,#N/A,#N/A,BMNH_1908_5_29_80,Invertivore-Scraper,,Colombia,,,BMNH 1908.5.29.80,Astroblepus heterodon,HOLOTYPE,anterior half,0.01958,AMNH-MIF,NA,NA,NA,,55.000,,"N.K. Lujan, S.A. Schaefer",
Siluriformes,Loricarioidei,Astroblepidae,,,,A-,Ast-,Astroblepus,heterodon,#N/A,#N/A,BMNH_1908_5_29_80,Invertivore-Scraper,,Colombia,,,BMNH 1908.5.29.80,Astroblepus heterodon,HOLOTYPE,whole,0.01813,AMNH-MIF,yes,yes,yes,,80.000,,"N.K. Lujan, S.A. Schaefer",
Siluriformes,Loricarioidei,Astroblepidae,,,,A-,Ast-,Astroblepus,homodon,#N/A,#N/A,BMNH_1902_5_15_27,Invertivore-Scraper,,Colombia,,,BMNH 1902.5.15.27,Astroblepus homodon,HOLOTYPE,head,0.02425,AMNH-MIF,NA,NA,NA,,1.130,,"N.K. Lujan, S.A. Schaefer",
Siluriformes,Loricarioidei,Astroblepidae,,,,A-,Ast-,Astroblepus,homodon,#N/A,#N/A,BMNH_1902_5_15_27,Invertivore-Scraper,,Colombia,,,BMNH 1902.5.15.27,Astroblepus homodon,HOLOTYPE,anterior half,0.02320,AMNH-MIF,yes,yes,yes,,5.980,,"N.K. Lujan, S.A. Schaefer",
Siluriformes,Loricarioidei,Astroblepidae,,,,A-,Ast-,Astroblepus,labialis,#N/A,#N/A,ROM_109241,Invertivore-Scraper,,Peru,,,ROM 109241,Astroblepus labialis,non-type,whole,0.00676,Mahler SkyScan,yes,yes,yes,,3.600,,N.K. Lujan,
Siluriformes,Loricarioidei,Astroblepidae,,,,A-,Ast-,Astroblepus,marmoratus,#N/A,#N/A,BMNH_1899_8_21_10_11,Invertivore-Scraper,,Colombia,,,BMNH 1899.8.21.10-11,Astroblepus marmoratus,SYNTYPE,whole,0.01381,AMNH-MIF,NA,NA,NA,,86.700,,"N.K. Lujan, S.A. Schaefer",
Siluriformes,Loricarioidei,Astroblepidae,,,,A-,Ast-,Astroblepus,marmoratus,#N/A,#N/A,BMNH_1899_8_21_10_11,Invertivore-Scraper,,Colombia,,,BMNH 1899.8.21.10-11,Astroblepus marmoratus,SYNTYPE,anterior half,0.01244,AMNH-MIF,yes,yes,yes,,53.300,,"N.K. Lujan, S.A. Schaefer",
Siluriformes,Loricarioidei,Astroblepidae,,,,A-,Ast-,Astroblepus,mindoense,#N/A,#N/A,BMNH_1916_8_1_1,Invertivore-Scraper,,Ecuador,,,BMNH 1916.8.1.1,Astroblepus mindoense,HOLOTYPE,whole,0.01427,AMNH-MIF,yes,yes,yes,,13.600,,"N.K. Lujan, S.A. Schaefer",
Siluriformes,Loricarioidei,Astroblepidae,,,,A-,Ast-,Astroblepus,orientalis,#N/A,#N/A,BMNH_1903_6_30_81_89,Invertivore-Scraper,,Venezuela,,,BMNH 1903.6.30.81-89,Astroblepus orientalis,SYNTYPE,anterior half,0.01347,AMNH-MIF,NA,NA,NA,,55.300,,"N.K. Lujan, S.A. Schaefer",scan1
Siluriformes,Loricarioidei,Astroblepidae,,,,A-,Ast-,Astroblepus,orientalis,#N/A,#N/A,BMNH_1903_6_30_81_89,Invertivore-Scraper,,Venezuela,,,BMNH 1903.6.30.81-89,Astroblepus orientalis,SYNTYPE,anterior half 2,0.01339,AMNH-MIF,yes,yes,yes,,54.300,,"N.K. Lujan, S.A. Schaefer",scan2
Siluriformes,Loricarioidei,Astroblepidae,,,,A-,Ast-,Astroblepus,retropinna,#N/A,#N/A,BMNH_1908_5_29_81_82,Invertivore-Scraper,,Colombia,,,BMNH 1908.5.29.81-82,Astroblepus retropinna,SYNTYPE,anterior half,0.01672,AMNH-MIF,yes,yes,yes,,6.160,,"N.K. Lujan, S.A. Schaefer",
Siluriformes,Loricarioidei,Astroblepidae,,,,A-,Ast-,Astroblepus,sp,#N/A,#N/A,MEPN_Santiago,Invertivore-Scraper,,Ecuador,,,MEPN Santiago,Astroblepus sp,non-type,head,0.09165,AMNH-MIF,NA,yes,yes,,0.556,,N.K. Lujan,
Siluriformes,Loricarioidei,Astroblepidae,,,,A-,Ast-,Astroblepus,sp_no_adipose,#N/A,#N/A,ROM_93977,Invertivore-Scraper,,Ecuador,,,ROM 93977,Astroblepus sp. 'no adipose',non-type,whole,0.01388,Mahler SkyScan,yes,yes,yes,,1.860,,N.K. Lujan,
Siluriformes,Loricarioidei,Astroblepidae,,,,A-,Ast-,Astroblepus,taczanowskii,#N/A,#N/A,BMNH_1875_10_14_19,Invertivore-Scraper,,Peru,,,BMNH 1875.10.14-19,Astroblepus taczanowskii,SYNTYPE,anterior half,0.01243,AMNH-MIF,yes,yes,yes,,54.000,,"N.K. Lujan, S.A. Schaefer",
Siluriformes,Loricarioidei,Astroblepidae,,,,A-,Ast-,Astroblepus,vaillanti,#N/A,#N/A,BMNH_1897_2_16_2_4,Invertivore-Scraper,,Ecuador,,,BMNH 1897.2.16.2-4,Astroblepus vaillanti,SYNTYPE,whole,0.02023,AMNH-MIF,NA,NA,NA,,14.800,,"N.K. Lujan, S.A. Schaefer",
Siluriformes,Loricarioidei,Astroblepidae,,,,A-,Ast-,Astroblepus,vaillanti,#N/A,#N/A,BMNH_1897_2_16_2_4,Invertivore-Scraper,,Ecuador,,,BMNH 1897.2.16.2-4,Astroblepus vaillanti,SYNTYPE,head,0.02023,AMNH-MIF,yes,yes,yes,,1.320,,"N.K. Lujan, S.A. Schaefer",
Siluriformes,Loricarioidei,Astroblepidae,,,,A-,Ast-,Astroblepus,whymperi,#N/A,#N/A,BMNH_1887_1_7_1,Invertivore-Scraper,,Ecuador,,,BMNH 1887.1.7.1,Astroblepus whymperi,HOLOTYPE,whole,0.02346,AMNH-MIF,NA,NA,NA,,13.300,,"N.K. Lujan, S.A. Schaefer",
Siluriformes,Loricarioidei,Astroblepidae,,,,A-,Ast-,Astroblepus,whymperi,#N/A,#N/A,BMNH_1887_1_7_1,Invertivore-Scraper,,Ecuador,,,BMNH 1887.1.7.1,Astroblepus whymperi,HOLOTYPE,head,0.02182,AMNH-MIF,yes,yes,yes,,1.550,,"N.K. Lujan, S.A. Schaefer",
Siluriformes,Loricarioidei,Callichthyidae,Callichthyinae,,,C-,Cal-,Callichthys,callichthys,#N/A,#N/A,AMNH_15183,Invertivore-Winnower,,,,,AMNH 15183,Callichthys callichthys,non-type,head,0.06570,AMNH-MIF,yes,yes,yes,,0.904,,N.K. Lujan,
Siluriformes,Loricarioidei,Callichthyidae,Callichthyinae,,,C-,Cal-,Dianema,urostriatum,#N/A,#N/A,AMNH_12702,Invertivore-Winnower,,,,,AMNH 12702,Dianema urostriatum,non-type,head,0.06570,AMNH-MIF,yes,yes,yes,,0.909,,N.K. Lujan,
Siluriformes,Loricarioidei,Callichthyidae,Callichthyinae,,,C-,Cal-,Hoplosternum,littorale,#N/A,#N/A,AMNH_77834,Invertivore-Winnower,,,,,AMNH 77834,Hoplosternum littorale,non-type,head,0.06364,AMNH-MIF,yes,yes,yes,,1.140,,N.K. Lujan,
Siluriformes,Loricarioidei,Callichthyidae,Callichthyinae,,,C-,Cal-,Lepthoplosternum,pectorale,#N/A,#N/A,AMNH_99959,Invertivore-Winnower,,,,,AMNH 99959,Lepthoplosternum pectorale,non-type,head,0.02620,AMNH-MIF,yes,yes,yes,,1.280,,N.K. Lujan,
Siluriformes,Loricarioidei,Callichthyidae,Callichthyinae,,,C-,Cal-,Megalechis,thoracata,#N/A,#N/A,AMNH_72115,Invertivore-Winnower,,,,,AMNH 72115,Megalechis thoracata,non-type,head,0.07674,AMNH-MIF,yes,yes,yes,,0.832,,N.K. Lujan,
Siluriformes,Loricarioidei,Callichthyidae,Corydoradinae,,,C-,Cor-,Aspidoras,sp,#N/A,#N/A,AMNH_58375,Invertivore-Winnower,,,,,AMNH 58375,Aspidoras sp,non-type,head,0.02909,AMNH-MIF,yes,yes,yes,,0.974,,N.K. Lujan,
Siluriformes,Loricarioidei,Callichthyidae,Corydoradinae,,,C-,Cor-,Aspidoras,taurus,#N/A,#N/A,AMNH_229525,Invertivore-Winnower,,,,,AMNH 229525,Aspidoras taurus,PARATYPE,head,0.01737,AMNH-MIF,yes,yes,yes,,1.120,,N.K. Lujan,
Siluriformes,Loricarioidei,Callichthyidae,Corydoradinae,,,C-,Cor-,Brochis,splendens,#N/A,#N/A,ROM_T31859,Invertivore-Winnower,,,,,ROM T31859,Brochis splendens,non-type,head,0.02455,Mahler SkyScan,yes,yes,yes,,3.110,,N.K. Lujan,
Siluriformes,Loricarioidei,Callichthyidae,Corydoradinae,,,C-,Cor-,Corydoras,pastazensis,#N/A,#N/A,ROM_T32676,Invertivore-Winnower,,,,,ROM T32676,Corydoras pastazensis,non-type,head,0.01352,Mahler SkyScan,yes,yes,yes,,3.120,,N.K. Lujan,
Siluriformes,Loricarioidei,Callichthyidae,Corydoradinae,,,C-,Cor-,Corydoras,sp,#N/A,#N/A,AMNH_91137,Invertivore-Winnower,,,,,AMNH 91137,Corydoras sp,non-type,head,0.02909,AMNH-MIF,yes,yes,yes,,0.974,,N.K. Lujan,
Siluriformes,Loricarioidei,Callichthyidae,Corydoradinae,,,C-,Cor-,Corydoras,sp,#N/A,#N/A,TCWC_13988,Invertivore-Winnower,,,,,TCWC 13988,Corydoras sp,non-type,head,0.02232,Morphosource,no,yes,yes,,0.126,,Morphosource,
Siluriformes,Loricarioidei,Callichthyidae,Corydoradinae,,,C-,Cor-,Corydoras,sp_Kuyuwini,#N/A,#N/A,AUM_38120,Invertivore-Winnower,,Guyana,,,AUM 38120,Corydoras sp Kuyuwini,non-type,head,0.00921,AMNH-MIF,no,yes,yes,,8.670,,"N.K. Lujan, J.W. Armbruster",
Siluriformes,Loricarioidei,Callichthyidae,Corydoradinae,,,C-,Cor-,Corydoras,sp_Kuyuwini,#N/A,#N/A,AUM_72369,Invertivore-Winnower,,Guyana,,,AUM 72369,Corydoras sp Kuyuwini,non-type,head,0.00779,AMNH-MIF,yes,yes,yes,,9.110,,"N.K. Lujan, J.W. Armbruster",
Siluriformes,Loricarioidei,Callichthyidae,Corydoradinae,,,C-,Cor-,Gastrodermus,hastatus,#N/A,#N/A,ANSP_170354,Invertivore-Winnower,,,,,ANSP 170354,Gastrodermus hastatus,non-type,head,0.01371,Morphosource,yes,yes,yes,,0.596,,Morphosource,
Siluriformes,Loricarioidei,Callichthyidae,Corydoradinae,,,C-,Cor-,Hoplisoma,bondi,#N/A,#N/A,AUM_36613,Invertivore-Winnower,,,,,AUM 36613,Hoplisoma bondi,non-type,head,0.00872,AMNH-MIF,yes,yes,yes,,10.900,,"N.K. Lujan, J.W. Armbruster",
Siluriformes,Loricarioidei,Callichthyidae,Corydoradinae,,,C-,Cor-,Hoplisoma,ehrhardti,#N/A,#N/A,AMNH_222470,Invertivore-Winnower,,,,,AMNH 222470,Hoplisoma ehrhardti,non-type,head,0.02685,AMNH-MIF,no,yes,yes,,1.110,,N.K. Lujan,
Siluriformes,Loricarioidei,Callichthyidae,Corydoradinae,,,C-,Cor-,Corydoras,griseus,#N/A,#N/A,ROM_91279,Invertivore-Winnower,,,,,ROM 91279,Hoplisoma griseum,non-type,whole,0.01459,Mahler SkyScan,yes,yes,yes,,2.750,,N.K. Lujan,
Siluriformes,Loricarioidei,Callichthyidae,Corydoradinae,,,C-,Cor-,Hoplisoma,potaroensis,#N/A,#N/A,ROM_61345,Invertivore-Winnower,,,,,ROM 61345,Hoplisoma potaroensis,non-type,whole,0.02455,Mahler SkyScan,yes,yes,yes,,3.110,,N.K. Lujan,
Siluriformes,Loricarioidei,Callichthyidae,Corydoradinae,,,C-,Cor-,Osteogaster,aeneus,#N/A,#N/A,ROM_88797,Invertivore-Winnower,,,,,ROM 88797,Osteogaster aeneus,non-type,head,0.01352,Mahler SkyScan,yes,yes,yes,,4.130,,N.K. Lujan,
Siluriformes,Loricarioidei,Callichthyidae,Corydoradinae,,,C-,Cor-,Scleromystax,barbatus,#N/A,#N/A,AMNH_55334,Invertivore-Winnower,,,,,AMNH 55334,Scleromystax barbatus,non-type,head,0.02473,AMNH-MIF,yes,yes,yes,,1.090,,N.K. Lujan,
Siluriformes,Loricarioidei,Loricariidae,Delturinae,,,L-,Del-,Delturus,brevis,#N/A,#N/A,ANSP_206718,Algivore,,Brazil,,,ANSP 206718,Delturus brevis,non-type,head,0.06148,AMNH-MIF,yes,yes,yes,,0.693,,N.K. Lujan,
Siluriformes,Loricarioidei,Loricariidae,Delturinae,,,L-,Del-,Delturus,carinotus,#N/A,#N/A,MCP_28037,Algivore,,Brazil,,,MCP 28037,Delturus carinotus,non-type,head,0.05819,AMNH-MIF,yes,yes,yes,,1.300,,N.K. Lujan,
Siluriformes,Loricarioidei,Loricariidae,Delturinae,,,L-,Del-,Hemipsilichthys,gobio,#N/A,#N/A,MCP_19780,Algivore,,Brazil,,,MCP 19780,Hemipsilichthys gobio,non-type,head,0.01708,Mahler SkyScan,yes,yes,yes,,3.260,,N.K. Lujan,
Siluriformes,Loricarioidei,Loricariidae,Delturinae,,,L-,Del-,Hemipsilichthys,nimius,#N/A,#N/A,MCP_38780,Algivore,,Brazil,,,MCP 38780,Hemipsilichthys nimius,non-type,head,0.01815,Mahler SkyScan,yes,yes,yes,,3.100,,N.K. Lujan,
Siluriformes,Loricarioidei,Loricariidae,Delturinae,,,L-,Del-,Hemipsilichthys,papillatus,#N/A,#N/A,MCP_39539,Algivore,,Brazil,,,MCP 39539,Hemipsilichthys papillatus,non-type,head,0.01957,Mahler SkyScan,yes,yes,yes,,3.040,,N.K. Lujan,
Siluriformes,Loricarioidei,Loricariidae,Hypoptopomatinae,Hypoptopomatini,Hypoptopomatini,L-,Hpp-,Acestridium,discus,#N/A,#N/A,MCZ_88581,Algivore,,,,,MCZ 88581,Acestridium discus,non-type,whole,0.02306,Morphosource,no,no,no,,0.564,,N.K. Lujan,
Siluriformes,Loricarioidei,Loricariidae,Hypoptopomatinae,Hypoptopomatini,Hypoptopomatini,L-,Hpp-,Acestridium,triplax,#N/A,#N/A,AMNH_240826,Algivore,,,,,AMNH 240826,Acestridium triplax,PARATYPE,head,0.02147,AMNH-MIF,no,yes,yes,,0.771,,N.K. Lujan,
Siluriformes,Loricarioidei,Loricariidae,Hypoptopomatinae,Hypoptopomatini,Hypoptopomatini,L-,Hpp-,Acestridium,triplax,#N/A,#N/A,AMNH_240827,Algivore,,,,,AMNH 240827,Acestridium triplax,PARATYPE,head,0.01622,AMNH-MIF,yes,yes,yes,,0.848,,N.K. Lujan,
Siluriformes,Loricarioidei,Loricariidae,Hypoptopomatinae,Hypoptopomatini,Hypoptopomatini,L-,Hpp-,Hypoptopoma,sp,#N/A,#N/A,FMNH_92883,Algivore,,,,,FMNH 92883,Hypoptopoma sp,non-type,head,0.01508,AMNH-MIF,yes,yes,yes,,6.860,,N.K. Lujan,
Siluriformes,Loricarioidei,Loricariidae,Hypoptopomatinae,Hypoptopomatini,Hypoptopomatini,L-,Hpp-,Hypoptopoma,thoracatum,#N/A,#N/A,ANSP_198923,Algivore,,,,,ANSP 198923,Hypoptopoma thoracatum,non-type,head,0.02443,Morphosource,no,no,no,,2.680,,N.K. Lujan,
Siluriformes,Loricarioidei,Loricariidae,Hypoptopomatinae,Hypoptopomatini,Hypoptopomatini,L-,Hpp-,Leptotocinclus,ctenistus,#N/A,#N/A,MCP_51458,Algivore,,,,,MCP 51458,Leptotocinclus ctenistus,non-type,head,0.01812,AMNH-MIF,no,yes,yes,,0.398,,N.K. Lujan,
Siluriformes,Loricarioidei,Loricariidae,Hypoptopomatinae,Hypoptopomatini,Hypoptopomatini,L-,Hpp-,Leptotocinclus,madeirae,#N/A,#N/A,MCP_35888,Algivore,,,,,MCP 35888,Leptotocinclus madeirae,non-type,head,0.01096,AMNH-MIF,yes,yes,yes,,0.879,,N.K. Lujan,
Siluriformes,Loricarioidei,Loricariidae,Hypoptopomatinae,Hypoptopomatini,Hypoptopomatini,L-,Hpp-,Nannoptopoma,spectabile,#N/A,#N/A,ANSP_133767,Algivore,,,,,ANSP 133767,Nannoptopoma spectabile,non-type,head,0.00971,Morphosource,yes,yes,yes,,2.640,,Morphosource,
Siluriformes,Loricarioidei,Loricariidae,Hypoptopomatinae,Hypoptopomatini,Hypoptopomatini,L-,Hpp-,Nannoxyropsis,acicula,#N/A,#N/A,MCP_51463_1,Algivore,,Brazil,,,MCP 51463_1,Nannoxyropsis acicula,non-type,whole,0.00641,Mahler SkyScan,yes,yes,yes,,13.300,,N.K. Lujan,
Siluriformes,Loricarioidei,Loricariidae,Hypoptopomatinae,Hypoptopomatini,Hypoptopomatini,L-,Hpp-,Nannoxyropsis,acicula,#N/A,#N/A,MCP_51463_2,Algivore,,Brazil,,,MCP 51463_2,Nannoxyropsis acicula,non-type,whole,0.00641,Mahler SkyScan,NA,NA,NA,,13.300,,N.K. Lujan,
Siluriformes,Loricarioidei,Loricariidae,Hypoptopomatinae,Hypoptopomatini,Hypoptopomatini,L-,Hpp-,Niobichthys,ferrarisi,#N/A,#N/A,AMNH_74453,Algivore,,Venezuela,,,AMNH 74453,Niobichthys ferrarisi,PARATYPE,head,0.01971,AMNH-MIF,yes,yes,yes,,1.060,,N.K. Lujan,
Siluriformes,Loricarioidei,Loricariidae,Hypoptopomatinae,Hypoptopomatini,Hypoptopomatini,L-,Hpp-,Otocinclus,macrospilus,#N/A,#N/A,ROM_uncat_1,Algivore,,,,,ROM_uncat_1,Otocinclus macrospilus,non-type,head,0.00854,Mahler SkyScan,yes,yes,yes,,4.040,,N.K. Lujan,
Siluriformes,Loricarioidei,Loricariidae,Hypoptopomatinae,Hypoptopomatini,Hypoptopomatini,L-,Hpp-,Otocinclus,macrospilus,#N/A,#N/A,ROM_uncat_1,Algivore,,,,,ROM_uncat_1,Otocinclus macrospilus,non-type,head,0.00605,Mahler SkyScan,NA,NA,NA,,2.890,,N.K. Lujan,iodine stained
Siluriformes,Loricarioidei,Loricariidae,Hypoptopomatinae,Hypoptopomatini,Hypoptopomatini,L-,Hpp-,Otocinclus,macrospilus,#N/A,#N/A,ROM_uncat_2,Algivore,,,,,ROM_uncat_2,Otocinclus macrospilus,non-type,head,0.00854,Mahler SkyScan,NA,NA,NA,,4.040,,N.K. Lujan,
Siluriformes,Loricarioidei,Loricariidae,Hypoptopomatinae,Hypoptopomatini,Hypoptopomatini,L-,Hpp-,Otocinclus,macrospilus,#N/A,#N/A,ROM_uncat_2,Algivore,,,,,ROM_uncat_2,Otocinclus macrospilus,non-type,head,0.00605,Mahler SkyScan,NA,NA,NA,,2.890,,N.K. Lujan,iodine stained
Siluriformes,Loricarioidei,Loricariidae,Hypoptopomatinae,Hypoptopomatini,Hypoptopomatini,L-,Hpp-,Otocinclus,vittatus,#N/A,#N/A,ANSP_174732,Algivore,,,,,ANSP 174732,Otocinclus vittatus,non-type,head,0.00971,Morphosource,yes,yes,yes,,2.130,,Morphosource,
Siluriformes,Loricarioidei,Loricariidae,Hypoptopomatinae,Hypoptopomatini,Hypoptopomatini,L-,Hpp-,Oxyropsis,acutirostris,#N/A,#N/A,ANSP_164280,Algivore,,,,,ANSP 164280,Oxyropsis acutirostris,non-type,head,0.01189,AMNH-MIF,no,yes,yes,,1.820,,N.K. Lujan,
Siluriformes,Loricarioidei,Loricariidae,Hypoptopomatinae,Hypoptopomatini,Hypoptopomatini,L-,Hpp-,Oxyropsis,ephippia,#N/A,#N/A,ANSP_177381,Algivore,,,,,ANSP 177381,Oxyropsis ephippia,non-type,head,0.01409,Morphosource,yes,yes,yes,,3.530,,Morphosource,
Siluriformes,Loricarioidei,Loricariidae,Hypoptopomatinae,Hypoptopomatini,Hypoptopomatini,L-,Hpp-,Oxyropsis,wrightiana,#N/A,#N/A,ANSP_193942,Algivore,,,,,ANSP 193942,Oxyropsis wrightiana,non-type,whole,0.04805,Morphosource,no,yes,yes,,1.060,,Morphosource,
Siluriformes,Loricarioidei,Loricariidae,Hypoptopomatinae,Incertae sedis,Incertae sedis,L-,Hpp-,Microplecostomus,forestii,#N/A,#N/A,AUM_67015,Algivore,,,,,AUM 67015,Microplecostomus forestii,PARATYPE,head,0.02056,AMNH-MIF,yes,yes,yes,,0.567,,N.K. Lujan,
Siluriformes,Loricarioidei,Loricariidae,Hypoptopomatinae,Incertae sedis,Incertae sedis,L-,Hpp-,Nannoplecostomus,eleonorae,#N/A,#N/A,AMNH_251658,Algivore,,,,,AMNH 251658,Nannoplecostomus eleonorae,PARATYPE,head,0.02147,AMNH-MIF,yes,yes,yes,,0.771,,N.K. Lujan,
Siluriformes,Loricarioidei,Loricariidae,Hypoptopomatinae,Neoplecostomatini,Neoplecostomatini,L-,Hpp-,Euryochus,thysanos,#N/A,#N/A,ANSP_174078,Algivore,,,,,ANSP 174078,Euryochus thysanos,non-type,head,0.03883,AMNH-MIF,yes,yes,yes,,0.736,,N.K. Lujan,
Siluriformes,Loricarioidei,Loricariidae,Hypoptopomatinae,Neoplecostomatini,Neoplecostomatini,L-,Hpp-,Hirtella,carinata,#N/A,#N/A,ANSP_198032,Algivore,,,,,ANSP 198032,Hirtella carinata,non-type,head,0.01671,Morphosource,yes,yes,yes,,3.210,,Morphosource,
Siluriformes,Loricarioidei,Loricariidae,Hypoptopomatinae,Neoplecostomatini,Neoplecostomatini,L-,Hpp-,Isbrueckerichthys,duseni,#N/A,#N/A,MCP_12557,Algivore,,,,,MCP 12557,Isbrueckerichthys duseni,non-type,head,0.05442,AMNH-MIF,yes,yes,yes,,0.762,,N.K. Lujan,
Siluriformes,Loricarioidei,Loricariidae,Hypoptopomatinae,Neoplecostomatini,Neoplecostomatini,L-,Hpp-,Isbrueckerichthys,epakmos,#N/A,#N/A,MCP_42436,Algivore,,,,,MCP 42436,Isbrueckerichthys epakmos,non-type,head,0.06760,AMNH-MIF,no,yes,yes,,0.537,,N.K. Lujan,
Siluriformes,Loricarioidei,Loricariidae,Hypoptopomatinae,Neoplecostomatini,Neoplecostomatini,L-,Hpp-,Kronichthys,heylandi,#N/A,#N/A,USNM_300465,Algivore,,,,,USNM 300465,Kronichthys heylandi,non-type,head,0.03426,AMNH-MIF,yes,yes,yes,,1.450,,N.K. Lujan,low density threshold upper limit
Siluriformes,Loricarioidei,Loricariidae,Hypoptopomatinae,Neoplecostomatini,Neoplecostomatini,L-,Hpp-,Neoplecostomus,microps,#N/A,#N/A,ANSP_174122,Algivore,,,,,ANSP 174122,Neoplecostomus microps,non-type,head,0.02443,Morphosource,yes,yes,yes,,2.140,,Morphosource,
Siluriformes,Loricarioidei,Loricariidae,Hypoptopomatinae,Neoplecostomatini,Neoplecostomatini,L-,Hpp-,Neoplecostomus,microps,#N/A,#N/A,ANSP_174123,Algivore,,,,,ANSP 174123,Neoplecostomus microps,non-type,head,0.04128,AMNH-MIF,no,yes,yes,,3.450,,N.K. Lujan,
Siluriformes,Loricarioidei,Loricariidae,Hypoptopomatinae,Neoplecostomatini,Neoplecostomatini,L-,Hpp-,Pareiorhaphis,cameroni,#N/A,#N/A,ANSP_170166,Algivore,,,,,ANSP 170166,Pareiorhaphis cameroni,non-type,head,0.04003,AMNH-MIF,no,yes,yes,,0.834,,N.K. Lujan,
Siluriformes,Loricarioidei,Loricariidae,Hypoptopomatinae,Neoplecostomatini,Neoplecostomatini,L-,Hpp-,Pareiorhaphis,cameroni,#N/A,#N/A,ANSP_173796,Algivore,,,,,ANSP 173796,Pareiorhaphis cameroni,non-type,head,0.02389,Morphosource,yes,yes,yes,,3.080,,Morphosource,
Siluriformes,Loricarioidei,Loricariidae,Hypoptopomatinae,Neoplecostomatini,Neoplecostomatini,L-,Hpp-,Pareiorhaphis,garapia,#N/A,#N/A,AMNH_263728,Algivore,,,,,AMNH 263728,Pareiorhaphis garapia,PARATYPE,head,0.01971,AMNH-MIF,yes,yes,yes,,1.060,,N.K. Lujan,
Siluriformes,Loricarioidei,Loricariidae,Hypoptopomatinae,Neoplecostomatini,Neoplecostomatini,L-,Hpp-,Pareiorhaphis,scutula,#N/A,#N/A,AMNH_249486,Algivore,,,,,AMNH 249486,Pareiorhaphis scutula,PARATYPE,head,0.02768,AMNH-MIF,yes,yes,yes,,1.150,,N.K. Lujan,
Siluriformes,Loricarioidei,Loricariidae,Hypoptopomatinae,Neoplecostomatini,Neoplecostomatini,L-,Hpp-,Pareiorhina,carrancas,#N/A,#N/A,MCP_29429,Algivore,,,,,MCP 29429,Pareiorhina carrancas,non-type,head,0.02063,AMNH-MIF,no,yes,yes,,0.702,,N.K. Lujan,
Siluriformes,Loricarioidei,Loricariidae,Hypoptopomatinae,Neoplecostomatini,Neoplecostomatini,L-,Hpp-,Pareiorhina,rudolphi,#N/A,#N/A,ANSP_174125,Algivore,,,,,ANSP 174125,Pareiorhina rudolphi,non-type,head,0.02234,Morphosource,yes,yes,yes,,2.410,,Morphosource,
Siluriformes,Loricarioidei,Loricariidae,Hypoptopomatinae,Otothyrini,Otothyrini,L-,Hpp-,Chauliocheilos,saxatilis,#N/A,#N/A,AMNH_261334,Algivore,,,,,AMNH 261334,Chauliocheilos saxatilis,PARATYPE,head,0.01964,AMNH-MIF,yes,yes,yes,,0.990,,N.K. Lujan,
Siluriformes,Loricarioidei,Loricariidae,Hypoptopomatinae,Otothyrini,Otothyrini,L-,Hpp-,Corumbataia,cuestae,#N/A,#N/A,MCP_55008,Algivore,,,,,MCP 55008,Corumbataia cuestae,non-type,whole,0.00676,Mahler SkyScan,yes,yes,yes,,5.700,,N.K. Lujan,
Siluriformes,Loricarioidei,Loricariidae,Hypoptopomatinae,Otothyrini,Otothyrini,L-,Hpp-,Curculionichthys,piracanjuba,#N/A,#N/A,AMNH_255205,Algivore,,,,,AMNH 255205,Curculionichthys piracanjuba,PARATYPE,head,0.01737,AMNH-MIF,yes,yes,yes,,1.120,,N.K. Lujan,
Siluriformes,Loricarioidei,Loricariidae,Hypoptopomatinae,Otothyrini,Otothyrini,L-,Hpp-,Epactionotus,bilineatus,#N/A,#N/A,ANSP_168961,Algivore,,,,,ANSP 168961,Epactionotus bilineatus,non-type,head,0.00630,AMNH-MIF,yes,yes,yes,,6.460,,N.K. Lujan,
Siluriformes,Loricarioidei,Loricariidae,Hypoptopomatinae,Otothyrini,Otothyrini,L-,Hpp-,Eurycheilichthys,apocremnus,#N/A,#N/A,AMNH_238571,Algivore,,,,,AMNH 238571,Eurycheilichthys apocremnus,PARATYPE,head,0.03267,AMNH-MIF,no,yes,yes,,1.170,,N.K. Lujan,
Siluriformes,Loricarioidei,Loricariidae,Hypoptopomatinae,Otothyrini,Otothyrini,L-,Hpp-,Eurycheilichthys,limulus,#N/A,#N/A,ANSP_168965,Algivore,,,,,ANSP 168965,Eurycheilichthys limulus,non-type,head,0.01192,Morphosource,no,no,no,,4.290,,N.K. Lujan,
Siluriformes,Loricarioidei,Loricariidae,Hypoptopomatinae,Otothyrini,Otothyrini,L-,Hpp-,Eurycheilichthys,luisae,#N/A,#N/A,AMNH_238573,Algivore,,,,,AMNH 238573,Eurycheilichthys luisae,PARATYPE,head,0.03052,AMNH-MIF,yes,yes,yes,,2.000,,N.K. Lujan,
Siluriformes,Loricarioidei,Loricariidae,Hypoptopomatinae,Otothyrini,Otothyrini,L-,Hpp-,Gymnotocinclus,anosteos,#N/A,#N/A,ANSP_187156,Algivore,,,,,ANSP 187156,Gymnotocinclus anosteos,non-type,head,0.01671,Morphosource,yes,yes,yes,,3.210,,Morphosource,
Siluriformes,Loricarioidei,Loricariidae,Hypoptopomatinae,Otothyrini,Otothyrini,L-,Hpp-,Hisonotus,maculipinnis,#N/A,#N/A,ANSP_187011,Algivore,,,,,ANSP 187011,Hisonotus maculipinnis,non-type,head,0.00921,Morphosource,yes,yes,yes,,2.530,,Morphosource,
Siluriformes,Loricarioidei,Loricariidae,Hypoptopomatinae,Otothyrini,Otothyrini,L-,Hpp-,Lampiella,gibbosa,#N/A,#N/A,LBP_2652,Algivore,,,,,LBP 2652,Lampiella gibbosa,non-type,head,0.01360,AMNH-MIF,yes,yes,yes,,2.160,,N.K. Lujan,
Siluriformes,Loricarioidei,Loricariidae,Hypoptopomatinae,Otothyrini,Otothyrini,L-,Hpp-,Lampiella,gibbosa,#N/A,#N/A,MCP_43883,Algivore,,,,,MCP 43883,Lampiella gibbosa,non-type,head,0.01812,AMNH-MIF,no,yes,yes,,0.643,,N.K. Lujan,"head damaged, missing right cheek"
Siluriformes,Loricarioidei,Loricariidae,Hypoptopomatinae,Otothyrini,Otothyrini,L-,Hpp-,Microlepidogaster,longicolla,#N/A,#N/A,AMNH_251432,Algivore,,,,,AMNH 251432,Microlepidogaster longicolla,PARATYPE,head,0.01710,AMNH-MIF,no,yes,yes,,1.220,,N.K. Lujan,
Siluriformes,Loricarioidei,Loricariidae,Hypoptopomatinae,Otothyrini,Otothyrini,L-,Hpp-,Microlepidogaster,perforata,#N/A,#N/A,ANSP_174117,Algivore,,,,,ANSP 174117,Microlepidogaster perforata,non-type,head,0.01413,Morphosource,yes,yes,yes,,3.370,,Morphosource,
Siluriformes,Loricarioidei,Loricariidae,Hypoptopomatinae,Otothyrini,Otothyrini,L-,Hpp-,Otothyris,lophophanes,#N/A,#N/A,AMNH_261780,Algivore,,,,,AMNH 261780,Otothyris lophophanes,non-type,head,0.01614,AMNH-MIF,yes,yes,yes,,1.140,,N.K. Lujan,
Siluriformes,Loricarioidei,Loricariidae,Hypoptopomatinae,Otothyrini,Otothyrini,L-,Hpp-,Otothyris,lophophanes,#N/A,#N/A,ANSP_84381,Algivore,,,,,ANSP 84381,Otothyris lophophanes,non-type,head,0.00921,Morphosource,no,yes,yes,,2.390,,Morphosource,
Siluriformes,Loricarioidei,Loricariidae,Hypoptopomatinae,Otothyrini,Otothyrini,L-,Hpp-,Otothyropsis,polyodon,#N/A,#N/A,AMNH_257002,Algivore,,,,,AMNH 257002,Otothyropsis polyodon,PARATYPE,head,0.01622,AMNH-MIF,yes,yes,yes,,0.848,,N.K. Lujan,
Siluriformes,Loricarioidei,Loricariidae,Hypoptopomatinae,Otothyrini,Otothyrini,L-,Hpp-,Parotocinclus,jequi,#N/A,#N/A,AMNH_258314,Algivore,,,,,AMNH 258314,Parotocinclus jequi,PARATYPE,head,0.02768,AMNH-MIF,no,yes,yes,,1.150,,"N.K. Lujan, Roberto Reis",
Siluriformes,Loricarioidei,Loricariidae,Hypoptopomatinae,Otothyrini,Otothyrini,L-,Hpp-,Parotocinclus,maculicauda,#N/A,#N/A,ANSP_168971,Algivore,,,,,ANSP 168971,Parotocinclus maculicauda,non-type,head,0.01409,Morphosource,yes,yes,yes,,4.340,,Morphosource,
Siluriformes,Loricarioidei,Loricariidae,Hypoptopomatinae,Otothyrini,Otothyrini,L-,Hpp-,Plesioptopoma,curvidens,#N/A,#N/A,MCP_36861,Algivore,,,,,MCP 36861,Plesioptopoma curvidens,non-type,head,0.05386,AMNH-MIF,yes,yes,yes,,0.361,,N.K. Lujan,
Siluriformes,Loricarioidei,Loricariidae,Hypoptopomatinae,Otothyrini,Otothyrini,L-,Hpp-,Pseudotocinclus,tietensis,#N/A,#N/A,ANSP_165090,Algivore,,,,,ANSP 165090,Pseudotocinclus tietensis,non-type,head,0.01819,AMNH-MIF,yes,yes,yes,,1.400,,N.K. Lujan,
Siluriformes,Loricarioidei,Loricariidae,Hypoptopomatinae,Otothyrini,Otothyrini,L-,Hpp-,Pseudotothyris,ignota,#N/A,#N/A,AMNH_260737,Algivore,,,,,AMNH 260737,Pseudotothyris ignota,non-type,head,0.01946,AMNH-MIF,yes,yes,yes,,0.669,,N.K. Lujan,
Siluriformes,Loricarioidei,Loricariidae,Hypoptopomatinae,Otothyrini,Otothyrini,L-,Hpp-,Pseudotothyris,janeirensis,#N/A,#N/A,AMNH_79370,Algivore,,,,,AMNH 79370,Pseudotothyris janeirensis,non-type,head,0.01946,AMNH-MIF,no,yes,yes,,0.533,,N.K. Lujan,
Siluriformes,Loricarioidei,Loricariidae,Hypoptopomatinae,Otothyrini,Otothyrini,L-,Hpp-,Pseudotothyris,obtusa,#N/A,#N/A,FMNH_71337,Algivore,,,,,FMNH 71337,Pseudotothyris obtusa,non-type,head,0.00980,AMNH-MIF,no,yes,yes,,5.850,,N.K. Lujan,
Siluriformes,Loricarioidei,Loricariidae,Hypoptopomatinae,Otothyrini,Otothyrini,L-,Hpp-,Rhinolekos,arachas,#N/A,#N/A,AMNH_256352,Algivore,,,,,AMNH 256352,Rhinolekos arachas,PARATYPE,head,0.01710,AMNH-MIF,yes,yes,yes,,1.220,,N.K. Lujan,
Siluriformes,Loricarioidei,Loricariidae,Hypoptopomatinae,Otothyrini,Otothyrini,L-,Hpp-,Rhinolekos,britskii,#N/A,#N/A,MCP_44058,Algivore,,,,,MCP 44058,Rhinolekos britskii,non-type,head,0.01736,AMNH-MIF,yes,yes,yes,,0.815,,N.K. Lujan,
Siluriformes,Loricarioidei,Loricariidae,Hypoptopomatinae,Otothyrini,Otothyrini,L-,Hpp-,Rhinolekos,garavelloi,#N/A,#N/A,MCP_47112,Algivore,,,,,MCP 47112,Rhinolekos garavelloi,non-type,head,0.02063,AMNH-MIF,yes,yes,yes,,0.663,,N.K. Lujan,
Siluriformes,Loricarioidei,Loricariidae,Hypoptopomatinae,Otothyrini,Otothyrini,L-,Hpp-,Rhinolekos,schaeferi,#N/A,#N/A,MCP_47111,Algivore,,,,,MCP 47111,Rhinolekos schaeferi,non-type,head,0.01736,AMNH-MIF,yes,yes,yes,,0.769,,N.K. Lujan,
Siluriformes,Loricarioidei,Loricariidae,Hypoptopomatinae,Otothyrini,Otothyrini,L-,Hpp-,Rhinotocinclus,hardmani,#N/A,#N/A,ROM_91423,Algivore,,,,,ROM 91423,Rhinotocinclus hardmani,PARATYPE,head,0.00991,AMNH-MIF,yes,yes,yes,,1.050,,"N.K. Lujan, Roberto Reis",low density threshold upper limit
Siluriformes,Loricarioidei,Loricariidae,Hypoptopomatinae,Otothyrini,Otothyrini,L-,Hpp-,Rhinotocinclus,longirostris,#N/A,#N/A,MCP_35876,Algivore,,,,,MCP 35876,Rhinotocinclus longirostris,non-type,whole,0.01178,AMNH-MIF,yes,yes,yes,,9.640,,"N.K. Lujan, Roberto Reis",
Siluriformes,Loricarioidei,Loricariidae,Hypoptopomatinae,Otothyrini,Otothyrini,L-,Hpp-,Rhinotocinclus,nsp_Caqueta,#N/A,#N/A,ROM_107209,Algivore,,,,,ROM 107209,Rhinotocinclus nsp Caqueta,PARATYPE,whole,0.00691,AMNH-MIF,yes,yes,yes,,9.550,,"N.K. Lujan, A. Ortega-Lara, Roberto Reis",low density threshold upper limit
Siluriformes,Loricarioidei,Loricariidae,Hypoptopomatinae,Otothyrini,Otothyrini,L-,Hpp-,Rhinotocinclus,nsp_Tapiche,#N/A,#N/A,ROM_PER23_14_T32635,Algivore,,,,,ROM PER23-14: T32635,Rhinotocinclus nsp Tapiche,non-type,whole,0.00534,Mahler SkyScan,yes,yes,yes,,1.640,,N.K. Lujan,
Siluriformes,Loricarioidei,Loricariidae,Hypoptopomatinae,Otothyrini,Otothyrini,L-,Hpp-,Schizolecis,guentheri,#N/A,#N/A,ANSP_174165,Algivore,,,,,ANSP 174165,Schizolecis guentheri,non-type,head,0.01614,AMNH-MIF,yes,yes,yes,,1.140,,N.K. Lujan,
Siluriformes,Loricarioidei,Loricariidae,Hypostominae,Acanthacini,Acanthacini,L-,Hps-,Acanthicus,hystrix,#N/A,#N/A,AMNH_9934,,,,,,AMNH 9934,Acanthicus hystrix,non-type,head,0.14039,AMNH-MIF,yes,yes,yes,,18.100,810.0,N.K. Lujan,Catalog number  originally  incorrectly cited as AMNH 9334.
Siluriformes,Loricarioidei,Loricariidae,Hypostominae,Acanthacini,Acanthacini,L-,Hps-,Acanthicus,hystrix,#N/A,#N/A,ANSP_194857,,,,,,ANSP 194857,Acanthicus hystrix,non-type,head,0.09265,AMNH-MIF,yes,yes,yes,,0.706,,N.K. Lujan,
Siluriformes,Loricarioidei,Loricariidae,Hypostominae,Acanthacini,Acanthacini,L-,Hps-,Leporacanthicus,cf_galaxias,#N/A,#N/A,ANSP_191315,Invertivore-Prober,,,,,ANSP 191315,Leporacanthicus cf galaxias,non-type,head,0.08461,AMNH-MIF,yes,yes,yes,,0.640,,N.K. Lujan,
Siluriformes,Loricarioidei,Loricariidae,Hypostominae,Acanthacini,Acanthacini,L-,Hps-,Leporacanthicus,cf_galaxias,#N/A,#N/A,ROM_94333,Invertivore-Prober,,,,,ROM 94333,Leporacanthicus cf galaxias,non-type,head,0.05850,AMNH-MIF,yes,yes,yes,,2.740,,N.K. Lujan,
Siluriformes,Loricarioidei,Loricariidae,Hypostominae,Acanthacini,Acanthacini,L-,Hps-,Leporacanthicus,joselimae,#N/A,#N/A,AUM_58525,Invertivore-Prober,,,,,AUM 58525,Leporacanthicus joselimae,non-type,head,0.02110,Digimorph,yes,yes,yes,,0.033,,N.K. Lujan,
Siluriformes,Loricarioidei,Loricariidae,Hypostominae,Acanthacini,Acanthacini,L-,Hps-,Leporacanthicus,triactis,#N/A,#N/A,ANSP_191314,Invertivore-Prober,,,,,ANSP 191314,Leporacanthicus triactis,non-type,head,0.06148,AMNH-MIF,yes,yes,yes,,0.860,,N.K. Lujan,
Siluriformes,Loricarioidei,Loricariidae,Hypostominae,Acanthacini,Acanthacini,L-,Hps-,Megalancistrus,barae,#N/A,#N/A,MCP_14096,,,,,,MCP 14096,Megalancistrus barae,non-type,head,0.14314,AMNH-MIF,yes,yes,yes,,0.898,,N.K. Lujan,
Siluriformes,Loricarioidei,Loricariidae,Hypostominae,Acanthacini,Acanthacini,L-,Hps-,Megalancistrus,parananus,#N/A,#N/A,MCP_45964,,,,,,MCP 45964,Megalancistrus parananus,non-type,head,0.14039,AMNH-MIF,yes,yes,yes,,1.840,,N.K. Lujan,
Siluriformes,Loricarioidei,Loricariidae,Hypostominae,Acanthacini,Acanthacini,L-,Hps-,Pseudacanthicus,fordii,#N/A,#N/A,BMNH_1866_8_14_1_148_152_1,,,,,,BMNH 1866.8.14.1.148-152_1,Pseudacanthicus fordii,SYNTYPE,head,0.02752,BMNH-Rupert Collins,yes,yes,yes,,13.000,,BMNH-Rupert Collins,
Siluriformes,Loricarioidei,Loricariidae,Hypostominae,Acanthacini,Acanthacini,L-,Hps-,Pseudacanthicus,fordii,#N/A,#N/A,BMNH_1866_8_14_1_148_152_1,,,,,,BMNH 1866.8.14.1.148-152_1,Pseudacanthicus fordii,SYNTYPE,whole,0.08996,BMNH-Rupert Collins,NA,NA,NA,,3.350,,BMNH-Rupert Collins,
Siluriformes,Loricarioidei,Loricariidae,Hypostominae,Acanthacini,Acanthacini,L-,Hps-,Pseudacanthicus,fordii,#N/A,#N/A,BMNH_1866_8_14_1_148_152_2,,,,,,BMNH 1866.8.14.1.148-152_2,Pseudacanthicus fordii,SYNTYPE,whole,0.08996,BMNH-Rupert Collins,NA,NA,NA,,3.000,,BMNH-Rupert Collins,
Siluriformes,Loricarioidei,Loricariidae,Hypostominae,Acanthacini,Acanthacini,L-,Hps-,Pseudacanthicus,fordii,#N/A,#N/A,BMNH_1866_8_14_1_148_152_3,,,,,,BMNH 1866.8.14.1.148-152_3,Pseudacanthicus fordii,SYNTYPE,whole,0.07493,BMNH-Rupert Collins,NA,NA,NA,,3.020,,BMNH-Rupert Collins,
Siluriformes,Loricarioidei,Loricariidae,Hypostominae,Acanthacini,Acanthacini,L-,Hps-,Pseudacanthicus,fordii,#N/A,#N/A,BMNH_1866_8_14_1_148_152_4,,,,,,BMNH 1866.8.14.1.148-152_4,Pseudacanthicus fordii,SYNTYPE,whole,0.07493,BMNH-Rupert Collins,NA,NA,NA,,3.020,,BMNH-Rupert Collins,
Siluriformes,Loricarioidei,Loricariidae,Hypostominae,Acanthacini,Acanthacini,L-,Hps-,Pseudacanthicus,hystrix,#N/A,#N/A,ROM_114973,,,,,,ROM 114973,Pseudacanthicus hystrix,non-type,head,0.02135,Mahler SkyScan,yes,yes,yes,,3.590,,N.K. Lujan,
Siluriformes,Loricarioidei,Loricariidae,Hypostominae,Acanthacini,Acanthacini,L-,Hps-,Pseudacanthicus,sp_Xingu_black,#N/A,#N/A,ANSP_194624,,,,,,ANSP 194624,Pseudacanthicus sp Xingu black,non-type,head,0.10372,AMNH-MIF,yes,yes,yes,,0.833,,N.K. Lujan,
Siluriformes,Loricarioidei,Loricariidae,Hypostominae,Acanthacini,Acanthacini,L-,Hps-,Pseudacanthicus,sp_Ucayali_tagged,#N/A,#N/A,ROM_PER23_19,,,,,,ROM PER23-19,Pseudacanthicus sp. 'Ucayali' tagged,non-type,head,0.02811,Mahler SkyScan,yes,yes,yes,,3.030,,N.K. Lujan,
Siluriformes,Loricarioidei,Loricariidae,Hypostominae,Acanthacini,Acanthacini,L-,Hps-,Pseudacanthicus,sp_Ucayali_untagged,#N/A,#N/A,ROM_PER23_19,,,,,,ROM PER23-19,Pseudacanthicus sp. 'Ucayali' untagged,non-type,head,0.02847,Mahler SkyScan,yes,yes,yes,,3.090,,N.K. Lujan,
Siluriformes,Loricarioidei,Loricariidae,Hypostominae,Acanthacini,Acanthacini,L-,Hps-,Pseudacanthicus,sp_white_spot_L097,#N/A,#N/A,ROM_114975,,,,,,ROM 114975,Pseudacanthicus sp. 'white spot' L097,non-type,head,0.01993,Mahler SkyScan,yes,yes,yes,,3.300,,N.K. Lujan,
Siluriformes,Loricarioidei,Loricariidae,Hypostominae,Acanthacini,Acanthacini,L-,Hps-,Pseudacanthicus,sp_L273_Red_Titanic,#N/A,#N/A,ROM_114972,,,,,,ROM 114972,Pseudacanthicus sp. L273 Red Titanic,non-type,head,0.03605,Mahler SkyScan,yes,yes,yes,,3.230,,N.K. Lujan,
Siluriformes,Loricarioidei,Loricariidae,Hypostominae,Ancistrini,Ancistrini,L-,Hps-,Ancistrus,macrophthalmus,#N/A,#N/A,ROM_93577,,,,,,ROM 93577,Ancistrus macrophthalmus,non-type,head,0.01815,Mahler SkyScan,yes,yes,yes,,3.160,,N.K. Lujan,
Siluriformes,Loricarioidei,Loricariidae,Hypostominae,Ancistrini,Ancistrini,L-,Hps-,Ancistrus,nsp_Bolivian_flat,#N/A,#N/A,AMNH_40129,,,,,,AMNH 40129,Ancistrus nsp Bolivian flat,MS type,head,0.03559,Mahler SkyScan,yes,yes,yes,,2.940,,N.K. Lujan,
Siluriformes,Loricarioidei,Loricariidae,Hypostominae,Ancistrini,Ancistrini,L-,Hps-,Ancistrus,nsp_Ucayali_Big_Eye,#N/A,#N/A,MUSM_37822,,,,,,MUSM 37822,Ancistrus nsp Ucayali Big Eye,non-type,head,0.01566,Mahler SkyScan,yes,yes,yes,,3.080,,N.K. Lujan,
Siluriformes,Loricarioidei,Loricariidae,Hypostominae,Ancistrini,Ancistrini,L-,Hps-,Ancistrus,ranunculus,#N/A,#N/A,AMNH_97639,Detritivore-Winnower,,,,,AMNH 97639,Ancistrus ranunculus,PARATYPE,head,0.05278,AMNH-MIF,no,yes,yes,,0.888,,N.K. Lujan,
Siluriformes,Loricarioidei,Loricariidae,Hypostominae,Ancistrini,Ancistrini,L-,Hps-,Ancistrus,ranunculus,#N/A,#N/A,ANSP_199525,Detritivore-Winnower,,,,,ANSP 199525,Ancistrus ranunculus,non-type,head,0.03559,Mahler SkyScan,yes,yes,yes,,2.940,,N.K. Lujan,
Siluriformes,Loricarioidei,Loricariidae,Hypostominae,Ancistrini,Ancistrini,L-,Hps-,Ancistrus,sp_Beni_Bolivia,#N/A,#N/A,AMNH_39787,,,,,,AMNH 39787,Ancistrus sp Beni Bolivia,non-type,head,0.08418,AMNH-MIF,yes,yes,yes,,1.260,,N.K. Lujan,
Siluriformes,Loricarioidei,Loricariidae,Hypostominae,Ancistrini,Ancistrini,L-,Hps-,Ancistrus,sp_Santa_Cruz_Bolivia,#N/A,#N/A,AMNH_233285,,,,,,AMNH 233285,Ancistrus sp Santa Cruz Bolivia,non-type,head,0.08418,AMNH-MIF,no,yes,yes,,1.260,,N.K. Lujan,
Siluriformes,Loricarioidei,Loricariidae,Hypostominae,Ancistrini,Ancistrini,L-,Hps-,Araichthys,loro,#N/A,#N/A,MCP_35622,,,,,,MCP 35622,Araichthys loro,non-type,head,0.03071,AMNH-MIF,yes,yes,yes,,0.821,,N.K. Lujan,
Siluriformes,Loricarioidei,Loricariidae,Hypostominae,Ancistrini,Ancistrini,L-,Hps-,Corymbophanes,ameliae,#N/A,#N/A,ROM_91390,,,,,,ROM 91390,Corymbophanes ameliae,PARATYPE,head,0.05850,AMNH-MIF,yes,yes,yes,,2.740,,N.K. Lujan,
Siluriformes,Loricarioidei,Loricariidae,Hypostominae,Ancistrini,Ancistrini,L-,Hps-,Corymbophanes,andersoni,#N/A,#N/A,AUM_28149,,,,,,AUM 28149,Corymbophanes andersoni,non-type,head,0.01096,AMNH-MIF,no,yes,yes,,0.823,,N.K. Lujan,
Siluriformes,Loricarioidei,Loricariidae,Hypostominae,Ancistrini,Ancistrini,L-,Hps-,Cryptancistrus,similis,#N/A,#N/A,MZUSP_117150,,,,,,MZUSP 117150,Cryptancistrus similis,HOLOTYPE,head,0.01231,AMNH-MIF,yes,yes,yes,,32.400,,N.K. Lujan,
Siluriformes,Loricarioidei,Loricariidae,Hypostominae,Ancistrini,Ancistrini,L-,Hps-,Dekeyseria,picta,#N/A,#N/A,ANSP_185289,,,,,,ANSP 185289,Dekeyseria picta,non-type,head,0.02389,Morphosource,no,yes,yes,,2.860,,Morphosource,
Siluriformes,Loricarioidei,Loricariidae,Hypostominae,Ancistrini,Ancistrini,L-,Hps-,Dekeyseria,picta,#N/A,#N/A,AUM_39886,,,,,,AUM 39886,Dekeyseria picta,non-type,head,0.04272,AMNH-MIF,no,yes,yes,,0.717,,N.K. Lujan,
Siluriformes,Loricarioidei,Loricariidae,Hypostominae,Ancistrini,Ancistrini,L-,Hps-,Dekeyseria,scaphirhynchus,#N/A,#N/A,AMNH_74455,Algivore,,,,,AMNH 74455,Dekeyseria scaphirhynchus,non-type,head,0.06647,AMNH-MIF,yes,yes,yes,,1.100,,N.K. Lujan,
Siluriformes,Loricarioidei,Loricariidae,Hypostominae,Ancistrini,Ancistrini,L-,Hps-,Guyanancistrus,brevispinis,#N/A,#N/A,ROM_98115,Algivore,,,,,ROM 98115,Guyanancistrus brevispinis,non-type,head,0.03426,AMNH-MIF,no,yes,yes,,1.580,,N.K. Lujan,
Siluriformes,Loricarioidei,Loricariidae,Hypostominae,Ancistrini,Ancistrini,L-,Hps-,Guyanancistrus,tenuis,#N/A,#N/A,MZUSP_117148,Algivore,,,,,MZUSP 117148,Guyanancistrus tenuis,HOLOTYPE,head,0.01663,AMNH-MIF,yes,yes,yes,,15.900,,N.K. Lujan,
Siluriformes,Loricarioidei,Loricariidae,Hypostominae,Ancistrini,Ancistrini,L-,Hps-,Guyanancistrus,teretirostris,#N/A,#N/A,MZUSP_117149,Algivore,,,,,MZUSP 117149,Guyanancistrus teretirostris,HOLOTYPE,head,0.02093,AMNH-MIF,no,yes,yes,,13.300,,N.K. Lujan,
Siluriformes,Loricarioidei,Loricariidae,Hypostominae,Ancistrini,Ancistrini,L-,Hps-,Hopliancistrus,sp_Xingu,#N/A,#N/A,ANSP_200877,Algivore,,,,,ANSP 200877,Hopliancistrus sp Xingu,non-type,head,0.14039,AMNH-MIF,yes,yes,yes,,1.240,,N.K. Lujan,
Siluriformes,Loricarioidei,Loricariidae,Hypostominae,Ancistrini,Ancistrini,L-,Hps-,Lasiancistrus,planiceps,#N/A,#N/A,AMNH_11211,Algivore,,,,,AMNH 11211,Lasiancistrus planiceps,non-type,head,0.14039,AMNH-MIF,yes,yes,yes,,6.910,,N.K. Lujan,
Siluriformes,Loricarioidei,Loricariidae,Hypostominae,Ancistrini,Ancistrini,L-,Hps-,Lasiancistrus,schomburgkii,#N/A,#N/A,AMNH_12605,Algivore,,,,,AMNH 12605,Lasiancistrus schomburgkii,non-type,head,0.06647,AMNH-MIF,no,yes,yes,,1.100,,N.K. Lujan,
Siluriformes,Loricarioidei,Loricariidae,Hypostominae,Clypiini,Ancistrini,L-,Hps-,Lithoxancistrus,coquenani,#N/A,#N/A,AMNH_91025,,,,,,AMNH 91025,Lithoxancistrus coquenani,non-type,head,0.14039,AMNH-MIF,yes,yes,yes,,1.130,,N.K. Lujan,
Siluriformes,Loricarioidei,Loricariidae,Hypostominae,Clypiini,Ancistrini,L-,Hps-,Lithoxancistrus,yekuana,#N/A,#N/A,AUM_39473,,,,,,AUM 39473,Lithoxancistrus yekuana,PARATYPE,head,0.14039,AMNH-MIF,yes,yes,yes,,0.704,,N.K. Lujan,
Siluriformes,Loricarioidei,Loricariidae,Hypostominae,Clypiini,Ancistrini,L-,Hps-,Neblinichthys,brevibrachium,#N/A,#N/A,AUM_50304,,,,,,AUM 50304,Neblinichthys brevibrachium,PARATYPE,head,0.02680,AMNH-MIF,yes,yes,yes,,0.990,,N.K. Lujan,
Siluriformes,Loricarioidei,Loricariidae,Hypostominae,Clypiini,Ancistrini,L-,Hps-,Neblinichthys,brevibrachium,#N/A,#N/A,ROM_93534,,,,,,ROM 93534,Neblinichthys brevibrachium,non-type,head,0.03750,AMNH-MIF,no,yes,yes,,1.370,,N.K. Lujan,
Siluriformes,Loricarioidei,Loricariidae,Hypostominae,Clypiini,Ancistrini,L-,Hps-,Neblinichthys,echinasus,#N/A,#N/A,AUM_49999,,,,,,AUM 49999,Neblinichthys echinasus,PARATYPE,head,0.14039,AMNH-MIF,yes,yes,yes,,0.751,,N.K. Lujan,
Siluriformes,Loricarioidei,Loricariidae,Hypostominae,Clypiini,Ancistrini,L-,Hps-,Neblinichthys,peniculatus,#N/A,#N/A,AMNH_255488,,,,,,AMNH 255488,Neblinichthys peniculatus,PARATYPE,head,0.05588,AMNH-MIF,yes,yes,yes,,0.897,,N.K. Lujan,
Siluriformes,Loricarioidei,Loricariidae,Hypostominae,Clypiini,Ancistrini,L-,Hps-,Neblinichthys,pilosus,#N/A,#N/A,AMNH_56142,,,,,,AMNH 56142,Neblinichthys pilosus,PARATYPE,head,0.05485,AMNH-MIF,NA,NA,NA,,0.896,,N.K. Lujan,
Siluriformes,Loricarioidei,Loricariidae,Hypostominae,Clypiini,Ancistrini,L-,Hps-,Neblinichthys,pilosus,#N/A,#N/A,AMNH_56142,,,,,,AMNH 56142,Neblinichthys pilosus,PARATYPE,head,0.14039,AMNH-MIF,yes,yes,yes,,0.897,,N.K. Lujan,specimen with most hypertrophied odontodes
Siluriformes,Loricarioidei,Loricariidae,Hypostominae,Clypiini,Ancistrini,L-,Hps-,Paulasquama,callis,#N/A,#N/A,AUM_50000,,,,,,AUM 50000,Paulasquama callis,PARATYPE,head,0.14039,AMNH-MIF,yes,yes,yes,,0.980,,N.K. Lujan,
Siluriformes,Loricarioidei,Loricariidae,Hypostominae,Ancistrini,Ancistrini,L-,Hps-,Pseudolithoxus,anthrax,#N/A,#N/A,ANSP_190823,Algivore,,,,,ANSP 190823,Pseudolithoxus anthrax,non-type,head,0.09265,AMNH-MIF,yes,yes,yes,,0.778,,N.K. Lujan,
Siluriformes,Loricarioidei,Loricariidae,Hypostominae,Ancistrini,Ancistrini,L-,Hps-,Pseudolithoxus,stearleyi,#N/A,#N/A,AUM_43872,Algivore,,,,,AUM 43872,Pseudolithoxus stearleyi,PARATYPE,head,0.01318,AMNH-MIF,no,yes,yes,,3.860,,N.K. Lujan,
Siluriformes,Loricarioidei,Loricariidae,Hypostominae,Ancistrini,Ancistrini,L-,Hps-,Pseudolithoxus,tigris,#N/A,#N/A,ROM_93331,Algivore,,,,,ROM 93331,Pseudolithoxus tigris,non-type,head,0.02586,AMNH-MIF,no,yes,yes,,1.410,,N.K. Lujan,
Siluriformes,Loricarioidei,Loricariidae,Hypostominae,Ancistrini,Ancistrini,L-,Hps-,Yaluwak,primus,#N/A,#N/A,AUM_67193,Algivore,,,,,AUM 67193,Yaluwak primus,PARATYPE,head,0.05959,AMNH-MIF,yes,yes,yes,,0.774,,N.K. Lujan,
Siluriformes,Loricarioidei,Loricariidae,Hypostominae,Chaetostomini,Chaetostomini,L-,Hps-,Andeancistrus,platycephalus,#N/A,#N/A,ROM_93907,Algivore,,,,,ROM 93907,Andeancistrus platycephalus,non-type,head,0.05688,AMNH-MIF,yes,yes,yes,,6.520,,N.K. Lujan,
Siluriformes,Loricarioidei,Loricariidae,Hypostominae,Chaetostomini,Chaetostomini,L-,Hps-,Chaetostoma,anomalum,#N/A,#N/A,AMNH_9187,Algivore,,,,,AMNH 9187,Chaetostoma anomalum,non-type,head,0.06178,AMNH-MIF,no,yes,yes,,0.840,,N.K. Lujan,
Siluriformes,Loricarioidei,Loricariidae,Hypostominae,Chaetostomini,Chaetostomini,L-,Hps-,Chaetostoma,cf_milesi,#N/A,#N/A,AUM_AQMAT,Algivore,,,,,AUM-AQMAT,Chaetostoma cf milesi,non-type,head,0.02560,Digimorph,no,yes,yes,,2.720,,N.K. Lujan,
Siluriformes,Loricarioidei,Loricariidae,Hypostominae,Chaetostomini,Chaetostomini,L-,Hps-,Chaetostoma,lepturum,#N/A,#N/A,AMNH_7092,Algivore,,,,,AMNH 7092,Chaetostoma lepturum,non-type,head,0.06178,AMNH-MIF,yes,yes,yes,,0.841,,N.K. Lujan,
Siluriformes,Loricarioidei,Loricariidae,Hypostominae,Chaetostomini,Chaetostomini,L-,Hps-,Chaetostoma,lexa,#N/A,#N/A,MUSM_44322,Algivore,,,,,MUSM 44322,Chaetostoma lexa,non-type,head,0.01474,AMNH-MIF,yes,yes,yes,,16.600,,N.K. Lujan,
Siluriformes,Loricarioidei,Loricariidae,Hypostominae,Chaetostomini,Chaetostomini,L-,Hps-,Chaetostoma,loborhynchos_Maranon,#N/A,#N/A,ROM_109181,Algivore,,,,,ROM 109181,Chaetostoma loborhynchos Maranon,non-type,whole,0.02811,Mahler SkyScan,NA,NA,NA,,3.250,,N.K. Lujan,
Siluriformes,Loricarioidei,Loricariidae,Hypostominae,Chaetostomini,Chaetostomini,L-,Hps-,Chaetostoma,loborhynchos_Maranon,#N/A,#N/A,ROM_109181,Algivore,,,,,ROM 109181,Chaetostoma loborhynchos Maranon,non-type,head,0.14039,AMNH-MIF,yes,yes,yes,,6.520,,N.K. Lujan,
Siluriformes,Loricarioidei,Loricariidae,Hypostominae,Chaetostomini,Chaetostomini,L-,Hps-,Chaetostoma,microps,#N/A,#N/A,ROM_93902,Algivore,,,,,ROM 93902,Chaetostoma microps,non-type,head,0.04470,AMNH-MIF,yes,yes,yes,,1.190,,N.K. Lujan,
Siluriformes,Loricarioidei,Loricariidae,Hypostominae,Chaetostomini,Chaetostomini,L-,Hps-,Chaetostoma,microps_cave,#N/A,#N/A,MHNG_2269_088,Algivore,,,,,MHNG 2269.088,Chaetostoma microps cave,non-type,head,0.14039,AMNH-MIF,yes,yes,yes,,1.160,,N.K. Lujan,low density threshold upper limit
Siluriformes,Loricarioidei,Loricariidae,Hypostominae,Chaetostomini,Chaetostomini,L-,Hps-,Chaetostoma,mollinasus,#N/A,#N/A,CAS_64653,Algivore,,,,,CAS 64653,Chaetostoma mollinasus,SYNTYPE,head,0.01068,Mahler SkyScan,no,yes,yes,,3.480,,N.K. Lujan,
Siluriformes,Loricarioidei,Loricariidae,Hypostominae,Chaetostomini,Chaetostomini,L-,Hps-,Chaetostoma,platyrhynchus,#N/A,#N/A,ROM_107268,Algivore,,,,,ROM 107268,Chaetostoma platyrhynchus,non-type,head,0.01663,AMNH-MIF,yes,yes,yes,,12.300,,N.K. Lujan,
Siluriformes,Loricarioidei,Loricariidae,Hypostominae,Chaetostomini,Chaetostomini,L-,Hps-,Chaetostoma,spondylus,#N/A,#N/A,ROM_91081,Algivore,,,,,ROM 91081,Chaetostoma spondylus,PARATYPE,whole,0.02811,Mahler SkyScan,yes,yes,yes,,4.300,,N.K. Lujan,
Siluriformes,Loricarioidei,Loricariidae,Hypostominae,Chaetostomini,Chaetostomini,L-,Hps-,Cordylancistrus,daguae,#N/A,#N/A,ROM_106395,Algivore,,,,,ROM 106395,Cordylancistrus daguae,non-type,head,0.14039,AMNH-MIF,yes,yes,yes,,44.200,,"N.K. Lujan, V. Meza, A. Ortega-Lara",
Siluriformes,Loricarioidei,Loricariidae,Hypostominae,Chaetostomini,Chaetostomini,L-,Hps-,Cordylancistrus,nsp_Dagua,#N/A,#N/A,ROM_106394,Algivore,,,,,ROM 106394,Cordylancistrus nsp Dagua,HOLOTYPE,head,0.14039,AMNH-MIF,yes,yes,yes,,4.120,,"N.K. Lujan, V. Meza, A. Ortega-Lara",
Siluriformes,Loricarioidei,Loricariidae,Hypostominae,Chaetostomini,Chaetostomini,L-,Hps-,Cordylancistrus,nsp_Maranon_1,#N/A,#N/A,ROM_108781,Algivore,,,,,ROM 108781,Cordylancistrus nsp Maranon 1,PARATYPE,head,0.14039,AMNH-MIF,yes,yes,yes,,1.940,,"N.K. Lujan, V. Meza",
Siluriformes,Loricarioidei,Loricariidae,Hypostominae,Chaetostomini,Chaetostomini,L-,Hps-,Cordylancistrus,nsp_Maranon_2,#N/A,#N/A,MUSM_40553,Algivore,,,,,MUSM 40553,Cordylancistrus nsp Maranon 2,HOLOTYPE,whole,0.02206,Mahler SkyScan,yes,yes,yes,,7.270,,N.K. Lujan,
Siluriformes,Loricarioidei,Loricariidae,Hypostominae,Chaetostomini,Chaetostomini,L-,Hps-,Cordylancistrus,nsp_Maranon_3,#N/A,#N/A,MUSM_39902,Algivore,,,,,MUSM 39902,Cordylancistrus nsp Maranon 3,HOLOTYPE,whole,0.02206,Mahler SkyScan,yes,yes,yes,,7.270,,N.K. Lujan,
Siluriformes,Loricarioidei,Loricariidae,Hypostominae,Chaetostomini,Chaetostomini,L-,Hps-,Cordylancistrus,perijae,#N/A,#N/A,ANSP_168917,Algivore,,,,,ANSP 168917,Cordylancistrus perijae,PARATYPE,head,0.04003,AMNH-MIF,yes,yes,yes,,0.967,,"N.K. Lujan, V. Meza",
Siluriformes,Loricarioidei,Loricariidae,Hypostominae,Chaetostomini,Chaetostomini,L-,Hps-,Cordylancistrus,perijae,#N/A,#N/A,ANSP_168917,,,,,,ANSP 168917,Cordylancistrus perijae,PARATYPE,head,0.02206,Mahler SkyScan,NA,NA,NA,,1.110,,N.K. Lujan,
Siluriformes,Loricarioidei,Loricariidae,Hypostominae,Chaetostomini,Chaetostomini,L-,Hps-,Cordylancistrus,pijao,#N/A,#N/A,ROM_106965,Algivore,,,,,ROM 106965,Cordylancistrus pijao,non-type,head,0.00893,AMNH-MIF,yes,yes,yes,,14.900,,"N.K. Lujan, V. Meza",
Siluriformes,Loricarioidei,Loricariidae,Hypostominae,Chaetostomini,Chaetostomini,L-,Hps-,Cordylancistrus,setosus,#N/A,#N/A,BMNH_1880_2_26_9_10,Algivore,,,,,BMNH 1880.2.26.9-10,Cordylancistrus setosus,SYNTYPE,head,0.02154,BMNH-Rupert Collins,yes,yes,yes,,15.800,,BMNH,larger of two syntypes
Siluriformes,Loricarioidei,Loricariidae,Hypostominae,Chaetostomini,Chaetostomini,L-,Hps-,Cordylancistrus,setosus,#N/A,#N/A,BMNH_1880_2_26_9_10,Algivore,,,,,BMNH 1880.2.26.9-10,Cordylancistrus setosus,SYNTYPE,whole,0.04614,BMNH-Rupert Collins,NA,NA,NA,,12.900,,BMNH,two SYNTYPES in scan
Siluriformes,Loricarioidei,Loricariidae,Hypostominae,Chaetostomini,Chaetostomini,L-,Hps-,Cordylancistrus,sp_white_caudal_edge,#N/A,#N/A,AUM_43565,,,,,,AUM 43565,Cordylancistrus sp. 'white caudal edge',non-type,head,0.00712,Mahler SkyScan,yes,yes,yes,,3.340,,N.K. Lujan,
Siluriformes,Loricarioidei,Loricariidae,Hypostominae,Chaetostomini,Chaetostomini,L-,Hps-,Cordylancistrus,torbesensis,#N/A,#N/A,AUM_22192,Algivore,,,,,AUM 22192,Cordylancistrus torbesensis,non-type,head,0.14039,AMNH-MIF,yes,yes,yes,,10.800,,"N.K. Lujan, V. Meza",
Siluriformes,Loricarioidei,Loricariidae,Hypostominae,Chaetostomini,Chaetostomini,L-,Hps-,Cordylancistrus,torbesensis,#N/A,#N/A,MCZ_36170,Algivore,,,,,MCZ 36170,Cordylancistrus torbesensis,PARATYPE,head,0.06324,MCZ,NA,NA,NA,,0.403,,Harvard/MCZ,
Siluriformes,Loricarioidei,Loricariidae,Hypostominae,Chaetostomini,Chaetostomini,L-,Hps-,Dolichancistrus,atratoensis_female,#N/A,#N/A,ROM_COL19_30,Algivore,,,,,ROM COL19-30,Dolichancistrus atratoensis female,HOLOTYPE,head,0.14039,AMNH-MIF,yes,yes,yes,,16.800,,"N.K. Lujan, V. Meza, A. Ortega-Lara",
Siluriformes,Loricarioidei,Loricariidae,Hypostominae,Chaetostomini,Chaetostomini,L-,Hps-,Dolichancistrus,atratoensis_male,#N/A,#N/A,ROM_COL19_30,Algivore,,,,,ROM COL19-30,Dolichancistrus atratoensis male,non-type,head,0.14039,AMNH-MIF,yes,yes,yes,,21.500,,"N.K. Lujan, V. Meza, A. Ortega-Lara",
Siluriformes,Loricarioidei,Loricariidae,Hypostominae,Chaetostomini,Chaetostomini,L-,Hps-,Dolichancistrus,carnegiae,#N/A,#N/A,ANSP_189598,Algivore,,,,,ANSP 189598,Dolichancistrus carnegiae,non-type,head,0.05586,AMNH-MIF,yes,yes,yes,,0.305,,N.K. Lujan,
Siluriformes,Loricarioidei,Loricariidae,Hypostominae,Chaetostomini,Chaetostomini,L-,Hps-,Dolichancistrus,cobrensis,#N/A,#N/A,AUM_46306,Algivore,,,,,AUM 46306,Dolichancistrus cobrensis,non-type,head,0.01980,AMNH-MIF,NA,NA,NA,,8.090,,N.K. Lujan,
Siluriformes,Loricarioidei,Loricariidae,Hypostominae,Chaetostomini,Chaetostomini,L-,Hps-,Dolichancistrus,cobrensis,#N/A,#N/A,AUM_46306,Algivore,,,,,AUM 46306,Dolichancistrus cobrensis,non-type,head,0.14039,AMNH-MIF,yes,yes,yes,,0.542,,N.K. Lujan,
Siluriformes,Loricarioidei,Loricariidae,Hypostominae,Chaetostomini,Chaetostomini,L-,Hps-,Dolichancistrus,fuesslii,#N/A,#N/A,FMNH_58566,Algivore,,,,,FMNH 58566,Dolichancistrus fuesslii,non-type,whole,0.01495,Mahler SkyScan,yes,yes,yes,,4.620,,N.K. Lujan,
Siluriformes,Loricarioidei,Loricariidae,Hypostominae,Chaetostomini,Chaetostomini,L-,Hps-,Leptoancistrus,canensis,#N/A,#N/A,FMNH_84607,Algivore,,,,,FMNH 84607,Leptoancistrus canensis,non-type,head,0.14039,AMNH-MIF,yes,yes,yes,,1.400,,N.K. Lujan,
Siluriformes,Loricarioidei,Loricariidae,Hypostominae,Chaetostomini,Chaetostomini,L-,Hps-,Leptoancistrus,nsp_Atrato,#N/A,#N/A,ROM_COL19_31,Algivore,,,,,ROM COL19-31,Leptoancistrus nsp Atrato,HOLOTYPE,head,0.14039,AMNH-MIF,yes,yes,yes,,11.800,,N.K. Lujan,
Siluriformes,Loricarioidei,Loricariidae,Hypostominae,Chaetostomini,Chaetostomini,L-,Hps-,Transancistrus,aequinoctiale,#N/A,#N/A,ROM_93666,Algivore,,,,,ROM 93666,Transancistrus aequinoctiale,non-type,head,0.04194,AMNH-MIF,yes,yes,yes,,1.850,,N.K. Lujan,
Siluriformes,Loricarioidei,Loricariidae,Hypostominae,Chaetostomini,Chaetostomini,L-,Hps-,Transancistrus,santarosensis,#N/A,#N/A,AUM_52887,Algivore,,,,,AUM 52887,Transancistrus santarosensis,PARATYPE,head,0.02653,AMNH-MIF,yes,yes,yes,,0.622,,N.K. Lujan,
Siluriformes,Loricarioidei,Loricariidae,Hypostominae,Hypostomini,Hypostomini,L-,Hps-,Australancistrus,chlorostictus,#N/A,#N/A,MCP_53183,,,,,,MCP 53183,Australancistrus chlorostictus,non-type,head,0.14039,AMNH-MIF,yes,yes,yes,,0.581,,N.K. Lujan,
Siluriformes,Loricarioidei,Loricariidae,Hypostominae,Hypostomini,Hypostomini,L-,Hps-,Australancistrus,punctulatus,#N/A,#N/A,MCP_51717,,,,,,MCP 51717,Australancistrus punctulatus,non-type,head,0.05747,AMNH-MIF,yes,yes,yes,,0.646,,N.K. Lujan,
Siluriformes,Loricarioidei,Loricariidae,Hypostominae,Hypostomini,Hypostomini,L-,Hps-,Hypostomus,argus,#N/A,#N/A,ROM_COL19_29,,,,,,ROM 111724,Hypostomus argus,non-type,head,0.02674,AMNH-MIF,yes,yes,yes,,19.200,,N.K. Lujan,
Siluriformes,Loricarioidei,Loricariidae,Hypostominae,Hypostomini,Hypostomini,L-,Hps-,Hypostomus,cerrado,#N/A,#N/A,AUM_45427,,,,,,AUM 45427,Hypostomus cerrado,PARATYPE,head,0.14039,AMNH-MIF,yes,yes,yes,,0.757,,N.K. Lujan,
Siluriformes,Loricarioidei,Loricariidae,Hypostominae,Hypostomini,Hypostomini,L-,Hps-,Hypostomus,luteus,#N/A,#N/A,MCP_12809,,,,,,MCP 12809,Hypostomus luteus,non-type,head,0.14039,AMNH-MIF,yes,yes,yes,,0.697,,N.K. Lujan,
Siluriformes,Loricarioidei,Loricariidae,Hypostominae,Hypostomini,Hypostomini,L-,Hps-,Hypostomus,rhantos,#N/A,#N/A,ROM_93638,,,,,,ROM 93638,Hypostomus rhantos,non-type,head,0.03096,Mahler SkyScan,yes,yes,yes,,3.220,,N.K. Lujan,
Siluriformes,Loricarioidei,Loricariidae,Hypostominae,Hypostomini,Hypostomini,L-,Hps-,Hypostomus,taphorni,#N/A,#N/A,ROM_95979,Xylivore,,,,,ROM 95979,Hypostomus taphorni,non-type,head,0.07821,AMNH-MIF,yes,yes,yes,,3.270,,N.K. Lujan,
Siluriformes,Loricarioidei,Loricariidae,Hypostominae,Hypostomini,Hypostomini,L-,Hps-,Pterygoplichthys,multiradiatus,#N/A,#N/A,ROM_106231,,,,,,ROM 106231,Pterygoplichthys multiradiatus,non-type,head,0.01993,Mahler SkyScan,yes,yes,yes,,4.000,,N.K. Lujan,
Siluriformes,Loricarioidei,Loricariidae,Hypostominae,Hypostomini,Hypostomini,L-,Hps-,Pterygoplichthys,sp,#N/A,#N/A,ROM_84021,,,,,,ROM 84021,Pterygoplichthys sp,non-type,head,0.01993,Mahler SkyScan,yes,yes,yes,,4.000,,N.K. Lujan,
Siluriformes,Loricarioidei,Loricariidae,Hypostominae,Clypiini,Lithoxini,L-,Hps-,Avalithoxus,jantjae,#N/A,#N/A,AUM_39478,Invertivore-Scraper,,,,,AUM 39478,Avalithoxus jantjae,PARATYPE,head,0.01260,AMNH-MIF,yes,yes,yes,,3.630,,N.K. Lujan,
Siluriformes,Loricarioidei,Loricariidae,Hypostominae,Clypiini,Lithoxini,L-,Hps-,Exastilithoxus,sp_Cuao,#N/A,#N/A,AMNH_233003,Invertivore-Scraper,,,,,AMNH 233003,Exastilithoxus sp Cuao,PARATYPE,head,0.00430,AMNH-MIF,yes,yes,yes,,6.410,,N.K. Lujan,
Siluriformes,Loricarioidei,Loricariidae,Hypostominae,Clypiini,Lithoxini,L-,Hps-,Exastilithoxus,sp_Neblina,#N/A,#N/A,AMNH_74457,Invertivore-Scraper,,,,,AMNH 74457,Exastilithoxus sp Neblina,PARATYPE,head,0.01037,AMNH-MIF,yes,yes,yes,,6.020,,N.K. Lujan,
Siluriformes,Loricarioidei,Loricariidae,Hypostominae,Clypiini,Lithoxini,L-,Hps-,Lithoxus,lithoides,#N/A,#N/A,AMNH_7119,Invertivore-Scraper,,,,,AMNH 7119,Lithoxus lithoides,PARATYPE,head,0.03052,AMNH-MIF,no,yes,yes,,0.854,,N.K. Lujan,
Siluriformes,Loricarioidei,Loricariidae,Hypostominae,Clypiini,Lithoxini,L-,Hps-,Lithoxus,lithoides,#N/A,#N/A,ANSP_177363,Invertivore-Scraper,,,,,ANSP 177363,Lithoxus lithoides,non-type,head,0.14039,Morphosource,yes,yes,yes,,2.610,,Morphosource,
Siluriformes,Loricarioidei,Loricariidae,Hypostominae,Clypiini,Lithoxini,L-,Hps-,Paralithoxus,bovallii,#N/A,#N/A,AUM_67127,Invertivore-Scraper,,,,,AUM 67127,Paralithoxus bovallii,non-type,head,0.14039,AMNH-MIF,yes,yes,yes,,0.926,,N.K. Lujan,
Siluriformes,Loricarioidei,Loricariidae,Hypostominae,Clypiini,Lithoxini,L-,Hps-,Paralithoxus,pallidimaculatus,#N/A,#N/A,ROM_101457,Invertivore-Scraper,,,,,ROM 101457,Paralithoxus pallidimaculatus,non-type,head,0.02867,AMNH-MIF,yes,yes,yes,,1.000,,N.K. Lujan,
Siluriformes,Loricarioidei,Loricariidae,Hypostominae,Clypiini,Lithoxini,L-,Hps-,Paralithoxus,planquettei,#N/A,#N/A,ANSP_189131,Invertivore-Scraper,,,,,ANSP 189131,Paralithoxus planquettei,non-type,head,0.03607,AMNH-MIF,yes,yes,yes,,0.706,,N.K. Lujan,
Siluriformes,Loricarioidei,Loricariidae,Hypostominae,Peckoltini,Peckoltini,L-,Hps-,Ancistomus,feldbergae,#N/A,#N/A,ANSP_196453,,,,,,ANSP 196453,Ancistomus feldbergae,non-type,head,0.08461,AMNH-MIF,yes,yes,yes,,0.599,,N.K. Lujan,
Siluriformes,Loricarioidei,Loricariidae,Hypostominae,Peckoltini,Peckoltini,L-,Hps-,Ancistomus,snethlageae,#N/A,#N/A,MCP_15151,,,,,,MCP 15151,Ancistomus snethlageae,non-type,head,0.06760,AMNH-MIF,yes,yes,yes,,0.682,,N.K. Lujan,
Siluriformes,Loricarioidei,Loricariidae,Hypostominae,Peckoltini,Peckoltini,L-,Hps-,Aphanotorulus,emarginata,#N/A,#N/A,AMNH_40167,,,,,,AMNH 40167,Aphanotorulus emarginata,non-type,head,0.08358,AMNH-MIF,yes,yes,yes,,0.523,,N.K. Lujan,
Siluriformes,Loricarioidei,Loricariidae,Hypostominae,Peckoltini,Peckoltini,L-,Hps-,Aphanotorulus,horridus,#N/A,#N/A,ROM_ECU21_02,,,,,,ROM ECU21-02,Aphanotorulus horridus,non-type,head,0.02455,Mahler SkyScan,yes,yes,yes,,2.950,,N.K. Lujan,
Siluriformes,Loricarioidei,Loricariidae,Hypostominae,Peckoltini,Peckoltini,L-,Hps-,Aphanotorulus,unicolor,#N/A,#N/A,ROM_ECU21_09,,,,,,ROM ECU21-09,Aphanotorulus unicolor,non-type,head,0.02206,Mahler SkyScan,yes,yes,yes,,3.250,,N.K. Lujan,
Siluriformes,Loricarioidei,Loricariidae,Hypostominae,Peckoltini,Peckoltini,L-,Hps-,Hypancistrus,debilittera,#N/A,#N/A,ROM_94150,Invertivore-Scraper,,,,,ROM 94150,Hypancistrus debilittera,non-type,head,0.02867,AMNH-MIF,yes,yes,yes,,2.200,,N.K. Lujan,
Siluriformes,Loricarioidei,Loricariidae,Hypostominae,Peckoltini,Peckoltini,L-,Hps-,Hypancistrus,vandragti,#N/A,#N/A,ANSP_199002,Invertivore-Scraper,,,,,ANSP 199002,Hypancistrus vandragti,non-type,head,0.01413,Morphosource,yes,yes,yes,,2.200,,Morphosource,
Siluriformes,Loricarioidei,Loricariidae,Hypostominae,Peckoltini,Peckoltini,L-,Hps-,Hypancistrus,zebra,#N/A,#N/A,ANSP_197839,Invertivore-Scraper,,,,,ANSP 197839,Hypancistrus zebra,non-type,head,0.02004,Morphosource,yes,yes,yes,,4.710,,Morphosource,
Siluriformes,Loricarioidei,Loricariidae,Hypostominae,Peckoltini,Peckoltini,L-,Hps-,Isorineloricaria,spinosissimus,#N/A,#N/A,ROM_94684,,,,,,ROM 94684,Isorineloricaria spinosissimus,non-type,head,0.06034,AMNH-MIF,yes,yes,yes,,1.740,,N.K. Lujan,
Siluriformes,Loricarioidei,Loricariidae,Hypostominae,Peckoltini,Peckoltini,L-,Hps-,Isorineloricaria,villarsi,#N/A,#N/A,AMNH_24814,,,,,,AMNH 24814,Isorineloricaria villarsi,non-type,head,0.07674,AMNH-MIF,yes,yes,yes,,0.517,,N.K. Lujan,
Siluriformes,Loricarioidei,Loricariidae,Hypostominae,Peckoltini,Peckoltini,L-,Hps-,Panaqolus,albomaculatus,#N/A,#N/A,AUM_46691,Xylivore,,,,,AUM 46691,Panaqolus albomaculatus,non-type,head,0.01708,Mahler SkyScan,yes,yes,yes,,3.620,,N.K. Lujan,
Siluriformes,Loricarioidei,Loricariidae,Hypostominae,Peckoltini,Peckoltini,L-,Hps-,Panaqolus,maccus,#N/A,#N/A,AUM_22665,Xylivore,,,,,AUM 22665,Panaqolus maccus,non-type,head,0.05232,AMNH-MIF,yes,yes,yes,,0.831,,N.K. Lujan,
Siluriformes,Loricarioidei,Loricariidae,Hypostominae,Peckoltini,Peckoltini,L-,Hps-,Panaqolus,nsp_Bobonaza,#N/A,#N/A,ROM_ECU22_09,Xylivore,,,,,ROM ECU22-09,Panaqolus nocturnus,non-type,whole,0.01459,Mahler SkyScan,yes,yes,yes,,2.750,,N.K. Lujan,
Siluriformes,Loricarioidei,Loricariidae,Hypostominae,Peckoltini,Peckoltini,L-,Hps-,Panaqolus,purusiensis,#N/A,#N/A,AMNH_12600,Xylivore,,,,,AMNH 12600,Panaqolus purusiensis,HOLOTYPE,head,0.05710,AMNH-MIF,yes,yes,yes,,1.350,,N.K. Lujan,
Siluriformes,Loricarioidei,Loricariidae,Hypostominae,Peckoltini,Peckoltini,L-,Hps-,Panaqolus,tankei,#N/A,#N/A,ANSP_194642,Xylivore,,,,,ANSP 194642,Panaqolus tankei,non-type,head,0.02927,Morphosource,yes,yes,yes,,2.990,,Morphosource,
Siluriformes,Loricarioidei,Loricariidae,Hypostominae,Peckoltini,Peckoltini,L-,Hps-,Peckoltia,vittata,#N/A,#N/A,U_189870,,,,,,UF189870,Peckoltia  vittata,non-type,head,0.03748,Morphosource,no,no,no,,0.893,,,
Siluriformes,Loricarioidei,Loricariidae,Hypostominae,Peckoltini,Peckoltini,L-,Hps-,Peckoltia,brevis,#N/A,#N/A,AMNH_12602,,,,,,AMNH 12602,Peckoltia brevis,HOLOTYPE,head,0.05710,AMNH-MIF,yes,yes,yes,yes,1.350,,N.K. Lujan,
Siluriformes,Loricarioidei,Loricariidae,Hypostominae,Peckoltini,Peckoltini,L-,Hps-,Peckoltia,lujani,#N/A,#N/A,AUM_53474,,,,,,AUM 53474,Peckoltia lujani,PARATYPE,head,0.02168,AMNH-MIF,yes,yes,yes,yes,0.820,,N.K. Lujan,
Siluriformes,Loricarioidei,Loricariidae,Hypostominae,Peckoltini,Peckoltini,L-,Hps-,Peckoltia,nsp_Santiago,#N/A,#N/A,MECN_DP4803,,,,,,MECN-DP 4803,Peckoltia relictum,non-type,whole,0.01815,Mahler SkyScan,yes,yes,yes,yes,11.600,,N.K. Lujan,
Siluriformes,Loricarioidei,Loricariidae,Hypostominae,Peckoltini,Peckoltini,L-,Hps-,Peckoltia,relictum,#N/A,#N/A,AUM_45538,,,,,,AUM 45538,Peckoltia relictum,PARATYPE,head,0.02653,AMNH-MIF,yes,yes,yes,yes,0.960,,N.K. Lujan,
Siluriformes,Loricarioidei,Loricariidae,Hypostominae,Peckoltini,Peckoltini,L-,Hps-,Peckoltia,sabaji,#N/A,#N/A,AUM_35733,,,,,,AUM 35733,Peckoltia sabaji,non-type,head,0.06109,AMNH-MIF,yes,yes,yes,yes,0.690,,N.K. Lujan,
Siluriformes,Loricarioidei,Loricariidae,Hypostominae,Peckoltini,Peckoltini,L-,Hps-,Peckoltia,wernekei,#N/A,#N/A,AUM_39313,,,,,,AUM 39313,Peckoltia wernekei,PARATYPE,head,0.04246,AMNH-MIF,yes,yes,yes,yes,0.764,,N.K. Lujan,
Siluriformes,Loricarioidei,Loricariidae,Hypostominae,Peckoltini,Peckoltini,L-,Hps-,Peckoltichthys,bachi,#N/A,#N/A,AUM_66083,,,,,,AUM 66083,Peckoltichthys bachi,non-type,head,0.05386,AMNH-MIF,yes,yes,yes,,1.080,,N.K. Lujan,
Siluriformes,Loricarioidei,Loricariidae,Hypostominae,Peckoltini,Peckoltini,L-,Hps-,Pseudoqolus,koko,#N/A,#N/A,AUM_67211,Invertivore-Prober,,,,,AUM 67211,Pseudoqolus koko,non-type,head,0.04272,AMNH-MIF,yes,yes,yes,,0.816,,N.K. Lujan,
Siluriformes,Loricarioidei,Loricariidae,Hypostominae,Peckoltini,Peckoltini,L-,Hps-,Pseudoqolus,koko,#N/A,#N/A,MHNG_2723_089,Invertivore-Prober,,,,,MHNG 2723.089,Pseudoqolus koko,PARATYPE,head,0.04470,AMNH-MIF,yes,yes,yes,,1.370,,N.K. Lujan,
Siluriformes,Loricarioidei,Loricariidae,Hypostominae,Peckoltini,Peckoltini,L-,Hps-,Scobinancistrus,aureatus,#N/A,#N/A,AMNH_217762,Invertivore-Prober,,,,,AMNH 217762,Scobinancistrus aureatus,non-type,head,0.09775,AMNH-MIF,yes,yes,yes,,1.110,,N.K. Lujan,
Siluriformes,Loricarioidei,Loricariidae,Hypostominae,Peckoltini,Peckoltini,L-,Hps-,Scobinancistrus,pariolispos,#N/A,#N/A,ROM_114970,,,,,,ROM 114970,Scobinancistrus pariolispos,non-type,head,0.02455,Mahler SkyScan,yes,yes,yes,,3.740,,N.K. Lujan,
Siluriformes,Loricarioidei,Loricariidae,Hypostominae,Peckoltini,Peckoltini,L-,Hps-,Scobinancistrus,raonii,#N/A,#N/A,ANSP_194989,Invertivore-Prober,,,,,ANSP 194989,Scobinancistrus raonii,non-type,head,0.06148,AMNH-MIF,yes,yes,yes,,0.853,,N.K. Lujan,
Siluriformes,Loricarioidei,Loricariidae,Hypostominae,Peckoltini,Peckoltini,L-,Hps-,Spectracanthicus,immaculatus,#N/A,#N/A,ANSP_198600,,,,,,ANSP 198600,Spectracanthicus immaculatus,non-type,head,0.08934,AMNH-MIF,yes,yes,yes,,1.380,,N.K. Lujan,
Siluriformes,Loricarioidei,Loricariidae,Hypostominae,Peckoltini,Peckoltini,L-,Hps-,Transpeckoltia,furtivus,#N/A,#N/A,AUM_4242,,,,,,AUM 4242,Transpeckoltia furtivus,non-type,head,0.04246,AMNH-MIF,yes,yes,yes,,0.587,,N.K. Lujan,
Siluriformes,Loricarioidei,Loricariidae,Hypostominae,Peckoltini,Peckoltini,L-,Hps-,Transpeckoltia,landoni,#N/A,#N/A,ROM_93738,,,,,,ROM 93738,Transpeckoltia landoni,non-type,head,0.14039,AMNH-MIF,yes,yes,yes,,1.450,,N.K. Lujan,
Siluriformes,Loricarioidei,Loricariidae,Hypostominae,Clypiini,Pseudancistrini,L-,Hps-,Pseudancistrus,barbatus,#N/A,#N/A,ROM_86176,,,,,,ROM 86176,Pseudancistrus barbatus,non-type,head,0.14039,AMNH-MIF,yes,yes,yes,,3.270,,N.K. Lujan,
Siluriformes,Loricarioidei,Loricariidae,Hypostominae,Clypiini,Pseudancistrini,L-,Hps-,Pseudancistrus,megacephalus,#N/A,#N/A,AMNH_13667,,,,,,AMNH 13667,Pseudancistrus megacephalus,non-type,head,0.03883,AMNH-MIF,yes,yes,yes,,0.730,,N.K. Lujan,
Siluriformes,Loricarioidei,Loricariidae,Hypostominae,Clypiini,Pseudancistrini,L-,Hps-,Pseudancistrus,megacephalus,#N/A,#N/A,BMNH_1978_9_12_3,,,,,,BMNH 1978.9.12.3,Pseudancistrus megacephalus,HOLOTYPE,head,0.14039,AMNH-MIF,yes,yes,yes,,7.850,,N.K. Lujan,
Siluriformes,Loricarioidei,Loricariidae,Hypostominae,Clypiini,Pseudancistrini,L-,Hps-,Pseudancistrus,reus,#N/A,#N/A,AUM_47152,,,,,,AUM 47152,Pseudancistrus reus,HOLOTYPE,whole,0.01815,Mahler SkyScan,yes,yes,yes,,3.670,,N.K. Lujan,
Siluriformes,Loricarioidei,Loricariidae,Hypostominae,Spectracanthicini,Spectracanthicini,L-,Hps-,Baryancistrus,sp_snowball,#N/A,#N/A,ROM_114964,,,,,,ROM 114964,Baryancistrus sp. 'snowball',non-type,head,0.01815,Mahler SkyScan,yes,yes,yes,,3.460,,N.K. Lujan,
Siluriformes,Loricarioidei,Loricariidae,Hypostominae,Spectracanthicini,Spectracanthicini,L-,Hps-,Baryancistrus,xanthellus,#N/A,#N/A,ANSP_198216,,,,,,ANSP 198216,Baryancistrus xanthellus,non-type,head,0.02234,Morphosource,yes,yes,yes,,4.010,,Morphosource,
Siluriformes,Loricarioidei,Loricariidae,Hypostominae,Spectracanthicini,Spectracanthicini,L-,Hps-,Hemiancistrus,medians,#N/A,#N/A,ANSP_187122,,,,,,ANSP 187122,Hemiancistrus medians,non-type,head,0.10372,AMNH-MIF,yes,yes,yes,,0.650,,N.K. Lujan,
Siluriformes,Loricarioidei,Loricariidae,Hypostominae,Spectracanthicini,Spectracanthicini,L-,Hps-,Iriancistrus,beggini,#N/A,#N/A,ANSP_190824,,,,,,ANSP 190824,Iriancistrus beggini,non-type,head,0.04128,AMNH-MIF,yes,yes,yes,,22.800,,N.K. Lujan,
Siluriformes,Loricarioidei,Loricariidae,Hypostominae,Spectracanthicini,Spectracanthicini,L-,Hps-,Iriancistrus,beggini,#N/A,#N/A,ROM_93310,,,,,,ROM 93310,Iriancistrus beggini,non-type,head,0.04194,AMNH-MIF,no,yes,yes,,0.910,,N.K. Lujan,
Siluriformes,Loricarioidei,Loricariidae,Hypostominae,Spectracanthicini,Spectracanthicini,L-,Hps-,Iriancistrus,cf_subviridis,#N/A,#N/A,AUM_56669,,,,,,AUM 56669,Iriancistrus cf subviridis,non-type,head,0.01765,AMNH-MIF,yes,yes,yes,,9.190,,N.K. Lujan,
Siluriformes,Loricarioidei,Loricariidae,Hypostominae,Spectracanthicini,Spectracanthicini,L-,Hps-,Iriancistrus,demantoides,#N/A,#N/A,ANSP_190750,,,,,,ANSP 190750,Iriancistrus demantoides,non-type,head,0.06148,AMNH-MIF,yes,yes,yes,,1.940,,N.K. Lujan,
Siluriformes,Loricarioidei,Loricariidae,Hypostominae,Spectracanthicini,Spectracanthicini,L-,Hps-,Iriancistrus,demantoides,#N/A,#N/A,ROM_93339,,,,,,ROM 93339,Iriancistrus demantoides,non-type,head,0.06034,AMNH-MIF,no,yes,yes,,0.990,,N.K. Lujan,
Siluriformes,Loricarioidei,Loricariidae,Hypostominae,Spectracanthicini,Spectracanthicini,L-,Hps-,Iriancistrus,guahiborum,#N/A,#N/A,AUM_53574,,,,,,AUM 53574,Iriancistrus guahiborum,non-type,head,0.01317,AMNH-MIF,yes,yes,yes,,8.000,,N.K. Lujan,
Siluriformes,Loricarioidei,Loricariidae,Hypostominae,Spectracanthicini,Spectracanthicini,L-,Hps-,Panaque,armbrusteri_L027_Mae_Maria,#N/A,#N/A,ROM_114965,Xylivore,,,,,ROM 114965,"Panaque armbrusteri L027, Mae Maria",non-type,head,0.03310,Mahler SkyScan,yes,yes,yes,,3.630,,N.K. Lujan,
Siluriformes,Loricarioidei,Loricariidae,Hypostominae,Spectracanthicini,Spectracanthicini,L-,Hps-,Panaque,bathyphilus,#N/A,#N/A,AUM_45559,Xylivore,,,,,AUM 45559,Panaque bathyphilus,non-type,head,0.08747,AMNH-MIF,yes,yes,yes,,0.673,,N.K. Lujan,
Siluriformes,Loricarioidei,Loricariidae,Hypostominae,Spectracanthicini,Spectracanthicini,L-,Hps-,Panaque,nigrolineatus,#N/A,#N/A,ANSP_128682,Xylivore,,,,,ANSP 128682,Panaque nigrolineatus,non-type,head,0.02389,Morphosource,yes,yes,yes,,4.870,,Morphosource,
Siluriformes,Loricarioidei,Loricariidae,Hypostominae,Spectracanthicini,Spectracanthicini,L-,Hps-,Panaque,sp_L191,#N/A,#N/A,ROM_114969,Xylivore,,,,,ROM 114969,Panaque sp. L191,non-type,head,0.03487,Mahler SkyScan,NA,yes,yes,,3.680,,N.K. Lujan,incomplete cranial CT scan
Siluriformes,Loricarioidei,Loricariidae,Hypostominae,Spectracanthicini,Spectracanthicini,L-,Hps-,Parancistrus,nudiventris,#N/A,#N/A,ANSP_199530,Detritivore-Winnower,,,,,ANSP 199530,Parancistrus nudiventris,non-type,head,0.12088,AMNH-MIF,yes,yes,yes,,1.250,,N.K. Lujan,
Siluriformes,Loricarioidei,Loricariidae,Hypostominae,Spectracanthicini,Spectracanthicini,L-,Hps-,Spectracanthicus,murinus,#N/A,#N/A,MCP_44364,,,,,,MCP 44364,Spectracanthicus murinus,non-type,head,0.06957,AMNH-MIF,yes,yes,yes,,0.476,,N.K. Lujan,
Siluriformes,Loricarioidei,Loricariidae,Hypostominae,Spectracanthicini,Spectracanthicini,L-,Hps-,Spectracanthicus,punctatissimus,#N/A,#N/A,ANSP_193092,,,,,,ANSP 193092,Spectracanthicus punctatissimus,non-type,head,0.06089,AMNH-MIF,yes,yes,yes,,1.320,,N.K. Lujan,tissue tag: B2174
Siluriformes,Loricarioidei,Loricariidae,Hypostominae,Spectracanthicini,Spectracanthicini,L-,Hps-,Spectracanthicus,punctatissimus,#N/A,#N/A,ANSP_196432,,,,,,ANSP 196432,Spectracanthicus punctatissimus,non-type,head,0.06089,AMNH-MIF,yes,yes,yes,,1.320,,N.K. Lujan,"tissue tag: t2248, Clade 2"
Siluriformes,Loricarioidei,Loricariidae,Hypostominae,Spectracanthicini,Spectracanthicini,L-,Hps-,Spectracanthicus,punctatissimus,#N/A,#N/A,ANSP_197443,,,,,,ANSP 197443,Spectracanthicus punctatissimus,non-type,head,0.05799,AMNH-MIF,yes,yes,yes,,1.190,,N.K. Lujan,"tissue tag: t3341, Clade 4"
Siluriformes,Loricarioidei,Loricariidae,Hypostominae,Spectracanthicini,Spectracanthicini,L-,Hps-,Spectracanthicus,punctatissimus,#N/A,#N/A,ANSP_199538,,,,,,ANSP 199538,Spectracanthicus punctatissimus,non-type,head,0.05799,AMNH-MIF,yes,yes,yes,,1.190,,N.K. Lujan,tissue tag: B1521
Siluriformes,Loricarioidei,Loricariidae,Hypostominae,Spectracanthicini,Spectracanthicini,L-,Hps-,Spectracanthicus,zuanoni,#N/A,#N/A,ANSP_193095,,,,,,ANSP 193095,Spectracanthicus zuanoni,non-type,head,0.08934,AMNH-MIF,yes,yes,yes,,1.380,,N.K. Lujan,
Siluriformes,Loricarioidei,Loricariidae,Hypostominae,Clypiini,Stellantini,L-,Hps-,Collosimystax,pectegenitor,#N/A,#N/A,AUM_42130,,,,,,AUM 42130,Colossimystax pectegenitor,HOLOTYPE,whole,0.14314,AMNH-MIF,NA,NA,NA,,3.730,,N.K. Lujan,
Siluriformes,Loricarioidei,Loricariidae,Hypostominae,Clypiini,Stellantini,L-,Hps-,Collosimystax,pectegenitor,#N/A,#N/A,AUM_42130,,,,,,AUM 42130,Colossimystax pectegenitor,HOLOTYPE,head,0.14039,AMNH-MIF,yes,yes,yes,,0.630,,N.K. Lujan,
Siluriformes,Loricarioidei,Loricariidae,Hypostominae,Clypiini,Stellantini,L-,Hps-,Stellantia,sidereus,#N/A,#N/A,AUM_54310,,,,,,AUM 54310,Stellantia sidereus,non-type,head,0.14039,AMNH-MIF,yes,yes,yes,,0.866,,N.K. Lujan,
Siluriformes,Loricarioidei,Loricariidae,Lithogeninae,,,L-,Lit-,Lithogenes,valencia,#N/A,#N/A,CAS_28361,Invertivore-Scraper,,,,,CAS 28361,Lithogenes valencia,PARATYPE,head,0.01071,AMNH-MIF,yes,yes,yes,,5.280,,N.K. Lujan,
Siluriformes,Loricarioidei,Loricariidae,Lithogeninae,,,L-,Lit-,Lithogenes,villosus,#N/A,#N/A,AUM_62934,Invertivore-Scraper,,,,,AUM 62934,Lithogenes villosus,non-type,head,0.01987,AMNH-MIF,yes,yes,yes,,0.579,,N.K. Lujan,
Siluriformes,Loricarioidei,Loricariidae,Lithogeninae,,,L-,Lit-,Lithogenes,wahari,#N/A,#N/A,AMNH_233085,Invertivore-Scraper,,,,,AMNH 233085,Lithogenes wahari,PARATYPE,head,0.03267,AMNH-MIF,yes,yes,yes,,1.170,,N.K. Lujan,
Siluriformes,Loricarioidei,Loricariidae,Lithogeninae,,,L-,Lit-,Lithogenes,wahari,#N/A,#N/A,AMNH_233086,Invertivore-Scraper,,,,,AMNH 233086,Lithogenes wahari,PARATYPE,head,0.00538,AMNH-MIF,yes,yes,yes,,6.610,,N.K. Lujan,
Siluriformes,Loricarioidei,Loricariidae,Loricariinae,Farlowelliina,Farlowelliina,L-,Lrc-,Aposturisoma,myriodon,#N/A,#N/A,MHNG_2710_035,,,,,,MHNG 2710.035,Aposturisoma myriodon,non-type,head,0.04402,AMNH-MIF,yes,yes,yes,,1.020,158.3,N.K. Lujan,
Siluriformes,Loricarioidei,Loricariidae,Loricariinae,Farlowelliina,Farlowelliina,L-,Lrc-,Farlowella,acus,#N/A,#N/A,ANSP_191381,,,,,,ANSP 191381,Farlowella acus,non-type,head,0.02232,Morphosource,yes,yes,yes,,3.060,,Morphosource,
Siluriformes,Loricarioidei,Loricariidae,Loricariinae,Farlowelliina,Farlowelliina,L-,Lrc-,Lamontichthys,filamentosa,#N/A,#N/A,AMNH_12616,,,,,,AMNH 12616,Lamontichthys filamentosa,HOLOTYPE,head,0.04834,AMNH-MIF,yes,yes,yes,,1.020,,N.K. Lujan,
Siluriformes,Loricarioidei,Loricariidae,Loricariinae,Farlowelliina,Farlowelliina,L-,Lrc-,Lamontichthys,filamentosa,#N/A,#N/A,ANSP_181100,,,,,,ANSP 181100,Lamontichthys filamentosa,non-type,head,0.03084,Morphosource,no,yes,yes,,3.830,,Morphosource,
Siluriformes,Loricarioidei,Loricariidae,Loricariinae,Farlowelliina,Farlowelliina,L-,Lrc-,Pterosturisoma,microps,#N/A,#N/A,ANSP_181093,,,,,,ANSP 181093,Pterosturisoma microps,non-type,head,0.04248,AMNH-MIF,yes,yes,yes,,0.697,,N.K. Lujan,
Siluriformes,Loricarioidei,Loricariidae,Loricariinae,Farlowelliina,Farlowelliina,L-,Lrc-,Sturisoma,nigrirostrum,#N/A,#N/A,AMNH_20862,,,,,,AMNH 20862,Sturisoma nigrirostrum,non-type,head,0.08376,AMNH-MIF,NA,NA,NA,,0.241,,N.K. Lujan,
Siluriformes,Loricarioidei,Loricariidae,Loricariinae,Farlowelliina,Farlowelliina,L-,Lrc-,Sturisoma,rostratum,#N/A,#N/A,AMNH_40114,,,,,,AMNH 40114,Sturisoma rostratum,non-type,head,0.02942,AMNH-MIF,yes,yes,yes,,4.360,,N.K. Lujan,
Siluriformes,Loricarioidei,Loricariidae,Loricariinae,Farlowelliina,Farlowelliina,L-,Lrc-,Sturisomatichthys,panamensis,#N/A,#N/A,ROM_106232,,,,,,ROM 106232,Sturisomatichthys panamensis,non-type,head,0.02662,AMNH-MIF,no,yes,yes,,3.390,,N.K. Lujan,
Siluriformes,Loricarioidei,Loricariidae,Loricariinae,Farlowelliina,Farlowelliina,L-,Lrc-,Sturisomatichthys,sp_Baudo,#N/A,#N/A,ROM_COL19_12,,,,,,ROM COL19-12,Sturisomatichthys sp Baudo,non-type,head,0.02373,AMNH-MIF,yes,yes,yes,,10.700,,N.K. Lujan,
Siluriformes,Loricarioidei,Loricariidae,Loricariinae,Harttiini,Harttiini,L-,Lrc-,Cteniloricaria,platystoma,#N/A,#N/A,AMNH_17645,,,,,,AMNH 17645,Cteniloricaria platystoma,non-type,head,0.05929,AMNH-MIF,yes,yes,yes,,0.474,,N.K. Lujan,
Siluriformes,Loricarioidei,Loricariidae,Loricariinae,Harttiini,Harttiini,L-,Lrc-,Cteniloricaria,platystoma,#N/A,#N/A,ANSP_182436,,,,,,ANSP 182436,Cteniloricaria platystoma,non-type,head,0.05559,AMNH-MIF,yes,yes,yes,,0.568,,N.K. Lujan,
Siluriformes,Loricarioidei,Loricariidae,Loricariinae,Harttiini,Harttiini,L-,Lrc-,Harttia,carvalhoi,#N/A,#N/A,ANSP_174088,,,,,,ANSP 174088,Harttia carvalhoi,non-type,head,0.03571,AMNH-MIF,yes,yes,yes,,0.577,,N.K. Lujan,
Siluriformes,Loricarioidei,Loricariidae,Loricariinae,Harttiini,Harttiini,L-,Lrc-,Harttia,merevari,#N/A,#N/A,ANSP_191153,,,,,,ANSP 191153,Harttia merevari,non-type,head,0.03607,AMNH-MIF,yes,yes,yes,,0.696,,N.K. Lujan,
Siluriformes,Loricarioidei,Loricariidae,Loricariinae,Harttiini,Harttiini,L-,Lrc-,Harttia,nsp_Ireng,#N/A,#N/A,AUM_67191,,,,,,AUM 67191,Harttia nsp Ireng,non-type,head,0.01725,AMNH-MIF,yes,yes,yes,,6.570,,N.K. Lujan,
Siluriformes,Loricarioidei,Loricariidae,Loricariinae,Harttiini,Harttiini,L-,Lrc-,Harttiella,longicauda,#N/A,#N/A,ANSP_190961,,,,,,ANSP 190961,Harttiella longicauda,non-type,head,0.01409,Morphosource,yes,yes,yes,,3.650,,Morphosource,
Siluriformes,Loricarioidei,Loricariidae,Loricariinae,Loricariina,Loricariina,L-,Lrc-,Brochiloricaria,chauliodon,#N/A,#N/A,MCP_12430,,,,,,MCP 12430,Brochiloricaria chauliodon,non-type,head,0.07278,AMNH-MIF,yes,yes,yes,,0.737,,N.K. Lujan,
Siluriformes,Loricarioidei,Loricariidae,Loricariinae,Loricariina,Loricariina,L-,Lrc-,Cheilonimata,minuta,#N/A,#N/A,AUM_56760,,,,,,AUM 56760,Cheilonimata minuta,PARATYPE,head,0.01708,Mahler SkyScan,yes,yes,yes,,3.520,,N.K. Lujan,
Siluriformes,Loricarioidei,Loricariidae,Loricariinae,Loricariina,Loricariina,L-,Lrc-,Crossoloricaria,variegata,#N/A,#N/A,ROM_106328,,,,,,ROM 106328,Crossoloricaria variegata,non-type,head,0.05547,AMNH-MIF,yes,yes,yes,,1.780,,N.K. Lujan,
Siluriformes,Loricarioidei,Loricariidae,Loricariinae,Loricariina,Loricariina,L-,Lrc-,Dasyloricaria,filamentosa,#N/A,#N/A,ANSP_205921,,,,,,ANSP 205921,Dasyloricaria filamentosa,non-type,head,0.05559,AMNH-MIF,yes,yes,yes,,0.453,,N.K. Lujan,
Siluriformes,Loricarioidei,Loricariidae,Loricariinae,Loricariina,Loricariina,L-,Lrc-,Dentectus,barbarmatus,#N/A,#N/A,ANSP_160860,,,,,,ANSP 160860,Dentectus barbarmatus,non-type,head,0.02232,Morphosource,yes,yes,yes,,2.880,,Morphosource,
Siluriformes,Loricarioidei,Loricariidae,Loricariinae,Loricariina,Loricariina,L-,Lrc-,Dentectus,barbarmatus,#N/A,#N/A,LACM_43219,,,,,,LACM 43219,Dentectus barbarmatus,non-type,head,0.02500,LACM,no,yes,yes,,0.699,,LACM,
Siluriformes,Loricarioidei,Loricariidae,Loricariinae,Loricariina,Loricariina,L-,Lrc-,Dentectus,barbarmatus,#N/A,#N/A,LACM_43219,,,,,,LACM 43219,Dentectus barbarmatus,non-type,whole,0.03500,LACM,NA,NA,NA,,1.050,,LACM,
Siluriformes,Loricarioidei,Loricariidae,Loricariinae,Loricariina,Loricariina,L-,Lrc-,Fonchiiloricaria,nanodon,#N/A,#N/A,MHNG_2603_015,,,,,,MHNG 2603.015,Fonchiiloricaria nanodon,PARATYPE,head,0.04402,AMNH-MIF,yes,yes,yes,,1.970,149.1,N.K. Lujan,
Siluriformes,Loricarioidei,Loricariidae,Loricariinae,Loricariina,Loricariina,L-,Lrc-,Furcodontichthys,novaesi,#N/A,#N/A,ANSP_192954,,,,,,ANSP 192954,Furcodontichthys novaesi,non-type,head,0.02640,AMNH-MIF,yes,yes,yes,,5.190,,N.K. Lujan,
Siluriformes,Loricarioidei,Loricariidae,Loricariinae,Loricariina,Loricariina,L-,Lrc-,Furcodontichthys,novaesi,#N/A,#N/A,ANSP_192956,,,,,,ANSP 192956,Furcodontichthys novaesi,non-type,head,0.03571,AMNH-MIF,no,yes,yes,,0.514,,N.K. Lujan,
Siluriformes,Loricarioidei,Loricariidae,Loricariinae,Loricariina,Loricariina,L-,Lrc-,Hemiodontichthys,acipenserinus,#N/A,#N/A,ANSP_192919,,,,,,ANSP 192919,Hemiodontichthys acipenserinus,non-type,head,0.02663,Morphosource,yes,yes,yes,,2.500,,Morphosource,
Siluriformes,Loricarioidei,Loricariidae,Loricariinae,Loricariina,Loricariina,L-,Lrc-,Limatulichthys,griseus,#N/A,#N/A,AMNH_72059,,,,,,AMNH 72059,Limatulichthys griseus,non-type,head,0.03068,AMNH-MIF,yes,yes,yes,,0.526,,N.K. Lujan,
Siluriformes,Loricarioidei,Loricariidae,Loricariinae,Loricariina,Loricariina,L-,Lrc-,Loricaria,cataphracta,#N/A,#N/A,AMNH_73015,,,,,,AMNH 73015,Loricaria cataphracta,non-type,head,0.04165,AMNH-MIF,yes,yes,yes,,0.900,,N.K. Lujan,
Siluriformes,Loricarioidei,Loricariidae,Loricariinae,Loricariina,Loricariina,L-,Lrc-,Loricaria,clavipinna,#N/A,#N/A,ANSP_178472,,,,,,ANSP 178472,Loricaria clavipinna,non-type,head,0.03082,Morphosource,yes,yes,yes,,3.000,,Morphosource,
Siluriformes,Loricarioidei,Loricariidae,Loricariinae,Loricariina,Loricariina,L-,Lrc-,Loricaria,sp_Orinoco,#N/A,#N/A,ROM_93335,,,,,,ROM 93335,Loricaria sp Orinoco,non-type,head,0.04517,AMNH-MIF,yes,yes,yes,,2.550,,N.K. Lujan,
Siluriformes,Loricarioidei,Loricariidae,Loricariinae,Loricariina,Loricariina,L-,Lrc-,Loricariichthys,acutus,#N/A,#N/A,ROM_PER23_05,,,,,,ROM PER23-05,Loricariichthys acutus,non-type,head,0.02313,Mahler SkyScan,no,yes,yes,,3.210,,N.K. Lujan,
Siluriformes,Loricarioidei,Loricariidae,Loricariinae,Loricariina,Loricariina,L-,Lrc-,Loricariichthys,nsp_Orinoco,#N/A,#N/A,ANSP_131614,,,,,,ANSP 131614,Loricariichthys brunneus,non-type,head,0.02663,Morphosource,yes,yes,yes,,3.110,,Morphosource,
Siluriformes,Loricarioidei,Loricariidae,Loricariinae,Loricariina,Loricariina,L-,Lrc-,Loricariichthys,stuebelii,#N/A,#N/A,ROM_PERJ22_08,,,,,,ROM PERJ22-08,Loricariichthys stuebelii,non-type,head,0.02313,Mahler SkyScan,no,yes,yes,,3.210,,N.K. Lujan,
Siluriformes,Loricarioidei,Loricariidae,Loricariinae,Loricariina,Loricariina,L-,Lrc-,Metaloricaria,nijsseni,#N/A,#N/A,AMNH_54965,,,,,,AMNH 54965,Metaloricaria nijsseni,non-type,head,0.04165,AMNH-MIF,yes,yes,yes,,0.807,,N.K. Lujan,
Siluriformes,Loricarioidei,Loricariidae,Loricariinae,Loricariina,Loricariina,L-,Lrc-,Metaloricaria,nijsseni,#N/A,#N/A,ROM_102381,,,,,,ROM 102381,Metaloricaria nijsseni,non-type,head,0.04517,AMNH-MIF,no,yes,yes,,2.550,,N.K. Lujan,
Siluriformes,Loricarioidei,Loricariidae,Loricariinae,Loricariina,Loricariina,L-,Lrc-,Metaloricaria,paucidens,#N/A,#N/A,ANSP_187327,,,,,,ANSP 187327,Metaloricaria paucidens,non-type,head,0.06666,AMNH-MIF,no,yes,yes,,0.811,,N.K. Lujan,
Siluriformes,Loricarioidei,Loricariidae,Loricariinae,Loricariina,Loricariina,L-,Lrc-,Paraloricaria,vetula,#N/A,#N/A,ANSP_193971,,,,,,ANSP 193971,Paraloricaria vetula,non-type,head,0.06666,AMNH-MIF,yes,yes,yes,,0.802,,N.K. Lujan,
Siluriformes,Loricarioidei,Loricariidae,Loricariinae,Loricariina,Loricariina,L-,Lrc-,Planiloricaria,cryptodon,#N/A,#N/A,ANSP_191512,,,,,,ANSP 191512,Planiloricaria cryptodon,non-type,head,0.03084,Morphosource,yes,yes,yes,,4.130,,Morphosource,
Siluriformes,Loricarioidei,Loricariidae,Loricariinae,Loricariina,Loricariina,L-,Lrc-,Proloricaria,prolixa,#N/A,#N/A,MHNG_2407_065,,,,,,MHNG 2407.065,Proloricaria prolixa,non-type,head,0.10234,AMNH-MIF,yes,yes,yes,,2.330,395.0,N.K. Lujan,
Siluriformes,Loricarioidei,Loricariidae,Loricariinae,Loricariina,Loricariina,L-,Lrc-,Pseudohemiodon,platycephalus,#N/A,#N/A,MCP_15738,,,,,,MCP 15738,Pseudohemiodon platycephalus,non-type,head,0.04425,AMNH-MIF,no,yes,yes,,0.658,,N.K. Lujan,
Siluriformes,Loricarioidei,Loricariidae,Loricariinae,Loricariina,Loricariina,L-,Lrc-,Pseudohemiodon,unillanos,#N/A,#N/A,AUM_39898,,,,,,AUM 39898,Pseudohemiodon unillanos,non-type,head,0.05825,AMNH-MIF,yes,yes,yes,,1.220,,N.K. Lujan,
Siluriformes,Loricarioidei,Loricariidae,Loricariinae,Loricariina,Loricariina,L-,Lrc-,Pseudoloricara,laeviuscula,#N/A,#N/A,ROM_88280,,,,,,ROM 88280,Pseudoloricaria laeviuscula,non-type,head,0.02662,AMNH-MIF,yes,yes,yes,,3.490,,N.K. Lujan,
Siluriformes,Loricarioidei,Loricariidae,Loricariinae,Loricariina,Loricariina,L-,Lrc-,Pyxiloricaria,menezesi,#N/A,#N/A,CAS_ICH_12695,,,,,,CAS-ICH 12695,Pyxiloricaria menezesi,non-type,head,0.05349,AMNH-MIF,yes,yes,yes,,1.280,,N.K. Lujan,
Siluriformes,Loricarioidei,Loricariidae,Loricariinae,Loricariina,Loricariina,L-,Lrc-,Reganella,depressa,#N/A,#N/A,ANSP_190978,,,,,,ANSP 190978,Reganella depressa,non-type,head,0.05586,AMNH-MIF,yes,yes,yes,,0.322,,N.K. Lujan,
Siluriformes,Loricarioidei,Loricariidae,Loricariinae,Loricariina,Loricariina,L-,Lrc-,Rhadinoloricaria,bahuaja,#N/A,#N/A,ANSP_180793,,,,,,ANSP 180793,Rhadinoloricaria bahuaja,non-type,head,0.04248,AMNH-MIF,no,yes,yes,,0.704,,N.K. Lujan,
Siluriformes,Loricarioidei,Loricariidae,Loricariinae,Loricariina,Loricariina,L-,Lrc-,Rhadinoloricaria,bahuaja,#N/A,#N/A,TCWC_15249,,,,,,TCWC 15249,Rhadinoloricaria bahuaja,non-type,head,0.04812,Morphosource,yes,yes,yes,,3.950,,Morphosource,
Siluriformes,Loricarioidei,Loricariidae,Loricariinae,Loricariina,Loricariina,L-,Lrc-,Ricola,macrops,#N/A,#N/A,MCP_14067,,,,,,MCP 14067,Ricola macrops,non-type,head,0.06890,AMNH-MIF,yes,yes,yes,,0.381,,N.K. Lujan,
Siluriformes,Loricarioidei,Loricariidae,Loricariinae,Loricariina,Loricariina,L-,Lrc-,Rineloricaria,cf_fallax,#N/A,#N/A,AMNH_54892,,,,,,AMNH 54892,Rineloricaria cf fallax,non-type,head,0.02245,AMNH-MIF,no,yes,yes,,1.680,,N.K. Lujan,
Siluriformes,Loricarioidei,Loricariidae,Loricariinae,Loricariina,Loricariina,L-,Lrc-,Rineloricaria,lanceolata,#N/A,#N/A,AMNH_233266,,,,,,AMNH 233266,Rineloricaria lanceolata,non-type,head,0.03068,AMNH-MIF,yes,yes,yes,,0.631,,N.K. Lujan,
Siluriformes,Loricarioidei,Loricariidae,Loricariinae,Loricariina,Loricariina,L-,Lrc-,Spatuloricaria,evansi,#N/A,#N/A,AMNH_12611,,,,,,AMNH 12611,Spatuloricaria evansi,non-type,head,0.05929,AMNH-MIF,yes,yes,yes,,0.605,,N.K. Lujan,
Siluriformes,Loricarioidei,Loricariidae,New Subfamily,,,L-,NSF-,NewGenus,genisetiger,#N/A,#N/A,ANSP_69441,,,,,,ANSP 69441,Pseudancistrus genisetiger,HOLOTYPE,whole,0.05504,AMNH-MIF,yes,yes,yes,,24.450,,"N.K. Lujan, S.A. Schaefer",
Siluriformes,Loricarioidei,Loricariidae,New Subfamily,,,L-,NSF-,NewGenus,papariae,#N/A,#N/A,ANSP_69442,,,,,,ANSP 69442,Pseudancistrus papariae,HOLOTYPE,whole,0.05504,AMNH-MIF,no,yes,yes,,24.450,,"N.K. Lujan, S.A. Schaefer",
Siluriformes,Loricarioidei,Loricariidae,Rhinelepinae,,,L-,Rhi-,Pogonopoma,obscurum,#N/A,#N/A,MCP_20407,,,,,,MCP 20407,Pogonopoma obscurum,non-type,head,0.09165,AMNH-MIF,yes,yes,yes,,0.838,,N.K. Lujan,
Siluriformes,Loricarioidei,Loricariidae,Rhinelepinae,,,L-,Rhi-,Pogonopoma,parahybae,#N/A,#N/A,MCP_31468,,,,,,MCP 31468,Pogonopoma parahybae,non-type,head,0.10801,AMNH-MIF,yes,yes,yes,,1.820,,N.K. Lujan,
Siluriformes,Loricarioidei,Loricariidae,Rhinelepinae,,,L-,Rhi-,Pseudorinelepis,genibarbus,#N/A,#N/A,UF_162116,,,,,,UF 162116,Pseudorinelepis genibarbus,non-type,head,0.06505,AMNH-MIF,yes,yes,yes,,2.700,,N.K. Lujan,
Siluriformes,Loricarioidei,Loricariidae,Rhinelepinae,,,L-,Rhi-,Rhinelepis,aspera,#N/A,#N/A,AMNH_58332,,,,,,AMNH 58332,Rhinelepis aspera,non-type,head,0.05819,AMNH-MIF,yes,yes,yes,,1.300,,N.K. Lujan,
Siluriformes,Loricarioidei,Nematogenyidae,,,,N-,Nem-,Nematogenys,inermis,#N/A,#N/A,AMNH_55329,,,,,,AMNH 55329,Nematogenys inermis,non-type,head,0.05384,AMNH-MIF,no,yes,yes,,0.395,,N.K. Lujan,
Siluriformes,Loricarioidei,Nematogenyidae,,,,N-,Nem-,Nematogenys,inermis,#N/A,#N/A,MNRJ_22015,,,,,,MNRJ 22015,Nematogenys inermis,non-type,head,0.07790,Digimorph,yes,yes,yes,,0.963,,Digimorph,
Siluriformes,Loricarioidei,Scoloplacidae,,,,S-,Sco-,Scoloplax,dicra,#N/A,#N/A,AMNH_32483,Invertivore-Micro,,,,,AMNH 32483,Scoloplax dicra,PARALECTOTYPE,head,0.00969,AMNH-MIF,yes,yes,yes,,0.827,,N.K. Lujan,
Siluriformes,Loricarioidei,Scoloplacidae,,,,S-,Sco-,Scoloplax,distolothrix,#N/A,#N/A,USNM_300465,Invertivore-Micro,,,,,USNM 300465,Scoloplax distolothrix,non-type,head,0.00967,AMNH-MIF,NA,NA,NA,,1.470,,N.K. Lujan,
Siluriformes,Loricarioidei,Scoloplacidae,,,,S-,Sco-,Scoloplax,distolothrix,#N/A,#N/A,USNM_300465,Invertivore-Micro,,,,,USNM 300465,Scoloplax distolothrix,non-type,head,0.00946,AMNH-MIF,no,yes,yes,,0.347,,N.K. Lujan,
Siluriformes,Loricarioidei,Scoloplacidae,,,,S-,Sco-,Scoloplax,nsp,#N/A,#N/A,ROM_PER22_09_T31379,Invertivore-Micro,,,,,ROM PER22-09: T31379,Scoloplax nsp,HOLOTYPE,whole,0.00641,Mahler SkyScan,yes,yes,yes,,1.090,,N.K. Lujan,
Siluriformes,Loricarioidei,Trichomycteridae,Copionodontinae,,,T-,Cop-,Copionodon,pecten,#N/A,#N/A,ANSP_201230,Algivore,,,,,ANSP 201230,Copionodon pecten,non-type,head,0.01614,Morphosource,yes,yes,yes,,0.863,,Morphosource,
Siluriformes,Loricarioidei,Trichomycteridae,Copionodontinae,,,T-,Cop-,Copionodon,pecten,#N/A,#N/A,MZUSP_48962,Algivore,,,,,MZUSP 48962,Copionodon pecten,non-type,head,0.00622,AMNH-MIF,yes,yes,yes,,6.370,,N.K. Lujan,
Siluriformes,Loricarioidei,Trichomycteridae,Copionodontinae,,,T-,Cop-,Glaphyropoma,rodriguesi,#N/A,#N/A,MZUSP_42465,Algivore,,,,,MZUSP 42465,Glaphyropoma rodriguesi,HOLOTYPE,head,0.00859,MZUSP,yes,yes,yes,,7.880,,M. DePinna,
Siluriformes,Loricarioidei,Trichomycteridae,Glanapteryginae,,,T-,Gla-,Glanapteryx,anguilla,#N/A,#N/A,ANSP_164291,Invertivore-Micro,Sand-Under,,,,ANSP 164291,Glanapteryx anguilla,non-type,head,0.00374,Morphosource,yes,yes,yes,,3.810,,Morphosource,
Siluriformes,Loricarioidei,Trichomycteridae,Glanapteryginae,,,T-,Gla-,Pygidianops,cuao,#N/A,#N/A,AMNH_240674,Invertivore-Micro,Sand-Under,,,,AMNH 240674,Pygidianops cuao,non-type,head,0.00189,AMNH-MIF,NA,NA,NA,,4.960,,N.K. Lujan,
Siluriformes,Loricarioidei,Trichomycteridae,Glanapteryginae,,,T-,Gla-,Pygidianops,cuao,#N/A,#N/A,AMNH_240674,Invertivore-Micro,Sand-Under,,,,AMNH 240674,Pygidianops cuao,non-type,head,0.01176,AMNH-MIF,yes,yes,yes,,1.040,,N.K. Lujan,
Siluriformes,Loricarioidei,Trichomycteridae,Glanapteryginae,,,T-,Gla-,Pygidianops,eigenmanni,#N/A,#N/A,ANSP_179820,Invertivore-Micro,Sand-Under,,,,ANSP 179820,Pygidianops eigenmanni,non-type,head,0.00383,Morphosource,yes,yes,yes,,3.330,,Morphosource,
Siluriformes,Loricarioidei,Trichomycteridae,Glanapteryginae,,,T-,Gla-,Pygidianops,sp_deep,#N/A,#N/A,ROM_94715,Invertivore-Micro,Sand-Under,,,,ROM 94715,Pygidianops sp deep,non-type,whole,0.00564,AMNH-MIF,NA,NA,NA,,80.300,,N.K. Lujan,two specimens in scan
Siluriformes,Loricarioidei,Trichomycteridae,Glanapteryginae,,,T-,Gla-,Pygidianops,sp_deep,#N/A,#N/A,ROM_94715,Invertivore-Micro,Sand-Under,,,,ROM 94715,Pygidianops sp deep,non-type,whole,0.00564,AMNH-MIF,NA,NA,NA,,62.400,,N.K. Lujan,
Siluriformes,Loricarioidei,Trichomycteridae,Glanapteryginae,,,T-,Gla-,Pygidianops,sp_deep,#N/A,#N/A,ROM_94715,Invertivore-Micro,Sand-Under,,,,ROM 94715,Pygidianops sp deep,non-type,head,0.00215,AMNH-MIF,yes,yes,yes,,9.930,,N.K. Lujan,
Siluriformes,Loricarioidei,Trichomycteridae,Glanapteryginae,,,T-,Gla-,Pygidianops,sp_slender,#N/A,#N/A,ROM_94716,Invertivore-Micro,Sand-Under,,,,ROM 94716,Pygidianops sp slender,non-type,whole,0.00327,AMNH-MIF,NA,NA,NA,,75.000,,N.K. Lujan,
Siluriformes,Loricarioidei,Trichomycteridae,Glanapteryginae,,,T-,Gla-,Pygidianops,sp_slender,#N/A,#N/A,ROM_94716,Invertivore-Micro,Sand-Under,,,,ROM 94716,Pygidianops sp slender,non-type,head,0.00142,AMNH-MIF,yes,yes,yes,,5.860,,N.K. Lujan,
Siluriformes,Loricarioidei,Trichomycteridae,Glanapteryginae,,,T-,Gla-,Typhlobelus,auriculatus,#N/A,#N/A,ANSP_200334,Invertivore-Micro,Sand-Under,,,,ANSP 200334,Typhlobelus auriculatus,non-type,head,0.00379,Morphosource,yes,yes,yes,,2.210,,Morphosource,
Siluriformes,Loricarioidei,Trichomycteridae,Glanapteryginae,,,T-,Gla-,Typhlobelus,guacamaya,#N/A,#N/A,AMNH_240673,Invertivore-Micro,Sand-Under,,,,AMNH 240673,Typhlobelus guacamaya,non-type,head,0.01176,AMNH-MIF,yes,yes,yes,,1.040,,N.K. Lujan,
Siluriformes,Loricarioidei,Trichomycteridae,Microcambevinae,,,T-,Mcv-,Listrura,picinguabae,#N/A,#N/A,MCP_38921,Invertivore-Micro,Sand-Under,,,,MCP 38921,Listrura picinguabae,non-type,head,0.00512,AMNH-MIF,yes,yes,yes,,1.660,,N.K. Lujan,
Siluriformes,Loricarioidei,Trichomycteridae,Microcambevinae,,,T-,Mcv-,Microcambeva,barbata,#N/A,#N/A,LBP_21985,Invertivore-Micro,Sand-Under,,,,LBP 21985,Microcambeva barbata,non-type,head,0.00469,AMNH-MIF,yes,yes,yes,,1.290,,N.K. Lujan,
Siluriformes,Loricarioidei,Trichomycteridae,Sarcoglanidinae,,,T-,Sar-,Ammoglanis,amapaensis,#N/A,#N/A,ANSP_208058,Invertivore-Micro,Sand-Under,,,,ANSP 208058,Ammoglanis amapaensis,non-type,head,0.00422,AMNH-MIF,yes,yes,yes,,1.730,,"N.K. Lujan, E. Henschel, J. Baskin",
Siluriformes,Loricarioidei,Trichomycteridae,Sarcoglanidinae,,,T-,Sar-,Ammoglanis,diaphanus,#N/A,#N/A,ANSP_187246,Invertivore-Micro,Sand-Under,,,,ANSP 187246,Ammoglanis diaphanus,non-type,head,0.00368,AMNH-MIF,yes,yes,yes,,1.340,,"N.K. Lujan, E. Henschel, J. Baskin",
Siluriformes,Loricarioidei,Trichomycteridae,Sarcoglanidinae,,,T-,Sar-,Ammoglanis,natgeorum,#N/A,#N/A,AUM_54138,Invertivore-Micro,Sand-Under,,,,AUM 54138,Ammoglanis natgeorum,PARATYPE,head,0.00969,AMNH-MIF,NA,NA,NA,,0.827,,"N.K. Lujan, E. Henschel, J. Baskin",
Siluriformes,Loricarioidei,Trichomycteridae,Sarcoglanidinae,,,T-,Sar-,Ammoglanis,natgeorum,#N/A,#N/A,ROM_110299,Invertivore-Micro,Sand-Under,,,,ROM 110299,Ammoglanis natgeorum,PARATYPE,whole,0.00326,AMNH-MIF,NA,NA,NA,,14.900,,"N.K. Lujan, E. Henschel, J. Baskin",
Siluriformes,Loricarioidei,Trichomycteridae,Sarcoglanidinae,,,T-,Sar-,Ammoglanis,natgeorum,#N/A,#N/A,ROM_110299,Invertivore-Micro,Sand-Under,,,,ROM 110299,Ammoglanis natgeorum,PARATYPE,head,0.00294,AMNH-MIF,yes,yes,yes,,1.760,,"N.K. Lujan, E. Henschel, J. Baskin",this specimen previously identified by tissue # T09883
Siluriformes,Loricarioidei,Trichomycteridae,Sarcoglanidinae,,,T-,Sar-,Ammoglanis,pulex,#N/A,#N/A,CAS_98921,Invertivore-Micro,Sand-Under,,,,CAS 98921,Ammoglanis pulex,PARATYPE,whole,0.00299,AMNH-MIF,NA,NA,NA,,14.800,,"N.K. Lujan, E. Henschel, J. Baskin",
Siluriformes,Loricarioidei,Trichomycteridae,Sarcoglanidinae,,,T-,Sar-,Ammoglanis,pulex,#N/A,#N/A,CAS_98921,Invertivore-Micro,Sand-Under,,,,CAS 98921,Ammoglanis pulex,PARATYPE,head,0.00278,AMNH-MIF,yes,yes,yes,,1.380,,"N.K. Lujan, E. Henschel, J. Baskin",
Siluriformes,Loricarioidei,Trichomycteridae,Sarcoglanidinae,,,T-,Sar-,Malacoglanis,gelatinosus,#N/A,#N/A,CAS_SU_50754,Invertivore-Micro,Sand-Under,,,,CAS-SU 50754,Malacoglanis gelatinosus,HOLOTYPE,whole,0.00336,AMNH-MIF,NA,NA,NA,,97.600,,"N.K. Lujan, J. Baskin, S. A. Schaefer",
Siluriformes,Loricarioidei,Trichomycteridae,Sarcoglanidinae,,,T-,Sar-,Malacoglanis,gelatinosus,#N/A,#N/A,CAS_SU_50754,Invertivore-Micro,Sand-Under,,,,CAS-SU 50754,Malacoglanis gelatinosus,HOLOTYPE,head,0.00336,AMNH-MIF,yes,yes,yes,,16.100,,"N.K. Lujan, J. Baskin, S. A. Schaefer",
Siluriformes,Loricarioidei,Trichomycteridae,Sarcoglanidinae,,,T-,Sar-,Malacoglanis,sp_Aguarico,#N/A,#N/A,ROM_ECU21_12_T28667,Invertivore-Micro,Sand-Under,,,,ROM ECU21-12: T28667,Malacoglanis sp Aguarico,non-type,whole,0.00641,Mahler SkyScan,yes,yes,yes,,4.070,,N.K. Lujan,
Siluriformes,Loricarioidei,Trichomycteridae,Sarcoglanidinae,,,T-,Sar-,Malacoglanis,sp_Meta,#N/A,#N/A,CZUT_IC_15543,Invertivore-Micro,Sand-Under,,,,CZUT-IC 15543,Malacoglanis sp Meta,HOLOTYPE,whole,0.00605,Mahler SkyScan,yes,yes,yes,,35.500,,"N.K. Lujan, F. Villa",
Siluriformes,Loricarioidei,Trichomycteridae,Sarcoglanidinae,,,T-,Sar-,Malacoglanis,sp_Napo,#N/A,#N/A,FMNH_98520,Invertivore-Micro,Sand-Under,,,,FMNH 98520,Malacoglanis sp Napo,non-type,whole,0.00441,AMNH-MIF,NA,NA,NA,,75.100,,N.K. Lujan,
Siluriformes,Loricarioidei,Trichomycteridae,Sarcoglanidinae,,,T-,Sar-,Malacoglanis,sp_Napo,#N/A,#N/A,FMNH_98520,Invertivore-Micro,Sand-Under,,,,FMNH 98520,Malacoglanis sp Napo,non-type,whole,0.00699,AMNH-MIF,NA,NA,yes,,10.300,,"N.K. Lujan, J. Baskin, S. A. Schaefer",
Siluriformes,Loricarioidei,Trichomycteridae,Sarcoglanidinae,,,T-,Sar-,Malacoglanis,sp_Napo,#N/A,#N/A,FMNH_98520,Invertivore-Micro,Sand-Under,,,,FMNH 98520,Malacoglanis sp Napo,non-type,head,0.00656,AMNH-MIF,yes,yes,yes,,10.400,,"N.K. Lujan, J. Baskin, S. A. Schaefer",
Siluriformes,Loricarioidei,Trichomycteridae,Sarcoglanidinae,,,T-,Sar-,Potamoglanis,cf_wapixana,#N/A,#N/A,AUM_49858,Invertivore-Micro,,,,,AUM 49858,Potamoglanis cf wapixana,non-type,head,0.01040,AMNH-MIF,yes,yes,yes,,0.148,,N.K. Lujan,
Siluriformes,Loricarioidei,Trichomycteridae,Sarcoglanidinae,,,T-,Sar-,Potamoglanis,sp_Madeira,#N/A,#N/A,MCP_36220,Invertivore-Micro,,,,,MCP 36220,Potamoglanis sp Madeira,non-type,head,0.00206,AMNH-MIF,yes,yes,yes,,4.720,,N.K. Lujan,
Siluriformes,Loricarioidei,Trichomycteridae,Sarcoglanidinae,,,T-,Sar-,Potamoglanis,sp_Suriname,#N/A,#N/A,ROM_98171,Invertivore-Micro,,,,,ROM 98171,Potamoglanis sp Suriname,PARATYPE,whole,0.00936,UMMZ,yes,yes,yes,,3.850,,"N.K.Lujan, H. Lopez Fernandez",two specimens in scan
Siluriformes,Loricarioidei,Trichomycteridae,Sarcoglanidinae,,,T-,Sar-,Sarcoglanis,nsp_Rewa,#N/A,#N/A,UMMZ_250490,Invertivore-Micro,,,,,UMMZ 250490,Sarcoglanis nsp Rewa,PARATYPE,whole,0.01069,UMMZ,yes,yes,yes,,2.070,,"N.K.Lujan, H. Lopez Fernandez",
Siluriformes,Loricarioidei,Trichomycteridae,Sarcoglanidinae,,,T-,Sar-,Sarcoglanis,simplex,#N/A,#N/A,CAS_SU_50189,Invertivore-Micro,,,,,CAS-SU 50189,Sarcoglanis simplex,HOLOTYPE,whole,0.00362,AMNH-MIF,NA,NA,NA,,92.900,,"N.K. Lujan, J. Baskin, S. A. Schaefer",
Siluriformes,Loricarioidei,Trichomycteridae,Sarcoglanidinae,,,T-,Sar-,Sarcoglanis,simplex,#N/A,#N/A,CAS_SU_50189,Invertivore-Micro,,,,,CAS-SU 50189,Sarcoglanis simplex,HOLOTYPE,head,0.00362,AMNH-MIF,yes,yes,yes,,9.560,,"N.K. Lujan, J. Baskin, S. A. Schaefer",
Siluriformes,Loricarioidei,Trichomycteridae,Sarcoglanidinae,,,T-,Sar-,Sarcoglanis,sp_Orinoco,#N/A,#N/A,AMNH_232972,Invertivore-Micro,,,,,AMNH 232972,Sarcoglanis sp Orinoco,non-type,whole,0.00338,AMNH-MIF,NA,NA,NA,,70.900,,N.K. Lujan,
Siluriformes,Loricarioidei,Trichomycteridae,Sarcoglanidinae,,,T-,Sar-,Sarcoglanis,sp_Orinoco,#N/A,#N/A,AMNH_232972,Invertivore-Micro,,,,,AMNH 232972,Sarcoglanis sp Orinoco,non-type,head,0.00856,AMNH-MIF,yes,yes,yes,,1.520,,"N.K. Lujan, J. Baskin, S. A. Schaefer",
Siluriformes,Loricarioidei,Trichomycteridae,Sarcoglanidinae,,,T-,Sar-,Sarcoglanis,sp_Takutu,#N/A,#N/A,AUM_35885,Invertivore-Micro,,,,,AUM 35885,Sarcoglanis sp Takutu,non-type,whole,0.00364,AMNH-MIF,NA,NA,NA,,71.900,,N.K. Lujan,
Siluriformes,Loricarioidei,Trichomycteridae,Sarcoglanidinae,,,T-,Sar-,Sarcoglanis,sp_Takutu,#N/A,#N/A,AUM_38878,Invertivore-Micro,,,,,AUM 38878,Sarcoglanis sp Takutu,non-type,head,0.01040,AMNH-MIF,yes,yes,yes,,0.268,,"N.K. Lujan, J. Baskin, S. A. Schaefer",
Siluriformes,Loricarioidei,Trichomycteridae,Sarcoglanidinae,,,T-,Sar-,Stauroglanis,gouldingi,#N/A,#N/A,LBP_3159,Invertivore-Micro,,,,,LBP 3159,Stauroglanis gouldingi,non-type,head,0.00490,AMNH-MIF,yes,yes,yes,,1.470,,N.K. Lujan,
Siluriformes,Loricarioidei,Trichomycteridae,Sarcoglanidinae,,,T-,Sar-,Stenolicmus,ix,#N/A,#N/A,USNM_409756,Invertivore-Micro,,,,,USNM 409756,Stenolicmus ix,non-type,head,0.00475,AMNH-MIF,yes,yes,yes,,1.310,,N.K. Lujan,
Siluriformes,Loricarioidei,Trichomycteridae,Stegophilinae,,,T-,Ste-,Acanthopoma,annectens,#N/A,#N/A,ANSP_181146,Parasitic-Scalefeeder,,,,,ANSP 181146,Acanthopoma annectens,non-type,head,0.03488,Morphosource,yes,yes,yes,,0.443,104.0,Morphosource,
Siluriformes,Loricarioidei,Trichomycteridae,Stegophilinae,,,T-,Ste-,Apomatoceros,alleni,#N/A,#N/A,ANSP_181148,Parasitic-Scalefeeder,,,,,ANSP 181148,Apomatoceros alleni,non-type,head,0.03058,AMNH-MIF,yes,yes,yes,,0.418,,N.K. Lujan,
Siluriformes,Loricarioidei,Trichomycteridae,Stegophilinae,,,T-,Ste-,Stegophilinae,New_Genus,#N/A,#N/A,AOL_1199,Parasitic-Scalefeeder,,,,,ROM 112325 - AOL 1199,Arhinoglanis relictus,PARATYPE,whole,0.00605,Mahler SkyScan,yes,yes,yes,,43.500,,"N.K. Lujan, A. Ortega-Lara, C. Donascimiento",
Siluriformes,Loricarioidei,Trichomycteridae,Stegophilinae,,,T-,Ste-,Haemomaster,venezuelae_Ventuari,#N/A,#N/A,ANSP_197525,Parasitic-Scalefeeder,,,,,ANSP 197525,Haemomaster venezuelae Ventuari,non-type,head,0.00853,AMNH-MIF,yes,yes,yes,,8.040,,N.K. Lujan,
Siluriformes,Loricarioidei,Trichomycteridae,Stegophilinae,,,T-,Ste-,Haemomaster,venezuelae_Ventuari,#N/A,#N/A,AUM_40976,Parasitic-Scalefeeder,,,,,AUM 40976,Haemomaster venezuelae Ventuari,non-type,whole,0.00676,Mahler SkyScan,NA,NA,NA,,15.150,,N.K. Lujan,
Siluriformes,Loricarioidei,Trichomycteridae,Stegophilinae,,,T-,Ste-,Haemomaster,venezuelae_Ventuari,#N/A,#N/A,AUM_40976,Parasitic-Scalefeeder,,,,,AUM 40976,Haemomaster venezuelae Ventuari,non-type,head,0.00676,Mahler SkyScan,yes,yes,yes,,1.490,,N.K. Lujan,
Siluriformes,Loricarioidei,Trichomycteridae,Stegophilinae,,,T-,Ste-,Henonemus,intermedius,#N/A,#N/A,AMNH_20884,Parasitic-Scalefeeder,,,,,AMNH 20884,Henonemus intermedius,non-type,head,0.03488,AMNH-MIF,NA,NA,NA,,0.314,,N.K. Lujan,
Siluriformes,Loricarioidei,Trichomycteridae,Stegophilinae,,,T-,Ste-,Henonemus,intermedius,#N/A,#N/A,AMNH_20884,Parasitic-Scalefeeder,,,,,AMNH 20884,Henonemus intermedius,non-type,head,0.02760,AMNH-MIF,yes,yes,yes,,0.286,,N.K. Lujan,
Siluriformes,Loricarioidei,Trichomycteridae,Stegophilinae,,,T-,Ste-,Homodiaetus,anisitsi,#N/A,#N/A,ANSP_168835,Parasitic-Scalefeeder,,,,,ANSP 168835,Homodiaetus anisitsi,non-type,head,0.00341,AMNH-MIF,yes,yes,yes,,6.920,,N.K. Lujan,
Siluriformes,Loricarioidei,Trichomycteridae,Stegophilinae,,,T-,Ste-,Homodiaetus,anisitsi,#N/A,#N/A,CAS_37276,Parasitic-Scalefeeder,,,,,CAS 37276,Homodiaetus anisitsi,HOLOTYPE,head,0.00460,AMNH-MIF,yes,yes,yes,,4.620,,N.K. Lujan,
Siluriformes,Loricarioidei,Trichomycteridae,Stegophilinae,,,T-,Ste-,Megalocentor,echthrus,#N/A,#N/A,AMNH_94438,Parasitic-Scalefeeder,,,,,AMNH 94438,Megalocentor echthrus,PARATYPE,head,0.01964,AMNH-MIF,yes,yes,yes,,1.370,,N.K. Lujan,
Siluriformes,Loricarioidei,Trichomycteridae,Stegophilinae,,,T-,Ste-,Megalocentor,echthrus,#N/A,#N/A,MCP_30646,Parasitic-Scalefeeder,,,,,MCP 30646,Megalocentor echthrus,non-type,head,0.03071,AMNH-MIF,yes,yes,yes,,0.392,,N.K. Lujan,
Siluriformes,Loricarioidei,Trichomycteridae,Stegophilinae,,,T-,Ste-,Ochmacanthus,alternus,#N/A,#N/A,AMNH_98093,Parasitic-Scalefeeder,,,,,AMNH 98093,Ochmacanthus alternus,non-type,head,0.00747,AMNH-MIF,yes,yes,yes,,2.240,,N.K. Lujan,
Siluriformes,Loricarioidei,Trichomycteridae,Stegophilinae,,,T-,Ste-,Ochmacanthus,flabelliferus,#N/A,#N/A,UMMZ_251611b,Parasitic-Scalefeeder,,,,,UMMZ 251611,Ochmacanthus flabelliferus,non-type,head,0.01243,UMMZ,yes,yes,yes,,5.690,,"N.K.Lujan, H. Lopez Fernandez",
Siluriformes,Loricarioidei,Trichomycteridae,Stegophilinae,,,T-,Ste-,Ochmacanthus,nsp_Guyana,#N/A,#N/A,UMMZ_251611a,Parasitic-Scalefeeder,,,,,UMMZ 254163,Ochmacanthus nsp Guyana,PARATYPE,head,0.01117,UMMZ,yes,yes,yes,,7.320,,"N.K.Lujan, H. Lopez Fernandez",
Siluriformes,Loricarioidei,Trichomycteridae,Stegophilinae,,,T-,Ste-,Pareiodon,microps,#N/A,#N/A,AMNH_239180,Carrion-feeder,,,,,AMNH 239180,Pareiodon microps,non-type,head,0.04425,AMNH-MIF,NA,NA,NA,,0.286,,N.K. Lujan,
Siluriformes,Loricarioidei,Trichomycteridae,Stegophilinae,,,T-,Ste-,Pareiodon,microps,#N/A,#N/A,AMNH_239180,Carrion-feeder,,,,,AMNH 239180,Pareiodon microps,non-type,head,0.01773,AMNH-MIF,yes,yes,yes,,2.200,,N.K. Lujan,
Siluriformes,Loricarioidei,Trichomycteridae,Stegophilinae,,,T-,Ste-,Pareiodon,sp_sharptooth,#N/A,#N/A,ANSP_203560,Carrion-feeder,,,,,ANSP 203560,Pareiodon sp sharptooth,non-type,head,0.00540,AMNH-MIF,yes,yes,yes,,1.680,,"N.K. Lujan, E. Henschel",
Siluriformes,Loricarioidei,Trichomycteridae,Stegophilinae,,,T-,Ste-,Pseudostegophilus,haemomyzon_Mavaca,#N/A,#N/A,AMNH_91377,Parasitic-Scalefeeder,,,,,AMNH 91377,Pseudostegophilus haemomyzon Mavaca,non-type,head,0.01614,AMNH-MIF,yes,yes,yes,,0.903,,N.K. Lujan,
Siluriformes,Loricarioidei,Trichomycteridae,Stegophilinae,,,T-,Ste-,Pseudostegophilus,haemomyzon_Meta,#N/A,#N/A,AUM_28770,Parasitic-Scalefeeder,,,,,AUM 28770,Pseudostegophilus haemomyzon Meta,non-type,whole,0.00641,Mahler SkyScan,yes,yes,yes,,13.070,,N.K. Lujan,
Siluriformes,Loricarioidei,Trichomycteridae,Stegophilinae,,,T-,Ste-,Pseudostegophilus,nemurus,#N/A,#N/A,ANSP_143958,Parasitic-Scalefeeder,,,,,ANSP 143958,Pseudostegophilus nemurus,non-type,head,0.03058,AMNH-MIF,yes,yes,yes,,0.440,,N.K. Lujan,scan also mistakenly referred to as ANSP 142958
Siluriformes,Loricarioidei,Trichomycteridae,Stegophilinae,,,T-,Ste-,Pseudostegophilus,sp_Essequibo,#N/A,#N/A,ANSP_175862,Parasitic-Scalefeeder,,,,,ANSP 175862,Pseudostegophilus sp Essequibo,non-type,head,0.01305,AMNH-MIF,yes,yes,yes,,1.020,,N.K. Lujan,
Siluriformes,Loricarioidei,Trichomycteridae,Stegophilinae,,,T-,Ste-,Pseudostegophilus,sp_Orinoco,#N/A,#N/A,ROM_94102,Parasitic-Scalefeeder,,,,,ROM 94102,Pseudostegophilus sp Orinoco,non-type,whole,0.00570,Mahler SkyScan,yes,yes,yes,,2.580,,N.K. Lujan,
Siluriformes,Loricarioidei,Trichomycteridae,Stegophilinae,,,T-,Ste-,Schultzichthys,bondi_Apure,#N/A,#N/A,AUM_53787,Parasitic-Scalefeeder,,,,,AUM 53787,Schultzichthys bondi Apure,non-type,whole,0.00605,Mahler SkyScan,yes,yes,yes,,13.310,23.3,N.K. Lujan,
Siluriformes,Loricarioidei,Trichomycteridae,Stegophilinae,,,T-,Ste-,Schultzichthys,bondi_Essequibo,#N/A,#N/A,AUM_35869,Parasitic-Scalefeeder,,,,,AUM 35869,Schultzichthys bondi Essequibo,non-type,whole,0.00641,Mahler SkyScan,yes,yes,yes,,9.900,35.8,N.K. Lujan,
Siluriformes,Loricarioidei,Trichomycteridae,Stegophilinae,,,T-,Ste-,Schultzichthys,sp_Ireng,#N/A,#N/A,ANSP_180488,Parasitic-Scalefeeder,,,,,ANSP 180488,Schultzichthys bondi Ireng,non-type,head,0.01305,AMNH-MIF,yes,yes,yes,,1.020,,N.K. Lujan,
Siluriformes,Loricarioidei,Trichomycteridae,Stegophilinae,,,T-,Ste-,Schultzichthys,bondi_Meta,#N/A,#N/A,AUM_35430,Parasitic-Scalefeeder,,,,,AUM 35430,Schultzichthys bondi Meta,non-type,whole,0.00641,Mahler SkyScan,yes,yes,yes,,13.070,45.3,N.K. Lujan,
Siluriformes,Loricarioidei,Trichomycteridae,Stegophilinae,,,T-,Ste-,Schultzichthys,bondi_Takutu,#N/A,#N/A,AUM_38249,Parasitic-Scalefeeder,,,,,AUM 38249,Schultzichthys bondi Takutu,non-type,whole,0.00641,Mahler SkyScan,yes,yes,yes,,9.900,37.1,N.K. Lujan,
Siluriformes,Loricarioidei,Trichomycteridae,Stegophilinae,,,T-,Ste-,Schultzichthys,bondi_Ventuari,#N/A,#N/A,AUM_41490,Parasitic-Scalefeeder,,,,,AUM 41490,Schultzichthys bondi Ventuari,non-type,whole,0.00534,Mahler SkyScan,yes,yes,yes,,2.340,18.1,N.K. Lujan,
Siluriformes,Loricarioidei,Trichomycteridae,Stegophilinae,,,T-,Ste-,Schultzichthys,sp_Aguarico,#N/A,#N/A,ROM_T29612,Parasitic-Scalefeeder,,,,,ROM T29612,Schultzichthys sp Aguarico,non-type,whole,0.00641,Mahler SkyScan,yes,yes,yes,,9.400,,N.K. Lujan,
Siluriformes,Loricarioidei,Trichomycteridae,Stegophilinae,,,T-,Ste-,Stegophilus,insidiosus,#N/A,#N/A,FMNH_58532,Parasitic-Scalefeeder,,,,,FMNH 58532,Stegophilus insidiosus,non-type,head,0.00571,AMNH-MIF,yes,yes,yes,,1.280,,N.K. Lujan,
Siluriformes,Loricarioidei,Trichomycteridae,Stegophilinae,,,T-,Ste-,Stegophilus,insidiosus,#N/A,#N/A,BMNH_1875_5_22_1,Parasitic-Scalefeeder,,,,,BMNH 1875.5.22.1,Stegophilus insidiosus,SYNTYPE,whole,0.01379,BMNH,no,yes,yes,,22.700,,BMNH-Rupert Collins,
Siluriformes,Loricarioidei,Trichomycteridae,Trichogeninae,,,T-,Trg-,Trichogenes,longipinnis,#N/A,#N/A,LBP_3862,Invertivore-Midwater,,,,,LBP 3862,Trichogenes longipinnis,non-type,head,0.01459,AMNH-MIF,yes,yes,yes,,1.390,,N.K. Lujan,"Cachoeira do Amor, Atlântico, Ubatuba, São Paulo State, Brazil, 23°21'06.8""S 44°45'48.9""W."
Siluriformes,Loricarioidei,Trichomycteridae,Trichogeninae,,,T-,Trg-,Trichogenes,longipinnis,#N/A,#N/A,UF_118148,Invertivore-Midwater,,,,,UF 118148,Trichogenes longipinnis,non-type,head,0.01060,AMNH-MIF,yes,yes,yes,,2.040,,N.K. Lujan,Rio Camburí near 1 kilometer mark of Rio-Santos Highway; -0.516667 -48.466667
Siluriformes,Loricarioidei,Trichomycteridae,Trichomycterinae,,,T-,Tri-,Bullockia,maldonadoi,#N/A,#N/A,ANSP_180479,Invertivore-Biter,,,,,ANSP 180479,Bullockia maldonadoi,non-type,head,0.01819,AMNH-MIF,yes,yes,yes,,1.410,,N.K. Lujan,
Siluriformes,Loricarioidei,Trichomycteridae,Trichomycterinae,,,T-,Tri-,Cambeva,balios,#N/A,#N/A,LBP_607,Invertivore-Biter,,,,,LBP 607,Cambeva balios,non-type,head,0.01032,AMNH-MIF,yes,yes,yes,,1.430,,N.K. Lujan,
Siluriformes,Loricarioidei,Trichomycteridae,Trichomycterinae,,,T-,Tri-,Eremophilus,mutisi,#N/A,#N/A,AMNH_7072,Invertivore-Biter,,,,,AMNH 7072,Eremophilus mutisi,non-type,head,0.04834,AMNH-MIF,yes,yes,yes,,1.030,,N.K. Lujan,
Siluriformes,Loricarioidei,Trichomycteridae,Trichomycterinae,,,T-,Tri-,Hatcheria,macraei,#N/A,#N/A,AMNH_963,Invertivore-Biter,,,,,AMNH 963,Hatcheria macraei,non-type,head,0.04835,AMNH-MIF,yes,yes,yes,,0.417,,N.K. Lujan,
Siluriformes,Loricarioidei,Trichomycteridae,Trichomycterinae,,,T-,Tri-,Ituglanis,cf_conradi,#N/A,#N/A,AUM_51738,Invertivore-Biter,,,,,AUM 51738,Ituglanis cf conradi,non-type,head,0.00617,AMNH-MIF,yes,yes,yes,,4.460,,"N.K. Lujan, J.W. Armbruster",
Siluriformes,Loricarioidei,Trichomycteridae,Trichomycterinae,,,T-,Tri-,Ituglanis,gracilior,#N/A,#N/A,ROM_95873_T16935,Invertivore-Biter,,,,,ROM 95873 T16935,Ituglanis cf. gracilior,non-type,whole,0.01495,Mahler SkyScan,yes,yes,yes,,2.450,,N.K. Lujan,
Siluriformes,Loricarioidei,Trichomycteridae,Trichomycterinae,,,T-,Tri-,Ituglanis,gracilior,#N/A,#N/A,ROM_95873_T16946,Invertivore-Biter,,,,,ROM 95873 T16946,Ituglanis cf. gracilior,non-type,whole,0.01495,Mahler SkyScan,NA,NA,NA,,1.640,,N.K. Lujan,
Siluriformes,Loricarioidei,Trichomycteridae,Trichomycterinae,,,T-,Tri-,Ituglanis,gracilior,#N/A,#N/A,ROM_110052_T14589,Invertivore-Biter,,,,,ROM 110052 T14589,Ituglanis gracilior,non-type,whole,0.10320,Mahler SkyScan,yes,yes,yes,,2.830,,N.K. Lujan,
Siluriformes,Loricarioidei,Trichomycteridae,Trichomycterinae,,,T-,Tri-,Ituglanis,gracilior,#N/A,#N/A,ROM_110052_T14593,Invertivore-Biter,,,,,ROM 110052 T14593,Ituglanis gracilior,non-type,whole,0.10320,Mahler SkyScan,NA,NA,NA,,3.890,,N.K. Lujan,
Siluriformes,Loricarioidei,Trichomycteridae,Trichomycterinae,,,T-,Tri-,Ituglanis,sp_Iwokrama,#N/A,#N/A,AUM_35868,Invertivore-Biter,,,,,AUM 35868,Ituglanis sp Iwokrama,non-type,head,0.00531,AMNH-MIF,yes,yes,yes,,6.820,,"N.K. Lujan, J.W. Armbruster",
Siluriformes,Loricarioidei,Trichomycteridae,Trichomycterinae,,,T-,Tri-,Ituglanis,sp_Mawarinuma,#N/A,#N/A,AMNH_74439,Invertivore-Biter,,,,,AMNH 74439,Ituglanis sp Mawarinuma,non-type,head,0.01003,AMNH-MIF,yes,yes,yes,,4.210,,"N.K. Lujan, J.W. Armbruster",
Siluriformes,Loricarioidei,Trichomycteridae,Trichomycterinae,,,T-,Tri-,Ituglanis,sp_Nassau,#N/A,#N/A,AUM_51747,Invertivore-Biter,,,,,AUM 51747,Ituglanis sp Nassau,non-type,head,0.00562,AMNH-MIF,yes,yes,yes,,5.030,,N.K. Lujan,
Siluriformes,Loricarioidei,Trichomycteridae,Trichomycterinae,,,T-,Tri-,Ituglanis,sp_Yuruani,#N/A,#N/A,AUM_36635,Invertivore-Biter,,,,,AUM 36635,Ituglanis sp Yuruani,non-type,head,0.00906,AMNH-MIF,yes,yes,yes,,5.310,,"N.K. Lujan, J.W. Armbruster",
Siluriformes,Loricarioidei,Trichomycteridae,Trichomycterinae,,,T-,Tri-,Ituglanis,sp_Yutaje,#N/A,#N/A,AMNH_230902,Invertivore-Biter,,,,,AMNH 230902,Ituglanis sp Yutaje,non-type,head,0.00613,AMNH-MIF,yes,yes,yes,,4.500,,"N.K. Lujan, J.W. Armbruster",
Siluriformes,Loricarioidei,Trichomycteridae,Trichomycterinae,,,T-,Tri-,Ituglanis,sp_Saramacca,#N/A,#N/A,ROM_102348,Invertivore-Biter,,,,,ROM 102348,Ituglanis sp. Saramacca,non-type,whole,0.01032,Mahler SkyScan,yes,yes,yes,,5.210,,N.K. Lujan,
Siluriformes,Loricarioidei,Trichomycteridae,Trichomycterinae,,,T-,Tri-,Ituglanis,sp_Saramacca,#N/A,#N/A,ROM_102348_T22952,Invertivore-Biter,,,,,ROM 102348_T22952,Ituglanis sp. Saramacca,non-type,whole,0.01352,Mahler SkyScan,NA,NA,NA,,7.390,,N.K. Lujan,
Siluriformes,Loricarioidei,Trichomycteridae,Trichomycterinae,,,T-,Tri-,Ituglanis,sp_Saramacca,#N/A,#N/A,ROM_102348_T22954,Invertivore-Biter,,,,,ROM 102348_T22954,Ituglanis sp. Saramacca,non-type,whole,0.01352,Mahler SkyScan,NA,NA,NA,,7.390,,N.K. Lujan,
Siluriformes,Loricarioidei,Trichomycteridae,Trichomycterinae,,,T-,Tri-,Rhizosomichthys,totae,#N/A,#N/A,CAS_SU_37074,Invertivore-Biter,,,,,CAS-SU 37074,Rhizosomichthys totae,PARATYPE,head,0.02265,AMNH-MIF,NA,NA,NA,,3.470,,N.K. Lujan,
Siluriformes,Loricarioidei,Trichomycteridae,Trichomycterinae,,,T-,Tri-,Rhizosomichthys,totae,#N/A,#N/A,MCZ_35744,Invertivore-Biter,,,,,MCZ 35744,Rhizosomichthys totae,PARATYPE,head,0.03700,Digimorph,NA,NA,NA,,1.810,,,
Siluriformes,Loricarioidei,Trichomycteridae,Trichomycterinae,,,T-,Tri-,Scleronema,operculatum,#N/A,#N/A,ANSP_202499,Invertivore-Biter,,,,,ANSP 202499,Scleronema operculatum,non-type,head,0.01614,AMNH-MIF,yes,yes,yes,,0.904,,N.K. Lujan,
Siluriformes,Loricarioidei,Trichomycteridae,Trichomycterinae,,,T-,Tri-,Silvinichthys,bortayro,#N/A,#N/A,AMNH_233621,Invertivore-Biter,,,,,AMNH 233621,Silvinichthys bortayro,non-type,head,0.00447,AMNH-MIF,yes,yes,yes,,4.410,,N.K. Lujan,
Siluriformes,Loricarioidei,Trichomycteridae,Trichomycterinae,,,T-,Tri-,Trichomycterus,alterum,#N/A,#N/A,AMNH_12241,Invertivore-Biter,,,,,AMNH 12241,Trichomycterus alterum,HOLOTYPE,head,0.00575,AMNH-MIF,yes,yes,yes,,12.100,,N.K. Lujan,
Siluriformes,Loricarioidei,Trichomycteridae,Trichomycterinae,,,T-,Tri-,Trichomycterus,boylei,#N/A,#N/A,AMNH_20299,Invertivore-Biter,,,,,AMNH 20299,Trichomycterus boylei,HOLOTYPE,head,0.01304,AMNH-MIF,yes,yes,yes,,6.750,,N.K. Lujan,
Siluriformes,Loricarioidei,Trichomycteridae,Trichomycterinae,,,T-,Tri-,Trichomycterus,celsae,#N/A,#N/A,AUM_63676,Invertivore-Biter,,,,,AUM 63676,Trichomycterus celsae,non-type,whole*,0.00712,Mahler SkyScan,yes,yes,yes,,14.390,49.1,N.K. Lujan,"whole body scanned, available, only head imported"
Siluriformes,Loricarioidei,Trichomycteridae,Trichomycterinae,,,T-,Tri-,Trichomycterus,cf_celsae,#N/A,#N/A,AUM_36672,Invertivore-Biter,,,,,AUM 36672,Trichomycterus cf celsae,non-type,head,0.00567,AMNH-MIF,yes,yes,yes,,14.800,,"N.K. Lujan, J.W. Armbruster",
Siluriformes,Loricarioidei,Trichomycteridae,Trichomycterinae,,,T-,Tri-,Trichomycterus,conradi,#N/A,#N/A,FMNH_53721,Invertivore-Biter,,,,,FMNH 53721,Trichomycterus conradi,HOLOTYPE,whole*,0.00605,Mahler SkyScan,yes,yes,yes,,10.250,33.7,N.K. Lujan,"whole body scanned, available, only head imported"
Siluriformes,Loricarioidei,Trichomycteridae,Trichomycterinae,,,T-,Tri-,Trichomycterus,guianensis,#N/A,#N/A,AUM_62932,Invertivore-Biter,,,,,AUM 62932,Trichomycterus guianensis,non-type,head,0.01466,AMNH-MIF,yes,yes,yes,,7.440,,"N.K. Lujan, J.W. Armbruster",
Siluriformes,Loricarioidei,Trichomycteridae,Trichomycterinae,,,T-,Tri-,Trichomycterus,guianensis,#N/A,#N/A,FMNH_52676,Invertivore-Biter,,,,,FMNH 52676,Trichomycterus guianensis,HOLOTYPE,whole*,0.01139,Mahler SkyScan,yes,yes,yes,,10.880,64.3,N.K. Lujan,"whole body scanned, available, only head imported"
Siluriformes,Loricarioidei,Trichomycteridae,Trichomycterinae,,,T-,Tri-,Trichomycterus,pseudosilvinichthys,#N/A,#N/A,AMNH_233620,Invertivore-Biter,,,,,AMNH 233620,Trichomycterus pseudosilvinichthys,PARATYPE,head,0.00750,AMNH-MIF,yes,yes,yes,,5.740,,N.K. Lujan,
Siluriformes,Loricarioidei,Trichomycteridae,Trichomycterinae,,,T-,Tri-,Trichomycterus,sp_Amaila,#N/A,#N/A,AUM_62733,Invertivore-Biter,,,,,AUM 62733,Trichomycterus sp Amaila,non-type,head,0.02232,AMNH-MIF,yes,yes,yes,,23.500,,"N.K. Lujan, J.W. Armbruster",
Siluriformes,Loricarioidei,Trichomycteridae,Trichomycterinae,,,T-,Tri-,Trichomycterus,sp_Chenapou,#N/A,#N/A,AUM_45399,Invertivore-Biter,,,,,AUM 45399,Trichomycterus sp Chenapou,non-type,head,0.01218,AMNH-MIF,yes,yes,yes,,16.100,,"N.K. Lujan, J.W. Armbruster",
Siluriformes,Loricarioidei,Trichomycteridae,Trichomycterinae,,,T-,Tri-,Trichomycterus,sp_Chirima,#N/A,#N/A,AUM_36681,Invertivore-Biter,,,,,AUM 36681,Trichomycterus sp Chirima,non-type,whole*,0.00712,Mahler SkyScan,yes,yes,yes,,14.390,53.7,N.K. Lujan,"whole body scanned, available, only head imported"
Siluriformes,Loricarioidei,Trichomycteridae,Trichomycterinae,,,T-,Tri-,Trichomycterus,sp_grey,#N/A,#N/A,AUM_93437,Invertivore-Biter,,,,,AUM 93437,Trichomycterus sp grey,non-type,head,0.00755,AMNH-MIF,yes,yes,yes,,6.270,,"N.K. Lujan, J.W. Armbruster",
Siluriformes,Loricarioidei,Trichomycteridae,Trichomycterinae,,,T-,Tri-,Trichomycterus,sp_Guaiaquinima,#N/A,#N/A,AMNH_91134,Invertivore-Biter,,,,,AMNH 91134,Trichomycterus sp Guaiaquinima,non-type,head,0.00991,AMNH-MIF,yes,yes,yes,,6.540,,"N.K. Lujan, J.W. Armbruster",
Siluriformes,Loricarioidei,Trichomycteridae,Trichomycterinae,,,T-,Tri-,Trichomycterus,sp_Kaibarupai,#N/A,#N/A,AUM_67137,Invertivore-Biter,,,,,AUM 67137,Trichomycterus sp Kaibarupai,non-type,head,0.00368,AMNH-MIF,yes,yes,yes,,6.690,,N.K. Lujan,
Siluriformes,Loricarioidei,Trichomycteridae,Trichomycterinae,,,T-,Tri-,Trichomycterus,sp_Kaibarupai,#N/A,#N/A,AUM_67179,Invertivore-Biter,,,,,AUM 67179,Trichomycterus sp Kaibarupai,non-type,head,0.00863,AMNH-MIF,yes,yes,yes,,5.170,,N.K. Lujan,
Siluriformes,Loricarioidei,Trichomycteridae,Trichomycterinae,,,T-,Tri-,Trichomycterus,sp_Kuribrong,#N/A,#N/A,AUM_62742,Invertivore-Biter,,,,,AUM 62742,Trichomycterus sp Kuribrong,non-type,head,0.00846,AMNH-MIF,yes,yes,yes,,12.100,,"N.K. Lujan, J.W. Armbruster",
Siluriformes,Loricarioidei,Trichomycteridae,Trichomycterinae,,,T-,Tri-,Trichomycterus,sp_Mareman_Paru,#N/A,#N/A,AUM_36615,Invertivore-Biter,,,,,AUM 36615,Trichomycterus sp Mareman Paru,non-type,head,0.01061,AMNH-MIF,yes,yes,yes,,6.600,,"N.K. Lujan, J.W. Armbruster",
Siluriformes,Loricarioidei,Trichomycteridae,Trichomycterinae,,,T-,Tri-,Trichomycterus,sp_Mazaruni,#N/A,#N/A,UMMZ_252102_6,Invertivore-Biter,,,,,UMMZ 252102_6,Trichomycterus sp Mazaruni,non-type,head,0.01072,UMMZ,yes,yes,yes,,1.470,,"N.K.Lujan, H. Lopez Fernandez",
Siluriformes,Loricarioidei,Trichomycteridae,Trichomycterinae,,,T-,Tri-,Trichomycterus,sp_Mazaruni,#N/A,#N/A,UMMZ_252102_6,Invertivore-Biter,,,,,UMMZ 252102_6,Trichomycterus sp Mazaruni,non-type,whole,0.01511,UMMZ,NA,NA,NA,,1.960,,"N.K.Lujan, H. Lopez Fernandez",
Siluriformes,Loricarioidei,Trichomycteridae,Trichomycterinae,,,T-,Tri-,Trichomycterus,sp_Mazaruni,#N/A,#N/A,UMMZ_252102_7,Invertivore-Biter,,,,,UMMZ 252102_7,Trichomycterus sp Mazaruni,non-type,head,0.01193,UMMZ,yes,yes,yes,,1.040,,"N.K.Lujan, H. Lopez Fernandez",
Siluriformes,Loricarioidei,Trichomycteridae,Trichomycterinae,,,T-,Tri-,Trichomycterus,sp_Mazaruni,#N/A,#N/A,UMMZ_252102_7,Invertivore-Biter,,,,,UMMZ 252102_7,Trichomycterus sp Mazaruni,non-type,whole,0.01788,UMMZ,NA,NA,NA,,1.660,,"N.K.Lujan, H. Lopez Fernandez",
Siluriformes,Loricarioidei,Trichomycteridae,Trichomycterinae,,,T-,Tri-,Trichomycterus,sp_Mazaruni,#N/A,#N/A,BMNH_1972_2_9_5,Invertivore-Biter,,,,,BMNH 1972.2.9.5,Trichomycterus sp Mazaruni,non-type,whole,0.01379,BMNH,yes,yes,yes,,23.800,,BMNH-Rupert Collins,
Siluriformes,Loricarioidei,Trichomycteridae,Trichomycterinae,,,T-,Tri-,Trichomycterus,sp_Moyow,#N/A,#N/A,AUM_62949,Invertivore-Biter,,,,,AUM 62949,Trichomycterus sp Moyow,non-type,head,0.01022,AMNH-MIF,yes,yes,yes,,4.370,,N.K. Lujan,
Siluriformes,Loricarioidei,Trichomycteridae,Trichomycterinae,,,T-,Tri-,Trichomycterus,sp_Moyow,#N/A,#N/A,ROM_95880,Invertivore-Biter,,,,,ROM 95880,Trichomycterus sp Moyow,non-type,whole*,0.01495,Mahler SkyScan,NA,NA,NA,,11.810,83.2,N.K. Lujan,"whole body scanned, available, only head imported"
Siluriformes,Loricarioidei,Trichomycteridae,Trichomycterinae,,,T-,Tri-,Trichomycterus,sp_Orokang,#N/A,#N/A,AUM_35590,Invertivore-Biter,,,,,AUM 35590,Trichomycterus sp Orokang,non-type,head,0.00713,AMNH-MIF,yes,yes,yes,,6.850,,"N.K. Lujan, J.W. Armbruster",
Siluriformes,Loricarioidei,Trichomycteridae,Trichomycterinae,,,T-,Tri-,Trichomycterus,sp_Sukwabi,#N/A,#N/A,AUM_67129,Invertivore-Biter,,,,,AUM 67129,Trichomycterus sp Sukwabi,non-type,head,0.00705,AMNH-MIF,yes,yes,yes,,7.940,,N.K. Lujan,
Siluriformes,Loricarioidei,Trichomycteridae,Trichomycterinae,,,T-,Tri-,Trichomycterus,sp_Sukwabi1,#N/A,#N/A,AUM_67172,Invertivore-Biter,,,,,AUM 67172,Trichomycterus sp Sukwabi1,non-type,head,0.00944,AMNH-MIF,yes,yes,yes,,7.140,,"N.K. Lujan, J.W. Armbruster",
Siluriformes,Loricarioidei,Trichomycteridae,Trichomycterinae,,,T-,Tri-,Trichomycterus,sp_Sukwabi2,#N/A,#N/A,AUM_67194,Invertivore-Biter,,,,,AUM 67194,Trichomycterus sp Sukwabi2,non-type,head,0.00648,AMNH-MIF,yes,yes,yes,,6.140,,"N.K. Lujan, J.W. Armbruster",
Siluriformes,Loricarioidei,Trichomycteridae,Trichomycterinae,,,T-,Tri-,Trichomycterus,sp_Takutu,#N/A,#N/A,AUM_62949,Invertivore-Biter,,,,,AUM 62949,Trichomycterus sp Takutu,non-type,whole*,0.01495,Mahler SkyScan,NA,NA,NA,,11.810,120.9,N.K. Lujan,"whole body scanned, available, only head imported"
Siluriformes,Loricarioidei,Trichomycteridae,Trichomycterinae,,,T-,Tri-,Trichomycterus,sp_Takutu,#N/A,#N/A,ROM_95880,Invertivore-Biter,,,,,ROM 95880,Trichomycterus sp Takutu,non-type,head,0.00936,AMNH-MIF,yes,yes,yes,,7.260,,N.K. Lujan,
Siluriformes,Loricarioidei,Trichomycteridae,Trichomycterinae,,,T-,Tri-,Trichomycterus,sp_Titicaca1,#N/A,#N/A,AMNH_20351,Invertivore-Biter,,,,,AMNH 20351,Trichomycterus sp Titicaca1,non-type,head,0.02760,AMNH-MIF,yes,yes,yes,,0.297,,N.K. Lujan,
Siluriformes,Loricarioidei,Trichomycteridae,Trichomycterinae,,,T-,Tri-,Trichomycterus,sp_Titicaca2,#N/A,#N/A,AMNH_218131,Invertivore-Biter,,,,,AMNH 218131,Trichomycterus sp Titicaca2,non-type,head,0.01421,AMNH-MIF,yes,yes,yes,,8.660,,N.K. Lujan,
Siluriformes,Loricarioidei,Trichomycteridae,Trichomycterinae,,,T-,Tri-,Trichomycterus,sp_Yuruani,#N/A,#N/A,AUM_36634,Invertivore-Biter,,,,,AUM 36634,Trichomycterus sp Yuruani,non-type,head,0.00801,AMNH-MIF,yes,yes,yes,,5.720,,"N.K. Lujan, J.W. Armbruster",
Siluriformes,Loricarioidei,Trichomycteridae,Trichomycterinae,,,T-,Tri-,Trichomycterus,yuska,#N/A,#N/A,AMNH_232397,Invertivore-Biter,,,,,AMNH 232397,Trichomycterus yuska,PARATYPE,head,0.01211,AMNH-MIF,yes,yes,yes,,5.940,,N.K. Lujan,
Siluriformes,Loricarioidei,Trichomycteridae,Tridentinae,,,T-,Trd-,Miuroglanis,platycephalus,#N/A,#N/A,ANSP_206004,Parasitic-Scalefeeder,,,,,ANSP 206004,Miuroglanis platycephalus,non-type,head,0.00379,Morphosource,yes,yes,yes,,3.330,,Morphosource,
Siluriformes,Loricarioidei,Trichomycteridae,Tridentinae,,,T-,Trd-,Rhinotridens,chromocaudatus,#N/A,#N/A,USNM_301669,Parasitic-Scalefeeder,,,,,USNM 301669,Rhinotridens chromocaudatus,non-type,head,0.00308,AMNH-MIF,yes,yes,yes,,1.060,,N.K. Lujan,
Siluriformes,Loricarioidei,Trichomycteridae,Tridentinae,,,T-,Trd-,Tridens,melanops,#N/A,#N/A,MCZ_156638,Parasitic-Scalefeeder,,,,,MCZ 156638 (ex MCZ 8137),Tridens melanops,SYNTYPE,head,0.00158,AMNH-MIF,yes,yes,yes,,6.910,,N.K. Lujan,
Siluriformes,Loricarioidei,Trichomycteridae,Tridentinae,,,T-,Trd-,Tridens,melanops,#N/A,#N/A,BMNH_1889_11_14_73,Parasitic-Scalefeeder,,,,,BMNH 1889.11.14.73,Tridens melanops,SYNTYPE,whole,0.01379,BMNH,NA,NA,NA,,21.500,,BMNH-Rupert Collins,
Siluriformes,Loricarioidei,Trichomycteridae,Tridentinae,,,T-,Trd-,Tridens,melanops,#N/A,#N/A,BMNH_1889_11_14_73,Parasitic-Scalefeeder,,,,,BMNH 1889.11.14.73,Tridens melanops,SYNTYPE,head,0.00163,BMNH,no,yes,yes,,15.100,,BMNH-Rupert Collins,
Siluriformes,Loricarioidei,Trichomycteridae,Tridentinae,,,T-,Trd-,Tridensimilis,venezuelae,#N/A,#N/A,ANSP_200806,Parasitic-Scalefeeder,,,,,ANSP 200806,Tridensimilis venezuelae,non-type,head,0.00379,AMNH-MIF,yes,yes,yes,,1.160,,N.K. Lujan,scan also mistakenly referred to as ANSP 200896
Siluriformes,Loricarioidei,Trichomycteridae,Tridentinae,,,T-,Trd-,Tridentopsis,cahuali,#N/A,#N/A,AMNH_223161,Parasitic-Scalefeeder,,,,,AMNH 223161,Tridentopsis cahuali,non-type,head,0.00946,AMNH-MIF,yes,yes,yes,,0.283,,N.K. Lujan,
Siluriformes,Loricarioidei,Trichomycteridae,Tridentinae,,,T-,Trd-,Tridentopsis,sp_Mamore,#N/A,#N/A,AMNH_77577,Parasitic-Scalefeeder,,,,,AMNH 77577,Tridentopsis sp Mamore,non-type,head,0.00640,AMNH-MIF,yes,yes,yes,,1.120,,N.K. Lujan,
Siluriformes,Loricarioidei,Trichomycteridae,Tridentinae,,,T-,Trd-,Tridentopsis,sp_Ucayali,#N/A,#N/A,AMNH_78075,Parasitic-Scalefeeder,,,,,AMNH 78075,Tridentopsis sp Ucayali,non-type,head,0.00418,AMNH-MIF,yes,yes,yes,,0.202,,N.K. Lujan,
Siluriformes,Loricarioidei,Trichomycteridae,Tridentinae,,,T-,Trd-,Tridentopsis,sp_Ucayali,#N/A,#N/A,AMNH_78075,Parasitic-Scalefeeder,,,,,AMNH 78075,Tridentopsis sp Ucayali,non-type,head,0.00418,AMNH-MIF,yes,yes,yes,,2.120,,N.K. Lujan,
Siluriformes,Loricarioidei,Trichomycteridae,Vandelliinae,,,T-,Van-,Paracanthopoma,irritans,#N/A,#N/A,MCP_36219,Parasitic-Bloodfeeder,,,,,MCP 36219,Paracanthopoma irritans,non-type,whole,0.00463,AMNH-MIF,NA,NA,NA,,70.600,,"N.K. Lujan, E. Henschel, J. Baskin",two specimens in scan
Siluriformes,Loricarioidei,Trichomycteridae,Vandelliinae,,,T-,Van-,Paracanthopoma,irritans,#N/A,#N/A,MCP_36219,Parasitic-Bloodfeeder,,,,,MCP 36219,Paracanthopoma irritans,non-type,head,0.00314,AMNH-MIF,yes,yes,yes,,1.850,,"N.K. Lujan, E. Henschel, J. Baskin",
Siluriformes,Loricarioidei,Trichomycteridae,Vandelliinae,,,T-,Van-,Paracanthopoma,sp2_Pirara,#N/A,#N/A,ROM_86291,Parasitic-Bloodfeeder,,,,,ROM 86291,Paracanthopoma irritans Pirara,non-type,whole,0.00386,AMNH-MIF,NA,NA,NA,,81.400,,"N.K. Lujan, E. Henschel, J. Baskin",
Siluriformes,Loricarioidei,Trichomycteridae,Vandelliinae,,,T-,Van-,Paracanthopoma,sp2_Pirara,#N/A,#N/A,ROM_86291,Parasitic-Bloodfeeder,,,,,ROM 86291,Paracanthopoma irritans Pirara,non-type,head,0.00321,AMNH-MIF,yes,yes,yes,,1.200,,"N.K. Lujan, E. Henschel, J. Baskin",
Siluriformes,Loricarioidei,Trichomycteridae,Vandelliinae,,,T-,Van-,Paracanthopoma,sp7_Brazil,#N/A,#N/A,MZUSP_30408,Parasitic-Bloodfeeder,,,,,MZUSP 30408,Paracanthopoma jiparanaensis Brazil,MS TYPE,head,0.00326,AMNH-MIF,yes,yes,yes,,5.630,,"N.K. Lujan, E. Henschel, J. Baskin",
Siluriformes,Loricarioidei,Trichomycteridae,Vandelliinae,,,T-,Van-,Paracanthopoma,sp7_Brazil,#N/A,#N/A,MZUSP_30408,Parasitic-Bloodfeeder,,,,,MZUSP 30408,Paracanthopoma jiparanaensis Brazil,MS TYPE,whole,0.00570,Mahler SkyScan,NA,NA,NA,,1.160,,N.K. Lujan,
Siluriformes,Loricarioidei,Trichomycteridae,Vandelliinae,,,T-,Van-,Paracanthopoma,sp7_Brazil,#N/A,#N/A,MZUSP_30408,Parasitic-Bloodfeeder,,,,,MZUSP 30408,Paracanthopoma jiparanaensis Brazil,MS TYPE,whole,0.00570,Mahler SkyScan,NA,NA,NA,,1.810,,N.K. Lujan,
Siluriformes,Loricarioidei,Trichomycteridae,Vandelliinae,,,T-,Van-,Paracanthopoma,malevola,#N/A,#N/A,MCP_36221,Parasitic-Bloodfeeder,,,,,MCP 36221,Paracanthopoma malevola,non-type,whole,0.00521,AMNH-MIF,NA,NA,NA,,70.500,,"N.K. Lujan, E. Henschel, J. Baskin",two specimens in scan
Siluriformes,Loricarioidei,Trichomycteridae,Vandelliinae,,,T-,Van-,Paracanthopoma,malevola,#N/A,#N/A,MCP_36221,Parasitic-Bloodfeeder,,,,,MCP 36221,Paracanthopoma malevola,non-type,whole,0.01051,AMNH-MIF,NA,NA,NA,,0.615,,"N.K. Lujan, E. Henschel, J. Baskin",
Siluriformes,Loricarioidei,Trichomycteridae,Vandelliinae,,,T-,Van-,Paracanthopoma,malevola,#N/A,#N/A,MCP_36223,Parasitic-Bloodfeeder,,,,,MCP 36223,Paracanthopoma malevola,non-type,head,0.00366,AMNH-MIF,yes,yes,yes,,1.610,,"N.K. Lujan, E. Henschel, J. Baskin",
Siluriformes,Loricarioidei,Trichomycteridae,Vandelliinae,,,T-,Van-,Paracanthopoma,parva_Berbice,#N/A,#N/A,ROM_87072,Parasitic-Bloodfeeder,,,,,ROM 87072,Paracanthopoma parva Berbice,non-type,whole,0.00580,AMNH-MIF,NA,NA,NA,,12.900,,"N.K. Lujan, E. Henschel, J. Baskin",
Siluriformes,Loricarioidei,Trichomycteridae,Vandelliinae,,,T-,Van-,Paracanthopoma,parva_Berbice,#N/A,#N/A,ROM_87072,Parasitic-Bloodfeeder,,,,,ROM 87072,Paracanthopoma parva Berbice,non-type,head,0.00580,AMNH-MIF,yes,yes,yes,,13.000,,"N.K. Lujan, E. Henschel, J. Baskin",
Siluriformes,Loricarioidei,Trichomycteridae,Vandelliinae,,,T-,Van-,Paracanthopoma,parva_Catrymany,#N/A,#N/A,IRSNB_43,Parasitic-Bloodfeeder,,,,,IRSNB 43,Paracanthopoma parva Catrymany,LECTOTYPE,whole,0.00708,IRSNB,NA,NA,NA,,15.900,,"N.K. Lujan, E. Henschel, J. Baskin",two specimens in scan
Siluriformes,Loricarioidei,Trichomycteridae,Vandelliinae,,,T-,Van-,Paracanthopoma,parva_Catrymany,#N/A,#N/A,IRSNB_43,Parasitic-Bloodfeeder,,,,,IRSNB 43,Paracanthopoma parva Catrymany,LECTOTYPE,head,0.00708,IRSNB,yes,yes,yes,,15.900,,"N.K. Lujan, E. Henschel, J. Baskin",top
Siluriformes,Loricarioidei,Trichomycteridae,Vandelliinae,,,T-,Van-,Paracanthopoma,parva_Catrymany,#N/A,#N/A,IRSNB_602,Parasitic-Bloodfeeder,,,,,IRSNB 602,Paracanthopoma parva Catrymany,PARALECTOTYPE,head,0.00708,IRSNB,NA,NA,NA,,15.900,,"N.K. Lujan, E. Henschel, J. Baskin",bottom
Siluriformes,Loricarioidei,Trichomycteridae,Vandelliinae,,,T-,Van-,Paracanthopoma,parva_Catrymany,#N/A,#N/A,IRSNB_602,Parasitic-Bloodfeeder,,,,,IRSNB 602,Paracanthopoma parva Catrymany,PARALECTOTYPE,whole,0.00708,IRSNB,NA,NA,NA,,15.900,,"N.K. Lujan, E. Henschel, J. Baskin",two specimens in scan
Siluriformes,Loricarioidei,Trichomycteridae,Vandelliinae,,,T-,Van-,Paracanthopoma,parva_Ireng,#N/A,#N/A,AUM_35880,Parasitic-Bloodfeeder,,,,,AUM 35880,Paracanthopoma parva Ireng,non-type,head,0.00635,AMNH-MIF,yes,yes,yes,,1.270,,"N.K. Lujan, E. Henschel, J. Baskin",
Siluriformes,Loricarioidei,Trichomycteridae,Vandelliinae,,,T-,Van-,Paracanthopoma,parva_Rupununi,#N/A,#N/A,AUM_48364,Parasitic-Bloodfeeder,,,,,AUM 48364,Paracanthopoma parva Rupununi,non-type,head,0.00515,AMNH-MIF,yes,yes,yes,,1.410,,"N.K. Lujan, E. Henschel, J. Baskin",
Siluriformes,Loricarioidei,Trichomycteridae,Vandelliinae,,,T-,Van-,Paracanthopoma,truculenta,#N/A,#N/A,ANSP_180555,Parasitic-Bloodfeeder,,,,,ANSP 180555,Paracanthopoma truculenta,non-type,whole,0.00736,AMNH-MIF,NA,NA,NA,,63.600,,"N.K. Lujan, E. Henschel, J. Baskin",
Siluriformes,Loricarioidei,Trichomycteridae,Vandelliinae,,,T-,Van-,Paracanthopoma,truculenta,#N/A,#N/A,ANSP_180555,Parasitic-Bloodfeeder,,,,,ANSP 180555,Paracanthopoma truculenta,non-type,head,0.00736,AMNH-MIF,yes,yes,yes,,1.140,,"N.K. Lujan, E. Henschel, J. Baskin",
Siluriformes,Loricarioidei,Trichomycteridae,Vandelliinae,,,T-,Van-,Paracanthopoma,truculenta,#N/A,#N/A,FMNH_94495,Parasitic-Bloodfeeder,,,,,FMNH 94495,Paracanthopoma truculenta,non-type,head,0.00674,AMNH-MIF,yes,yes,yes,,6.380,,"N.K. Lujan, E. Henschel, J. Baskin",
Siluriformes,Loricarioidei,Trichomycteridae,Vandelliinae,,,T-,Van-,Paracanthopoma,truculenta,#N/A,#N/A,FMNH_94497,Parasitic-Bloodfeeder,,,,,FMNH 94497,Paracanthopoma truculenta,non-type,head,0.00376,AMNH-MIF,yes,yes,yes,,6.000,,"N.K. Lujan, E. Henschel, J. Baskin",
Siluriformes,Loricarioidei,Trichomycteridae,Vandelliinae,,,T-,Van-,Paracanthopoma,sp4_Brazil,#N/A,#N/A,MZUSP_30405,Parasitic-Bloodfeeder,,,,,MZUSP 30405,Paracanthopoma truculenta Brazil,non-type,head,0.00398,AMNH-MIF,yes,yes,yes,,4.000,,"N.K. Lujan, E. Henschel, J. Baskin",
Siluriformes,Loricarioidei,Trichomycteridae,Vandelliinae,,,T-,Van-,Paracanthopoma,sp3_Manapiare,#N/A,#N/A,AUM_53660,Parasitic-Bloodfeeder,,,,,AUM 53660,Paracanthopoma ventuarensis Manapiare,MS TYPE,head,0.00295,AMNH-MIF,yes,yes,yes,,1.250,,"N.K. Lujan, E. Henschel, J. Baskin",
Siluriformes,Loricarioidei,Trichomycteridae,Vandelliinae,,,T-,Van-,Paracanthopoma,sp3_Portuguesa,#N/A,#N/A,MBUCV_8373,Parasitic-Bloodfeeder,,,,,MBUCV 8373,Paracanthopoma ventuarensis Portuguesa,MS TYPE,head,0.00314,AMNH-MIF,yes,yes,yes,,3.960,,"N.K. Lujan, E. Henschel, J. Baskin",
Siluriformes,Loricarioidei,Trichomycteridae,Vandelliinae,,,T-,Van-,Paracanthopoma,sp3_Ventuari,#N/A,#N/A,AUM_54333,Parasitic-Bloodfeeder,,,,,AUM 54333,Paracanthopoma ventuarensis Ventuari,MS TYPE,whole,0.00708,AMNH-MIF,NA,NA,NA,,61.700,,"N.K. Lujan, E. Henschel, J. Baskin",
Siluriformes,Loricarioidei,Trichomycteridae,Vandelliinae,,,T-,Van-,Paracanthopoma,sp3_Ventuari,#N/A,#N/A,AUM_54333,Parasitic-Bloodfeeder,,,,,AUM 54333,Paracanthopoma ventuarensis Ventuari,MS TYPE,head,0.00563,AMNH-MIF,yes,yes,yes,,1.000,,"N.K. Lujan, E. Henschel, J. Baskin",
Siluriformes,Loricarioidei,Trichomycteridae,Vandelliinae,,,T-,Van-,Paravandellia,alleynei,#N/A,#N/A,AMNH_72898,Parasitic-Bloodfeeder,,,,,AMNH 72898,Paravandellia alleynei,HOLOTYPE,whole,0.00674,AMNH-MIF,NA,NA,NA,,62.800,,"N.K. Lujan, E. Henschel, J. Baskin",
Siluriformes,Loricarioidei,Trichomycteridae,Vandelliinae,,,T-,Van-,Paravandellia,alleynei,#N/A,#N/A,AMNH_72898,Parasitic-Bloodfeeder,,,,,AMNH 72898,Paravandellia alleynei,HOLOTYPE,head,0.00276,AMNH-MIF,yes,yes,yes,,10.500,,"N.K. Lujan, E. Henschel, J. Baskin",
Siluriformes,Loricarioidei,Trichomycteridae,Vandelliinae,,,T-,Van-,Paravandellia,brooksi_Aguarico,#N/A,#N/A,ROM_112354,Parasitic-Bloodfeeder,,,,,ROM 112354,Paravandellia brooksi Aguarico,PARATYPE,whole,0.00641,Mahler SkyScan,yes,yes,yes,,4.070,,N.K. Lujan,specimen previous identified by tissue number T29610
Siluriformes,Loricarioidei,Trichomycteridae,Vandelliinae,,,T-,Van-,Paravandellia,brooksi_Brazil,#N/A,#N/A,MZUSP_35612,Parasitic-Bloodfeeder,,,,,MZUSP 35612,Paravandellia brooksi Brazil,PARATYPE,head,0.00232,AMNH-MIF,yes,yes,yes,,3.680,,"N.K. Lujan, E. Henschel, J. Baskin",
Siluriformes,Loricarioidei,Trichomycteridae,Vandelliinae,,,T-,Van-,Paravandellia,brooksi_Orinoco,#N/A,#N/A,AUM_43316,Parasitic-Bloodfeeder,,,,,AUM 43316,Paravandellia brooksi Orinoco,HOLOTYPE,whole,0.00534,Mahler SkyScan,NA,NA,NA,,2.440,,N.K. Lujan,
Siluriformes,Loricarioidei,Trichomycteridae,Vandelliinae,,,T-,Van-,Paravandellia,brooksi_Orinoco,#N/A,#N/A,AUM_43316,Parasitic-Bloodfeeder,,,,,AUM 43316,Paravandellia brooksi Orinoco,HOLOTYPE,head,0.00405,AMNH-MIF,yes,yes,yes,,1.200,,"N.K. Lujan, E. Henschel, J. Baskin",
Siluriformes,Loricarioidei,Trichomycteridae,Vandelliinae,,,T-,Van-,Paravandellia,brooksi_Ventuari,#N/A,#N/A,AUM_54192,Parasitic-Bloodfeeder,,,,,AUM 54192,Paravandellia brooksi Ventuari,PARATYPE,head,0.00534,Mahler SkyScan,NA,NA,NA,,2.340,,N.K. Lujan,
Siluriformes,Loricarioidei,Trichomycteridae,Vandelliinae,,,T-,Van-,Paravandellia,luna_Solimoes,#N/A,#N/A,ANSP_189307,Parasitic-Bloodfeeder,,,,,ANSP 189307,Paravandellia luna Solimoes,PARATYPE,head,0.00189,AMNH-MIF,yes,yes,yes,,16.900,,"N.K. Lujan, E. Henschel, J. Baskin",
Siluriformes,Loricarioidei,Trichomycteridae,Vandelliinae,,,T-,Van-,Paravandellia,oscarleoni_Guapuche,#N/A,#N/A,AUM_56700,Parasitic-Bloodfeeder,,,,,AUM 56700,Paravandellia oscarleoni Guapuche,PARATYPE,whole,0.00534,Mahler SkyScan,NA,NA,NA,,2.440,,N.K. Lujan,
Siluriformes,Loricarioidei,Trichomycteridae,Vandelliinae,,,T-,Van-,Paravandellia,oscarleoni_Guapuche,#N/A,#N/A,AUM_56700,Parasitic-Bloodfeeder,,,,,AUM 56700,Paravandellia oscarleoni Guapuche,PARATYPE,head,0.00408,AMNH-MIF,yes,yes,yes,,1.900,,"N.K. Lujan, E. Henschel, J. Baskin",
Siluriformes,Loricarioidei,Trichomycteridae,Vandelliinae,,,T-,Van-,Paravandellia,oscarleoni_Soromoni,#N/A,#N/A,AUM_57772,Parasitic-Bloodfeeder,,,,,AUM 57772,Paravandellia oscarleoni Soromoni,HOLOTYPE,whole,0.00534,Mahler SkyScan,NA,NA,NA,,2.560,,N.K. Lujan,
Siluriformes,Loricarioidei,Trichomycteridae,Vandelliinae,,,T-,Van-,Paravandellia,oscarleoni_Soromoni,#N/A,#N/A,AUM_57772,Parasitic-Bloodfeeder,,,,,AUM 57772,Paravandellia oscarleoni Soromoni,HOLOTYPE,head,0.00369,AMNH-MIF,yes,yes,yes,,1.990,,"N.K. Lujan, E. Henschel, J. Baskin",
Siluriformes,Loricarioidei,Trichomycteridae,Vandelliinae,,,T-,Van-,Paravandellia,oscarleoni_Yutaje,#N/A,#N/A,AMNH_230907,Parasitic-Bloodfeeder,,,,,AMNH 230907,Paravandellia oscarleoni Yutaje,PARATYPE,whole,0.00534,Mahler SkyScan,NA,NA,NA,,2.560,,N.K. Lujan,
Siluriformes,Loricarioidei,Trichomycteridae,Vandelliinae,,,T-,Van-,Paravandellia,oscarleoni_Yutaje,#N/A,#N/A,AMNH_230907,Parasitic-Bloodfeeder,,,,,AMNH 230907,Paravandellia oscarleoni Yutaje,PARATYPE,head,0.00375,AMNH-MIF,yes,yes,yes,,1.220,,"N.K. Lujan, E. Henschel, J. Baskin",
Siluriformes,Loricarioidei,Trichomycteridae,Vandelliinae,,,T-,Van-,Paravandellia,oxyptera,#N/A,#N/A,BMNH_1944_3_3_10,Parasitic-Bloodfeeder,,,,,BMNH 1944.3.3.10,Paravandellia oxyptera,PARATYPE,whole,0.00594,BMNH-Rupert Collins,NA,NA,NA,,35.430,,,missing COTYPE of Parabranchioica teaguei
Siluriformes,Loricarioidei,Trichomycteridae,Vandelliinae,,,T-,Van-,Paravandellia,oxyptera,#N/A,#N/A,BMNH_1944_3_3_10,Parasitic-Bloodfeeder,,,,,BMNH 1944.3.3.10,Paravandellia oxyptera,PARATYPE,head,0.00219,BMNH-Rupert Collins,yes,yes,yes,,16.240,,,missing COTYPE of Parabranchioica teaguei
Siluriformes,Loricarioidei,Trichomycteridae,Vandelliinae,,,T-,Van-,Paravandellia,oxyptera,#N/A,#N/A,BMNH_1956_11_14_1_20,Parasitic-Bloodfeeder,,,,,BMNH 1956.11.14.1-20,Paravandellia oxyptera,non-type,whole,0.00733,BMNH-Rupert Collins,yes,yes,yes,,67.370,,,specimen originally identified as Branchioica bertoni
Siluriformes,Loricarioidei,Trichomycteridae,Vandelliinae,,,T-,Van-,Paravandellia,oxyptera,#N/A,#N/A,MCP_46576,Parasitic-Bloodfeeder,,,,,MCP 46576,Paravandellia oxyptera,non-type,head,0.00230,AMNH-MIF,yes,yes,yes,,7.880,,N.K. Lujan,
Siluriformes,Loricarioidei,Trichomycteridae,Vandelliinae,,,T-,Van-,Paravandellia,oxyptera,#N/A,#N/A,USNM_296084,Parasitic-Bloodfeeder,,,,,USNM 296084,Paravandellia oxyptera,non-type,whole,0.00339,AMNH-MIF,NA,NA,NA,,61.200,,"N.K. Lujan, E. Henschel, J. Baskin",
Siluriformes,Loricarioidei,Trichomycteridae,Vandelliinae,,,T-,Van-,Paravandellia,oxyptera,#N/A,#N/A,USNM_296084,Parasitic-Bloodfeeder,,,,,USNM 296084,Paravandellia oxyptera,non-type,head,0.00336,AMNH-MIF,yes,yes,yes,,3.620,,"N.K. Lujan, E. Henschel, J. Baskin",
Siluriformes,Loricarioidei,Trichomycteridae,Vandelliinae,,,T-,Van-,Paravandellia,phaneronema_Baudo,#N/A,#N/A,ROM_NKL_19_415,Parasitic-Bloodfeeder,,,,,ROM NKL-19-415,Paravandellia phaneronema Baudo,non-type,head,0.00522,AMNH-MIF,yes,yes,yes,,1.570,,"N.K. Lujan, E. Henschel, J. Baskin",
Siluriformes,Loricarioidei,Trichomycteridae,Vandelliinae,,,T-,Van-,Paravandellia,phaneronema_Cauca,#N/A,#N/A,AOL_498_499,Parasitic-Bloodfeeder,,,,,ROM 112356,Paravandellia phaneronema Cauca,non-type,whole,0.00718,AMNH-MIF,NA,NA,NA,,66.200,,"N.K. Lujan, E. Henschel, J. Baskin",two specimens in scan
Siluriformes,Loricarioidei,Trichomycteridae,Vandelliinae,,,T-,Van-,Paravandellia,phaneronema_Cauca,#N/A,#N/A,AOL_498,Parasitic-Bloodfeeder,,,,,ROM 112356,Paravandellia phaneronema Cauca,non-type,head,0.00297,AMNH-MIF,yes,yes,yes,,16.000,,"N.K. Lujan, E. Henschel, J. Baskin",
Siluriformes,Loricarioidei,Trichomycteridae,Vandelliinae,,,T-,Van-,Plectrochilus,diabolicus,#N/A,#N/A,ROM_T28765,Parasitic-Bloodfeeder,,,,,ROM T28765,Vampyroglanis diabolicus,non-type,head,0.00605,Mahler SkyScan,yes,yes,yes,,19.000,,N.K. Lujan,
Siluriformes,Loricarioidei,Trichomycteridae,Vandelliinae,,,T-,Van-,Plectrochilus,new_species,#N/A,#N/A,ANSP_197254,Parasitic-Bloodfeeder,,,,,ANSP 197254,Vampyroglanis new species,non-type,head,0.02245,AMNH-MIF,yes,yes,yes,,1.070,,N.K. Lujan,
Siluriformes,Loricarioidei,Trichomycteridae,Vandelliinae,,,T-,Van-,Plectrochilus,new_species,#N/A,#N/A,ICN_MHN_6404,Parasitic-Bloodfeeder,,,,,ICN-MHN 6404,Vampyroglanis new species,non-type,head,0.00827,AMNH-MIF,yes,yes,yes,,32.500,,N.K. Lujan,
Siluriformes,Loricarioidei,Trichomycteridae,Vandelliinae,,,T-,Van-,Plectrochilus,new_species,#N/A,#N/A,ICN_MHN_6404,Parasitic-Bloodfeeder,,,,,ICN-MHN 6404,Vampyroglanis new species,non-type,head,0.00855,AMNH-MIF,yes,yes,yes,,5.710,,N.K. Lujan,iodine stained
Siluriformes,Loricarioidei,Trichomycteridae,Vandelliinae,,,T-,Van-,Plectrochilus,nosferatu,#N/A,#N/A,MPEG_3359,Parasitic-Bloodfeeder,,,,,MPEG 3359,Vampyroglanis nosferatu,paratype,head,0.00596,MZUSP,yes,yes,yes,,2.090,,Mario de Pinna and N.K. Lujan,
Siluriformes,Loricarioidei,Trichomycteridae,Vandelliinae,,,T-,Van-,Vandellia,beccarii,#N/A,#N/A,AUM_48481,Parasitic-Bloodfeeder,,,,,AUM 48481,Vandellia beccarii,non-type,head,0.02056,AMNH-MIF,yes,yes,yes,,0.211,,N.K. Lujan,
Siluriformes,Loricarioidei,Trichomycteridae,Vandelliinae,,,T-,Van-,Vandellia,nsp,#N/A,#N/A,AMNH_43119,Parasitic-Bloodfeeder,,,,,AMNH 43119,Vandellia nsp,non-type,head,0.01375,AMNH-MIF,yes,yes,yes,,0.479,,N.K. Lujan,
Siluriformes,Loricarioidei,Trichomycteridae,Vandelliinae,,,T-,Van-,Vandellia,sp_1_Napo,#N/A,#N/A,ROM_ECU21_16_T28767,Parasitic-Bloodfeeder,,,,,ROM ECU21-16: T28767,Vandellia sp 1 Napo,non-type,whole,0.00676,Mahler SkyScan,NA,NA,NA,,15.150,,N.K. Lujan,"in scan with: Vandellia sp. T28776, Schultzichthys AUM 40976"
Siluriformes,Loricarioidei,Trichomycteridae,Vandelliinae,,,T-,Van-,Vandellia,sp_1_Napo,#N/A,#N/A,ROM_ECU21_16_T28767,Parasitic-Bloodfeeder,,,,,ROM ECU21-16: T28767,Vandellia sp 1 Napo,non-type,head,0.00641,Mahler SkyScan,yes,yes,yes,,3.250,,N.K. Lujan,
Siluriformes,Loricarioidei,Trichomycteridae,Vandelliinae,,,T-,Van-,Vandellia,sp_2_Napo,#N/A,#N/A,ROM_ECU21_17_T28776,Parasitic-Bloodfeeder,,,,,ROM ECU21-17: T28776,Vandellia sp 2 Napo,non-type,whole,0.00676,Mahler SkyScan,NA,NA,NA,,15.150,,N.K. Lujan,"in scan with: Vandellia sp. T28767, Schultzichthys AUM 40976"
Siluriformes,Loricarioidei,Trichomycteridae,Vandelliinae,,,T-,Van-,Vandellia,sp_2_Napo,#N/A,#N/A,ROM_ECU21_17_T28776,Parasitic-Bloodfeeder,,,,,ROM ECU21-17: T28776,Vandellia sp 2 Napo,non-type,head,0.00641,Mahler SkyScan,yes,yes,yes,,3.250,,N.K. Lujan,
Siluriformes,Loricarioidei,Trichomycteridae,Vandelliinae,,,T-,Van-,Plectrochilus,new_species,#N/A,#N/A,ICN_MHN_6404,Parasitic-Bloodfeeder,,,,,MNHN_IC_A-9934,Vandellia wieneri,HOLOTYPE,whole,0.02442,MNHN-Paris,yes,yes,yes,,5.620,,MNHN-Paris,
Siluriformes,Siluroidei,Aspredinidae,Aspredininae,,,,,,,,,,,,,,,AMNH 78042,Bunocephalus verrucosus,non-type,whole,0.01245,AMNH-MIF,no,,,,54.400,,N.K. Lujan,
Siluriformes,Siluroidei,Aspredinidae,Hoplomyzontinae,,,,,,,,,,,,,,,ROM 97134,Ernstichthys n.sp. Guyana,MS Type,whole,0.00605,Mahler SkyScan,no,no,no,,7.940,,N.K. Lujan,
Siluriformes,Siluroidei,Aspredinidae,Hoplomyzontinae,,,,,,,,,,,,,,,ROM ECU21-12: T28665,Hoplomyzon papillatus,non-type,whole,0.00570,Mahler SkyScan,NA,NA,NA,,0.867,,N.K. Lujan,
Siluriformes,Siluroidei,Aspredinidae,Hoplomyzontinae,,,,,,,,,,,,,,,ROM ECU22-11: T29370,Hoplomyzon papillatus,non-type,whole,0.00570,Mahler SkyScan,NA,NA,NA,,1.740,,N.K. Lujan,
Siluriformes,Siluroidei,Auchenipteridae,Centromochlinae,,,,,,,,,,,,,,,ROM ECU21-04: T28166,Gelanoglanis n.sp,non-type,whole,0.00570,Mahler SkyScan,no,no,no,,2.620,,N.K. Lujan,
Siluriformes,Siluroidei,Auchenipteridae,Centromochlinae,,,,,,,,,,,,,,,ROM ECU21-04: T28165,Gelanoglanis travieso,non-type,whole,0.00570,Mahler SkyScan,no,no,no,,1.490,,N.K. Lujan,
Siluriformes,Siluroidei,Clariidae,,,,,,,,,,,,,,,,AMNH 251857,Platyllabes tihoni,non-type,head,0.01957,AMNH-MIF,no,,,,0.619,,N.K. Lujan,
Siluriformes,Siluroidei,Diplomystidae,,,,,,,,,,,,,,,,AMNH 55328,Diplomystes chilensis,non-type,head,0.04835,AMNH-MIF,no,,,,0.401,,N.K. Lujan,
Siluriformes,Siluroidei,Heptapteridae,Heptapterinae,,,,,,,,,,,,,,,FMNH 53218,Brachyglanis melas,PARATYPE,head,0.03884,AMNH-MIF,no,,,,1.300,,N.K. Lujan,
Siluriformes,Siluroidei,Heptapteridae,Heptapterinae,,,,,,,,,,,,,,,FMNH 53218,Brachyglanis melas,PARATYPE,whole,0.03884,AMNH-MIF,no,,,,0.425,,N.K. Lujan,
Siluriformes,Siluroidei,Heptapteridae,Heptapterinae,,,,,,,,,,,,,,,AMNH 74388,Brachyglanis nsp7,non-type,head,0.05278,AMNH-MIF,no,,,,0.888,,N.K. Lujan,
Siluriformes,Siluroidei,Heptapteridae,Heptapterinae,,,,,,,,,,,,,,,CAS-SU 21903,Leptorhamdia essequibensis,PARATYPE,head,0.01951,AMNH-MIF,no,,,,1.490,,N.K. Lujan,
Siluriformes,Siluroidei,Heptapteridae,Heptapterinae,,,,,,,,,,,,,,,CAS-SU 21903,Leptorhamdia essequibensis,PARATYPE,whole,0.05904,AMNH-MIF,no,,,,0.218,,N.K. Lujan,
Siluriformes,Siluroidei,Heptapteridae,Heptapterinae,,,,,,,,,,,,,,,AMNH 74405,Leptorhamdia marmorata,non-type,head,0.03389,AMNH-MIF,no,,,,0.980,,N.K. Lujan,
Siluriformes,Siluroidei,Heptapteridae,Heptapterinae,,,,,,,,,,,,,,,AMNH 74405,Leptorhamdia marmorata,non-type,head,0.04720,AMNH-MIF,no,,,,1.130,,N.K. Lujan,
Siluriformes,Siluroidei,Heptapteridae,Heptapterinae,,,,,,,,,,,,,,,MZUSP 109213,Myoglanis potaroensis,non-type,head,0.00695,AMNH-MIF,no,,,,3.780,,N.K. Lujan,
Siluriformes,Siluroidei,Heptapteridae,Heptapterinae,,,,,,,,,,,,,,,MZUSP 109213,Myoglanis potaroensis,non-type,whole,0.01224,AMNH-MIF,no,,,,11.500,,N.K. Lujan,
Siluriformes,Siluroidei,Mochokidae,,,,,,,,,,,,,,,,AMNH 269801,Euchilichthys guentheri,non-type,head,0.02588,AMNH-MIF,no,no,no,,6.240,,N.K. Lujan,
Siluriformes,Siluroidei,Pseudopimelodidae,,,,,,,,,,,,,,,,ROM 110034,Cephalosilurus albomarginatus,non-type,head,0.05485,AMNH-MIF,NA,NA,NA,,0.896,,N.K. Lujan,
Siluriformes,Siluroidei,Sisoridae,,,,,,,,,,,,,,,,AMNH 228023,Oreoglanis infulata,non-type,head,0.03674,AMNH-MIF,yes,yes,yes,,1.110,,N.K. Lujan,